user_id,day_of_week,weather_main,destination,hour,traffic_level,usual_departure_hour
u1,Wednesday,Clear,India Gate,16,Low,18
u1,Thursday,Clouds,Nehru Place Office,8,Medium,8
u1,Friday,Rain,Nehru Place Office,8,Medium,7
u1,Friday,Clear,Nehru Place Office,6,Medium,8
u1,Sunday,Clouds,Nehru Place Office,11,Low,9
u1,Friday,Drizzle,Nehru Place Office,8,High,6
u1,Saturday,Clouds,Nehru Place Office,9,Low,9
u1,Monday,Rain,Connaught Place,8,High,7
u1,Wednesday,Clouds,Connaught Place,8,Medium,9
u1,Thursday,Thunderstorm,Nehru Place Office,6,High,7
u1,Sunday,Clear,Nehru Place Office,10,Low,9
u1,Saturday,Clear,India Gate,19,Low,18
u1,Saturday,Clouds,Connaught Place,8,Low,10
u1,Monday,Rain,Nehru Place Office,8,High,6
u1,Tuesday,Drizzle,Nehru Place Office,10,Medium,7
u1,Thursday,Clear,Nehru Place Office,8,Medium,8
u1,Tuesday,Fog,Nehru Place Office,8,Medium,7
u1,Saturday,Rain,Connaught Place,12,Medium,9
u1,Thursday,Clouds,Nehru Place Office,8,Medium,8
u1,Thursday,Clouds,Connaught Place,9,Medium,9
u1,Friday,Drizzle,Connaught Place,9,Medium,8
u1,Thursday,Clouds,India Gate,18,Low,18
u1,Monday,Clouds,Nehru Place Office,6,Medium,8
u1,Sunday,Clouds,India Gate,16,Low,18
u1,Thursday,Haze,Nehru Place Office,10,Medium,8
u1,Monday,Clouds,Connaught Place,10,Medium,9
u1,Friday,Drizzle,Nehru Place Office,8,Medium,7
u1,Sunday,Haze,Nehru Place Office,8,Medium,9
u1,Monday,Clear,Nehru Place Office,9,Medium,8
u1,Wednesday,Clouds,Connaught Place,9,Medium,9
u1,Tuesday,Clear,Nehru Place Office,10,Medium,8
u1,Thursday,Clouds,Nehru Place Office,8,Medium,8
u1,Thursday,Haze,Nehru Place Office,9,Medium,8
u1,Sunday,Clear,Nehru Place Office,10,Low,9
u1,Saturday,Drizzle,Nehru Place Office,9,Medium,8
u1,Tuesday,Haze,Nehru Place Office,8,Medium,8
u1,Saturday,Thunderstorm,Nehru Place Office,8,Medium,9
u1,Friday,Clear,Nehru Place Office,7,Medium,8
u1,Sunday,Clear,Nehru Place Office,9,Low,9
u1,Tuesday,Rain,Nehru Place Office,8,High,6
u1,Wednesday,Rain,Nehru Place Office,8,High,6
u1,Friday,Clear,Nehru Place Office,6,Medium,8
u1,Monday,Drizzle,Nehru Place Office,7,High,6
u1,Friday,Clear,Nehru Place Office,6,Medium,8
u1,Friday,Clear,Nehru Place Office,9,Medium,8
u1,Monday,Rain,Connaught Place,10,High,7
u1,Friday,Clouds,Nehru Place Office,8,Medium,8
u1,Thursday,Clear,Nehru Place Office,8,Medium,8
u1,Wednesday,Clouds,Connaught Place,10,Medium,9
u1,Tuesday,Fog,Nehru Place Office,6,Medium,7
u1,Thursday,Clouds,Connaught Place,11,Medium,9
u1,Tuesday,Clear,India Gate,18,Low,18
u1,Tuesday,Clear,Nehru Place Office,7,Medium,8
u1,Thursday,Drizzle,Nehru Place Office,8,Medium,7
u1,Wednesday,Clouds,Nehru Place Office,8,Medium,8
u1,Monday,Clouds,Nehru Place Office,8,Medium,8
u1,Friday,Clouds,Connaught Place,7,Medium,9
u1,Wednesday,Clear,Nehru Place Office,7,Medium,8
u1,Wednesday,Clouds,Nehru Place Office,9,Medium,8
u1,Tuesday,Haze,Connaught Place,9,Medium,9
u1,Sunday,Fog,Nehru Place Office,9,Medium,8
u1,Monday,Clear,Nehru Place Office,9,Medium,8
u1,Wednesday,Clear,Connaught Place,9,Medium,9
u1,Tuesday,Thunderstorm,Nehru Place Office,6,High,7
u1,Monday,Clouds,Connaught Place,9,Medium,9
u1,Tuesday,Rain,Nehru Place Office,8,High,6
u1,Saturday,Fog,Nehru Place Office,9,Medium,8
u1,Monday,Drizzle,Connaught Place,9,Medium,8
u1,Sunday,Rain,Nehru Place Office,11,Medium,8
u1,Friday,Clear,Nehru Place Office,10,Medium,8
u1,Wednesday,Clear,India Gate,18,Low,18
u1,Wednesday,Clouds,Nehru Place Office,9,Medium,8
u1,Thursday,Haze,Connaught Place,8,Medium,9
u1,Wednesday,Clear,Nehru Place Office,6,Medium,8
u1,Friday,Clear,Nehru Place Office,9,Medium,8
u1,Thursday,Rain,Nehru Place Office,6,High,6
u1,Wednesday,Haze,Nehru Place Office,8,Medium,8
u1,Monday,Clear,India Gate,18,Low,18
u1,Wednesday,Rain,Nehru Place Office,6,High,6
u1,Tuesday,Clear,Nehru Place Office,9,Medium,8
u1,Monday,Clear,Connaught Place,10,Medium,9
u1,Thursday,Clouds,Nehru Place Office,7,Medium,8
u1,Friday,Clouds,Nehru Place Office,10,Medium,8
u1,Thursday,Drizzle,Nehru Place Office,8,High,6
u1,Friday,Clear,Nehru Place Office,7,Medium,8
u1,Thursday,Clouds,Nehru Place Office,7,Medium,8
u1,Sunday,Clear,Nehru Place Office,10,Low,9
u1,Tuesday,Rain,Nehru Place Office,9,High,6
u1,Tuesday,Fog,Nehru Place Office,7,Medium,7
u1,Friday,Fog,Connaught Place,11,Medium,8
u1,Saturday,Clear,Nehru Place Office,9,Low,9
u1,Sunday,Rain,Nehru Place Office,9,Medium,8
u1,Thursday,Clouds,India Gate,17,Low,18
u1,Monday,Clear,Nehru Place Office,8,Medium,8
u1,Monday,Rain,Connaught Place,9,High,7
u1,Sunday,Clear,Connaught Place,10,Low,10
u1,Friday,Rain,Nehru Place Office,10,Medium,7
u1,Saturday,Clear,Connaught Place,10,Low,10
u1,Wednesday,Clear,Connaught Place,9,Medium,9
u1,Thursday,Clouds,Nehru Place Office,6,Medium,8
u1,Thursday,Clear,Connaught Place,8,Medium,9
u1,Friday,Rain,Nehru Place Office,8,High,6
u1,Friday,Clouds,Nehru Place Office,9,Medium,8
u1,Tuesday,Fog,Nehru Place Office,8,Medium,7
u1,Friday,Fog,Nehru Place Office,10,Medium,7
u1,Tuesday,Clouds,Nehru Place Office,7,Medium,8
u1,Friday,Thunderstorm,Nehru Place Office,8,High,7
u1,Sunday,Clouds,Nehru Place Office,10,Low,9
u1,Friday,Fog,Nehru Place Office,6,Medium,7
u1,Saturday,Clear,Nehru Place Office,7,Low,9
u1,Monday,Haze,Nehru Place Office,8,Medium,8
u1,Thursday,Thunderstorm,Nehru Place Office,6,High,7
u1,Monday,Clear,Nehru Place Office,7,Medium,8
u1,Thursday,Clear,Connaught Place,11,Medium,9
u1,Wednesday,Clear,Nehru Place Office,8,Medium,8
u1,Wednesday,Clear,Nehru Place Office,8,Medium,8
u1,Thursday,Rain,India Gate,18,Medium,17
u1,Wednesday,Clear,India Gate,18,Low,18
u1,Tuesday,Haze,India Gate,18,Medium,18
u1,Sunday,Haze,Connaught Place,8,Medium,10
u1,Wednesday,Clear,Nehru Place Office,10,Medium,8
u1,Monday,Rain,Connaught Place,11,High,7
u1,Wednesday,Rain,India Gate,17,Medium,17
u1,Tuesday,Clouds,Connaught Place,10,Medium,9
u1,Monday,Clouds,Connaught Place,7,Medium,9
u1,Monday,Rain,Connaught Place,9,High,7
u1,Monday,Clouds,Nehru Place Office,8,Medium,8
u1,Thursday,Clouds,Nehru Place Office,10,Medium,8
u1,Monday,Rain,Nehru Place Office,7,Medium,7
u1,Wednesday,Fog,Nehru Place Office,9,Medium,7
u1,Tuesday,Clear,India Gate,20,Low,18
u1,Thursday,Clear,Connaught Place,11,Medium,9
u1,Monday,Drizzle,Nehru Place Office,10,Medium,7
u1,Monday,Drizzle,Nehru Place Office,8,Medium,7
u1,Sunday,Clear,Nehru Place Office,7,Low,9
u1,Saturday,Clouds,India Gate,20,Low,18
u1,Sunday,Clear,Nehru Place Office,7,Low,9
u1,Friday,Rain,Connaught Place,8,High,7
u1,Friday,Fog,Nehru Place Office,9,Medium,7
u1,Sunday,Clouds,Nehru Place Office,8,Low,9
u1,Wednesday,Clouds,India Gate,17,Low,18
u1,Wednesday,Clouds,Nehru Place Office,8,Medium,8
u1,Monday,Rain,Connaught Place,7,Medium,8
u1,Tuesday,Clouds,Nehru Place Office,9,Medium,8
u1,Sunday,Haze,Nehru Place Office,8,Medium,9
u1,Monday,Clear,Nehru Place Office,10,Medium,8
u1,Wednesday,Clouds,Connaught Place,11,Medium,9
u1,Wednesday,Fog,Connaught Place,8,Medium,8
u1,Tuesday,Clouds,Connaught Place,8,Medium,9
u1,Thursday,Clear,Nehru Place Office,6,Medium,8
u1,Monday,Clear,Nehru Place Office,9,Medium,8
u1,Thursday,Clear,Connaught Place,11,Medium,9
u1,Friday,Clouds,Nehru Place Office,8,Medium,8
u1,Thursday,Thunderstorm,India Gate,18,Medium,18
u1,Wednesday,Clear,Nehru Place Office,8,Medium,8
u1,Friday,Clear,Nehru Place Office,9,Medium,8
u1,Thursday,Clear,India Gate,18,Low,18
u1,Sunday,Clear,Nehru Place Office,10,Low,9
u1,Wednesday,Fog,Nehru Place Office,8,Medium,7
u1,Thursday,Rain,Nehru Place Office,7,High,6
u1,Wednesday,Rain,Nehru Place Office,7,Medium,7
u1,Thursday,Clear,Connaught Place,9,Medium,9
u1,Wednesday,Drizzle,Nehru Place Office,9,Medium,7
u1,Wednesday,Clouds,Nehru Place Office,9,Medium,8
u1,Monday,Rain,Nehru Place Office,8,Medium,7
u1,Friday,Thunderstorm,India Gate,18,Medium,18
u1,Wednesday,Rain,Nehru Place Office,10,High,6
u1,Friday,Rain,Nehru Place Office,8,High,6
u1,Tuesday,Clear,Nehru Place Office,9,Medium,8
u1,Friday,Haze,Connaught Place,9,Medium,9
u1,Monday,Rain,Connaught Place,9,High,7
u1,Friday,Clear,Nehru Place Office,10,Medium,8
u1,Saturday,Clouds,Connaught Place,11,Low,10
u1,Saturday,Fog,Connaught Place,10,Medium,9
u1,Tuesday,Clear,Nehru Place Office,8,Medium,8
u1,Saturday,Clear,Nehru Place Office,9,Low,9
u1,Friday,Drizzle,Nehru Place Office,7,High,6
u1,Monday,Haze,Nehru Place Office,10,Medium,8
u1,Thursday,Clouds,Nehru Place Office,9,Medium,8
u1,Saturday,Clouds,Nehru Place Office,9,Low,9
u1,Wednesday,Clear,Nehru Place Office,7,Medium,8
u1,Monday,Clouds,Nehru Place Office,8,Medium,8
u1,Wednesday,Haze,Connaught Place,9,Medium,9
u1,Wednesday,Clouds,Nehru Place Office,7,Medium,8
u1,Tuesday,Rain,Nehru Place Office,10,High,6
u1,Thursday,Rain,Connaught Place,8,High,7
u1,Sunday,Clouds,Connaught Place,10,Low,10
u1,Friday,Clear,Nehru Place Office,8,Medium,8
u1,Tuesday,Clear,Connaught Place,7,Medium,9
u1,Wednesday,Clear,Connaught Place,9,Medium,9
u1,Wednesday,Clear,Nehru Place Office,10,Medium,8
u1,Thursday,Fog,Nehru Place Office,6,Medium,7
u1,Sunday,Drizzle,India Gate,20,Medium,17
u1,Thursday,Drizzle,Nehru Place Office,8,Medium,7
u1,Wednesday,Clouds,Nehru Place Office,8,Medium,8
u1,Friday,Clouds,Connaught Place,7,Medium,9
u1,Thursday,Haze,India Gate,18,Medium,18
u1,Thursday,Rain,Nehru Place Office,8,High,6
u1,Wednesday,Clear,Nehru Place Office,6,Medium,8
u1,Thursday,Clear,Connaught Place,9,Medium,9
u1,Monday,Clear,Connaught Place,9,Medium,9
u1,Thursday,Clouds,Nehru Place Office,8,Medium,8
u1,Tuesday,Rain,Connaught Place,9,High,7
u1,Monday,Haze,Connaught Place,9,Medium,9
u1,Friday,Haze,Connaught Place,8,Medium,9
u1,Wednesday,Haze,Nehru Place Office,7,Medium,8
u1,Sunday,Clouds,Nehru Place Office,7,Low,9
u1,Sunday,Drizzle,Connaught Place,9,Medium,9
u1,Friday,Clouds,Nehru Place Office,8,Medium,8
u1,Wednesday,Clear,Connaught Place,9,Medium,9
u1,Thursday,Rain,Connaught Place,9,High,7
u1,Monday,Clouds,Nehru Place Office,9,Medium,8
u1,Wednesday,Clear,Nehru Place Office,8,Medium,8
u1,Thursday,Drizzle,Nehru Place Office,8,High,6
u1,Saturday,Clouds,Nehru Place Office,9,Low,9
u1,Sunday,Thunderstorm,India Gate,16,Medium,18
u1,Wednesday,Clear,Nehru Place Office,9,Medium,8
u1,Saturday,Haze,Nehru Place Office,11,Medium,9
u1,Monday,Haze,India Gate,17,Medium,18
u1,Wednesday,Rain,India Gate,20,Medium,17
u1,Sunday,Clear,India Gate,18,Low,18
u1,Monday,Clear,Nehru Place Office,9,Medium,8
u1,Monday,Clear,Nehru Place Office,10,Medium,8
u1,Friday,Clouds,Nehru Place Office,10,Medium,8
u1,Tuesday,Clouds,India Gate,18,Low,18
u1,Friday,Clouds,India Gate,18,Low,18
u1,Saturday,Haze,Nehru Place Office,7,Medium,9
u1,Monday,Clear,Connaught Place,7,Medium,9
u1,Thursday,Haze,Nehru Place Office,9,Medium,8
u1,Friday,Clear,Connaught Place,8,Medium,9
u1,Friday,Haze,Nehru Place Office,8,Medium,8
u1,Tuesday,Haze,Nehru Place Office,8,Medium,8
u1,Friday,Haze,Connaught Place,9,Medium,9
u1,Thursday,Rain,Nehru Place Office,7,High,6
u1,Monday,Clear,Connaught Place,8,Medium,9
u1,Wednesday,Clouds,India Gate,20,Low,18
u1,Thursday,Clouds,Connaught Place,7,Medium,9
u1,Wednesday,Clouds,Nehru Place Office,8,Medium,8
u1,Thursday,Fog,Connaught Place,10,Medium,8
u1,Friday,Rain,India Gate,17,Medium,17
u1,Monday,Clear,Nehru Place Office,10,Medium,8
u1,Thursday,Clear,Nehru Place Office,8,Medium,8
u1,Tuesday,Clear,Nehru Place Office,10,Medium,8
u1,Monday,Haze,Nehru Place Office,8,Medium,8
u1,Monday,Clear,Nehru Place Office,9,Medium,8
u1,Thursday,Thunderstorm,Nehru Place Office,9,High,7
u1,Thursday,Clouds,Connaught Place,10,Medium,9
u1,Wednesday,Clouds,India Gate,17,Low,18
u1,Tuesday,Clouds,Nehru Place Office,8,Medium,8
u1,Tuesday,Haze,Nehru Place Office,8,Medium,8
u1,Monday,Clear,Nehru Place Office,6,Medium,8
u1,Saturday,Haze,Connaught Place,8,Medium,10
u1,Thursday,Clouds,Nehru Place Office,6,Medium,8
u1,Wednesday,Clouds,Nehru Place Office,8,Medium,8
u1,Monday,Clear,Nehru Place Office,6,Medium,8
u1,Monday,Clear,India Gate,19,Low,18
u1,Tuesday,Rain,Nehru Place Office,9,High,6
u1,Wednesday,Clear,Nehru Place Office,8,Medium,8
u1,Sunday,Rain,Connaught Place,10,Medium,9
u1,Wednesday,Clouds,Nehru Place Office,10,Medium,8
u1,Wednesday,Clouds,Nehru Place Office,6,Medium,8
u1,Saturday,Clear,Nehru Place Office,9,Low,9
u1,Tuesday,Clouds,Nehru Place Office,8,Medium,8
u1,Thursday,Rain,Connaught Place,9,High,7
u1,Thursday,Clouds,Connaught Place,11,Medium,9
u1,Wednesday,Fog,Connaught Place,10,Medium,8
u1,Wednesday,Clouds,Nehru Place Office,10,Medium,8
u1,Monday,Clear,Nehru Place Office,10,Medium,8
u1,Monday,Fog,India Gate,17,Medium,17
u1,Wednesday,Clouds,Connaught Place,7,Medium,9
u1,Sunday,Clear,India Gate,18,Low,18
u1,Monday,Clear,India Gate,17,Low,18
u1,Friday,Clear,Nehru Place Office,6,Medium,8
u1,Wednesday,Haze,Nehru Place Office,6,Medium,8
u1,Tuesday,Haze,Nehru Place Office,9,Medium,8
u1,Thursday,Clouds,Nehru Place Office,6,Medium,8
u1,Wednesday,Rain,Connaught Place,7,Medium,8
u1,Thursday,Rain,India Gate,17,Medium,17
u1,Thursday,Clear,Nehru Place Office,9,Medium,8
u1,Thursday,Thunderstorm,India Gate,16,Medium,18
u1,Friday,Clouds,Nehru Place Office,9,Medium,8
u1,Sunday,Clouds,Connaught Place,12,Low,10
u1,Saturday,Fog,Nehru Place Office,8,Medium,8
u1,Saturday,Clear,Nehru Place Office,10,Low,9
u1,Tuesday,Clear,Connaught Place,9,Medium,9
u1,Saturday,Fog,Connaught Place,8,Medium,9
u1,Wednesday,Haze,India Gate,17,Medium,18
u1,Monday,Fog,Nehru Place Office,8,Medium,7
u1,Thursday,Fog,Nehru Place Office,8,Medium,7
u1,Tuesday,Clear,Nehru Place Office,9,Medium,8
u1,Thursday,Rain,Nehru Place Office,10,High,6
u1,Thursday,Rain,India Gate,19,Medium,17
u1,Thursday,Thunderstorm,India Gate,20,Medium,18
u1,Friday,Rain,Nehru Place Office,8,High,6
u1,Thursday,Clouds,India Gate,20,Low,18
u1,Thursday,Haze,Nehru Place Office,7,Medium,8
u1,Friday,Fog,Nehru Place Office,8,Medium,7
u1,Monday,Clear,Nehru Place Office,8,Medium,8
u1,Wednesday,Clear,Nehru Place Office,9,Medium,8
u1,Tuesday,Clear,Nehru Place Office,9,Medium,8
u1,Wednesday,Clear,India Gate,20,Low,18
u1,Tuesday,Clear,India Gate,20,Low,18
u1,Wednesday,Clouds,Connaught Place,8,Medium,9
u1,Friday,Clear,Connaught Place,11,Medium,9
u1,Wednesday,Rain,Nehru Place Office,8,High,6
u1,Wednesday,Clouds,Nehru Place Office,8,Medium,8
u1,Friday,Rain,India Gate,16,Medium,17
u1,Monday,Fog,India Gate,18,Medium,17
u1,Monday,Thunderstorm,Connaught Place,11,High,8
u1,Wednesday,Clear,Connaught Place,9,Medium,9
u1,Friday,Clear,Nehru Place Office,6,Medium,8
u1,Wednesday,Clear,Nehru Place Office,8,Medium,8
u1,Friday,Clear,Nehru Place Office,8,Medium,8
u1,Monday,Rain,Connaught Place,10,High,7
u1,Thursday,Fog,India Gate,18,Medium,17
u1,Sunday,Fog,Nehru Place Office,9,Medium,8
u1,Wednesday,Clear,India Gate,20,Low,18
u1,Wednesday,Clear,Connaught Place,11,Medium,9
u1,Monday,Clear,Connaught Place,8,Medium,9
u1,Thursday,Clear,India Gate,18,Low,18
u1,Wednesday,Fog,Nehru Place Office,9,Medium,7
u1,Thursday,Clouds,Nehru Place Office,10,Medium,8
u1,Saturday,Clear,Nehru Place Office,7,Low,9
u1,Tuesday,Rain,Nehru Place Office,9,High,6
u1,Wednesday,Clear,India Gate,17,Low,18
u1,Thursday,Clear,India Gate,16,Low,18
u1,Tuesday,Clear,India Gate,18,Low,18
u1,Sunday,Clouds,Nehru Place Office,9,Low,9
u1,Tuesday,Clear,Connaught Place,10,Medium,9
u1,Tuesday,Haze,India Gate,20,Medium,18
u1,Wednesday,Rain,Nehru Place Office,6,Medium,7
u1,Thursday,Clouds,Connaught Place,10,Medium,9
u1,Thursday,Clouds,Nehru Place Office,7,Medium,8
u1,Monday,Rain,Connaught Place,11,High,7
u1,Wednesday,Rain,Nehru Place Office,8,High,6
u1,Saturday,Rain,Nehru Place Office,8,Medium,8
u1,Thursday,Clear,India Gate,20,Low,18
u1,Saturday,Rain,India Gate,17,Medium,17
u1,Sunday,Clear,Nehru Place Office,7,Low,9
u1,Monday,Rain,Nehru Place Office,8,Medium,7
u1,Monday,Haze,India Gate,20,Medium,18
u1,Friday,Clouds,Nehru Place Office,7,Medium,8
u1,Monday,Drizzle,India Gate,18,Medium,17
u1,Saturday,Rain,India Gate,19,Medium,17
u1,Saturday,Rain,Connaught Place,9,Medium,9
u1,Monday,Haze,India Gate,19,Medium,18
u1,Tuesday,Rain,India Gate,16,Medium,17
u1,Monday,Rain,Nehru Place Office,9,High,6
u1,Friday,Clouds,Connaught Place,7,Medium,9
u1,Sunday,Clear,Nehru Place Office,10,Low,9
u1,Friday,Clear,Nehru Place Office,7,Medium,8
u1,Tuesday,Clouds,Nehru Place Office,7,Medium,8
u1,Friday,Clear,Nehru Place Office,8,Medium,8
u1,Monday,Rain,Connaught Place,10,Medium,8
u1,Wednesday,Clouds,India Gate,19,Low,18
u1,Thursday,Clouds,Connaught Place,9,Medium,9
u1,Thursday,Thunderstorm,Connaught Place,11,High,8
u1,Tuesday,Clouds,Nehru Place Office,10,Medium,8
u1,Tuesday,Clear,Nehru Place Office,7,Medium,8
u1,Wednesday,Clouds,Nehru Place Office,10,Medium,8
u1,Thursday,Clear,India Gate,19,Low,18
u1,Sunday,Rain,Nehru Place Office,9,Medium,8
u1,Sunday,Clouds,Connaught Place,8,Low,10
u1,Thursday,Clouds,Connaught Place,11,Medium,9
u1,Thursday,Clouds,India Gate,20,Low,18
u1,Wednesday,Clear,India Gate,16,Low,18
u1,Friday,Clear,Connaught Place,11,Medium,9
u1,Monday,Rain,Nehru Place Office,9,High,6
u1,Friday,Fog,Nehru Place Office,10,Medium,7
u1,Wednesday,Clouds,India Gate,20,Low,18
u1,Tuesday,Clouds,Connaught Place,7,Medium,9
u1,Friday,Clear,Connaught Place,9,Medium,9
u1,Sunday,Clouds,Nehru Place Office,7,Low,9
u1,Tuesday,Clear,Connaught Place,11,Medium,9
u1,Monday,Rain,Connaught Place,9,High,7
u1,Tuesday,Clear,India Gate,18,Low,18
u1,Wednesday,Clouds,Nehru Place Office,8,Medium,8
u1,Wednesday,Clouds,India Gate,18,Low,18
u1,Friday,Clouds,Nehru Place Office,10,Medium,8
u1,Thursday,Haze,Nehru Place Office,10,Medium,8
u1,Tuesday,Drizzle,Nehru Place Office,7,Medium,7
u1,Wednesday,Rain,Connaught Place,9,High,7
u1,Saturday,Clouds,India Gate,16,Low,18
u1,Sunday,Haze,Nehru Place Office,8,Medium,9
u1,Wednesday,Clear,Nehru Place Office,10,Medium,8
u1,Friday,Fog,Nehru Place Office,10,Medium,7
u1,Wednesday,Clear,India Gate,16,Low,18
u1,Thursday,Clear,Nehru Place Office,6,Medium,8
u1,Thursday,Rain,Nehru Place Office,7,Medium,7
u1,Tuesday,Clouds,Connaught Place,9,Medium,9
u1,Thursday,Clouds,Connaught Place,8,Medium,9
u1,Saturday,Clouds,Nehru Place Office,8,Low,9
u1,Wednesday,Rain,Nehru Place Office,10,High,6
u1,Monday,Fog,India Gate,17,Medium,17
u1,Thursday,Clouds,Nehru Place Office,8,Medium,8
u1,Wednesday,Clear,Nehru Place Office,9,Medium,8
u1,Wednesday,Clouds,Nehru Place Office,7,Medium,8
u1,Monday,Clear,Connaught Place,8,Medium,9
u1,Tuesday,Clear,Nehru Place Office,7,Medium,8
u1,Monday,Clouds,Nehru Place Office,8,Medium,8
u1,Saturday,Haze,Nehru Place Office,7,Medium,9
u1,Tuesday,Clouds,Nehru Place Office,10,Medium,8
u1,Thursday,Drizzle,Connaught Place,7,Medium,8
u1,Friday,Clouds,Nehru Place Office,8,Medium,8
u1,Monday,Clear,Nehru Place Office,8,Medium,8
u1,Wednesday,Haze,Nehru Place Office,10,Medium,8
u1,Wednesday,Clear,India Gate,18,Low,18
u1,Saturday,Drizzle,Nehru Place Office,9,Medium,8
u1,Wednesday,Rain,India Gate,18,Medium,17
u1,Sunday,Fog,Nehru Place Office,10,Medium,8
u1,Friday,Clear,Nehru Place Office,6,Medium,8
u1,Friday,Rain,Nehru Place Office,8,High,6
u1,Thursday,Rain,Connaught Place,7,High,7
u1,Monday,Rain,India Gate,18,Medium,17
u1,Tuesday,Rain,Nehru Place Office,6,High,6
u1,Wednesday,Drizzle,Nehru Place Office,10,Medium,7
u1,Tuesday,Clouds,Nehru Place Office,8,Medium,8
u1,Thursday,Rain,Nehru Place Office,7,High,6
u1,Saturday,Clear,Nehru Place Office,9,Low,9
u1,Wednesday,Clouds,Nehru Place Office,9,Medium,8
u1,Sunday,Clouds,Nehru Place Office,11,Low,9
u1,Friday,Clouds,Connaught Place,8,Medium,9
u1,Tuesday,Clear,Nehru Place Office,6,Medium,8
u1,Thursday,Haze,India Gate,18,Medium,18
u1,Friday,Clouds,Nehru Place Office,7,Medium,8
u1,Tuesday,Haze,Connaught Place,10,Medium,9
u1,Monday,Rain,Nehru Place Office,10,High,6
u1,Thursday,Rain,Nehru Place Office,8,High,6
u1,Monday,Rain,Connaught Place,10,High,7
u1,Friday,Clear,India Gate,18,Low,18
u1,Thursday,Rain,Nehru Place Office,6,Medium,7
u1,Tuesday,Rain,India Gate,18,Medium,17
u1,Friday,Fog,Nehru Place Office,8,Medium,7
u1,Wednesday,Clear,Connaught Place,7,Medium,9
u1,Friday,Clouds,Connaught Place,9,Medium,9
u1,Wednesday,Clear,Nehru Place Office,8,Medium,8
u1,Tuesday,Clouds,Nehru Place Office,9,Medium,8
u1,Saturday,Clouds,Nehru Place Office,8,Low,9
u1,Friday,Clear,Connaught Place,11,Medium,9
u1,Sunday,Clear,India Gate,16,Low,18
u1,Monday,Clear,Nehru Place Office,7,Medium,8
u1,Monday,Clouds,Nehru Place Office,10,Medium,8
u1,Saturday,Clear,Nehru Place Office,11,Low,9
u1,Thursday,Clear,Connaught Place,9,Medium,9
u1,Sunday,Clouds,Nehru Place Office,11,Low,9
u1,Monday,Clouds,Nehru Place Office,6,Medium,8
u1,Tuesday,Fog,Nehru Place Office,8,Medium,7
u1,Thursday,Clouds,Nehru Place Office,6,Medium,8
u1,Friday,Rain,Nehru Place Office,8,Medium,7
u1,Monday,Rain,Connaught Place,9,Medium,8
u1,Sunday,Clouds,Connaught Place,11,Low,10
u1,Saturday,Clear,India Gate,20,Low,18
u1,Sunday,Clear,Connaught Place,10,Low,10
u1,Wednesday,Drizzle,Nehru Place Office,8,High,6
u1,Sunday,Haze,India Gate,18,Medium,18
u1,Tuesday,Fog,Nehru Place Office,9,Medium,7
u1,Tuesday,Clear,India Gate,18,Low,18
u1,Friday,Clear,India Gate,20,Low,18
u1,Wednesday,Rain,Nehru Place Office,10,High,6
u1,Friday,Fog,Connaught Place,11,Medium,8
u1,Friday,Clouds,Connaught Place,9,Medium,9
u1,Thursday,Haze,Nehru Place Office,6,Medium,8
u1,Thursday,Clouds,Nehru Place Office,9,Medium,8
u1,Friday,Haze,India Gate,19,Medium,18
u1,Monday,Clouds,Connaught Place,9,Medium,9
u1,Sunday,Clouds,Connaught Place,8,Low,10
u1,Thursday,Clear,Nehru Place Office,8,Medium,8
u1,Wednesday,Clouds,Connaught Place,9,Medium,9
u1,Wednesday,Clouds,Nehru Place Office,8,Medium,8
u1,Wednesday,Rain,India Gate,17,Medium,17
u1,Saturday,Clear,Nehru Place Office,9,Low,9
u1,Tuesday,Rain,Nehru Place Office,6,Medium,7
u1,Thursday,Clear,Nehru Place Office,8,Medium,8
u1,Saturday,Clear,Nehru Place Office,8,Low,9
u1,Friday,Haze,India Gate,18,Medium,18
u1,Thursday,Clear,Nehru Place Office,10,Medium,8
u1,Thursday,Clouds,India Gate,19,Low,18
u1,Thursday,Clouds,Connaught Place,8,Medium,9
u1,Monday,Clouds,India Gate,18,Low,18
u1,Tuesday,Drizzle,Nehru Place Office,8,High,6
u1,Friday,Rain,Connaught Place,9,High,7
u1,Saturday,Clear,Connaught Place,12,Low,10
u1,Tuesday,Drizzle,Connaught Place,11,Medium,8
u1,Tuesday,Clear,Nehru Place Office,10,Medium,8
u1,Tuesday,Clear,Nehru Place Office,7,Medium,8
u1,Wednesday,Clouds,Connaught Place,11,Medium,9
u1,Sunday,Clouds,India Gate,18,Low,18
u1,Saturday,Rain,India Gate,18,Medium,17
u1,Friday,Clouds,Connaught Place,9,Medium,9
u1,Thursday,Rain,Nehru Place Office,6,High,6
u1,Friday,Clouds,Connaught Place,10,Medium,9
u1,Saturday,Clouds,Nehru Place Office,9,Low,9
u1,Sunday,Haze,Nehru Place Office,10,Medium,9
u1,Sunday,Drizzle,Nehru Place Office,10,Medium,8
u1,Sunday,Clear,Connaught Place,9,Low,10
u1,Monday,Rain,Nehru Place Office,9,High,6
u1,Saturday,Clear,Connaught Place,12,Low,10
u1,Monday,Clouds,Nehru Place Office,10,Medium,8
u1,Friday,Clear,Nehru Place Office,9,Medium,8
u1,Wednesday,Clear,Connaught Place,8,Medium,9
u1,Friday,Haze,Nehru Place Office,8,Medium,8
u1,Monday,Clear,Connaught Place,9,Medium,9
u1,Wednesday,Clouds,India Gate,18,Low,18
u1,Tuesday,Clear,Nehru Place Office,7,Medium,8
u1,Wednesday,Fog,India Gate,17,Medium,17
u1,Sunday,Clear,Connaught Place,11,Low,10
u1,Tuesday,Clouds,Connaught Place,8,Medium,9
u1,Thursday,Clouds,Nehru Place Office,8,Medium,8
u1,Thursday,Clouds,Nehru Place Office,10,Medium,8
u1,Saturday,Clouds,Nehru Place Office,7,Low,9
u1,Sunday,Clouds,Nehru Place Office,7,Low,9
u1,Sunday,Haze,Connaught Place,8,Medium,10
u1,Monday,Clear,Nehru Place Office,7,Medium,8
u1,Thursday,Haze,Connaught Place,11,Medium,9
u1,Thursday,Haze,Nehru Place Office,7,Medium,8
u1,Thursday,Fog,Nehru Place Office,10,Medium,7
u1,Thursday,Fog,Nehru Place Office,10,Medium,7
u1,Thursday,Fog,Connaught Place,11,Medium,8
u1,Monday,Clouds,Connaught Place,10,Medium,9
u1,Friday,Clouds,Nehru Place Office,8,Medium,8
u1,Tuesday,Clear,Nehru Place Office,7,Medium,8
u1,Friday,Haze,Nehru Place Office,7,Medium,8
u1,Monday,Haze,Nehru Place Office,7,Medium,8
u1,Thursday,Haze,Connaught Place,7,Medium,9
u1,Monday,Clear,Nehru Place Office,8,Medium,8
u1,Sunday,Clouds,Connaught Place,10,Low,10
u1,Wednesday,Fog,Nehru Place Office,9,Medium,7
u1,Wednesday,Rain,Nehru Place Office,9,High,6
u1,Sunday,Rain,Connaught Place,8,Medium,9
u1,Friday,Clouds,Nehru Place Office,9,Medium,8
u1,Monday,Fog,Nehru Place Office,8,Medium,7
u1,Monday,Rain,Nehru Place Office,8,High,6
u1,Thursday,Clear,Nehru Place Office,6,Medium,8
u1,Saturday,Clear,Nehru Place Office,9,Low,9
u1,Tuesday,Fog,India Gate,18,Medium,17
u1,Friday,Clear,India Gate,18,Low,18
u1,Wednesday,Haze,Nehru Place Office,8,Medium,8
u1,Friday,Clear,Connaught Place,7,Medium,9
u1,Wednesday,Haze,Connaught Place,8,Medium,9
u1,Friday,Haze,Connaught Place,10,Medium,9
u1,Friday,Clear,Nehru Place Office,6,Medium,8
u1,Tuesday,Rain,India Gate,16,Medium,17
u1,Friday,Haze,Connaught Place,9,Medium,9
u1,Sunday,Drizzle,Connaught Place,9,Medium,9
u1,Wednesday,Haze,Connaught Place,11,Medium,9
u1,Sunday,Rain,Connaught Place,10,Medium,9
u1,Saturday,Clouds,India Gate,16,Low,18
u1,Thursday,Clouds,India Gate,19,Low,18
u1,Thursday,Clear,India Gate,16,Low,18
u1,Thursday,Clear,Nehru Place Office,10,Medium,8
u1,Tuesday,Fog,India Gate,19,Medium,17
u1,Sunday,Clouds,India Gate,17,Low,18
u1,Friday,Fog,Nehru Place Office,7,Medium,7
u1,Wednesday,Clouds,Nehru Place Office,8,Medium,8
u1,Saturday,Haze,Nehru Place Office,11,Medium,9
u1,Monday,Clear,Connaught Place,11,Medium,9
u1,Friday,Fog,India Gate,16,Medium,17
u1,Wednesday,Clouds,Connaught Place,7,Medium,9
u1,Sunday,Clear,Nehru Place Office,10,Low,9
u1,Wednesday,Clouds,Nehru Place Office,7,Medium,8
u1,Thursday,Fog,Nehru Place Office,8,Medium,7
u1,Wednesday,Clouds,Nehru Place Office,7,Medium,8
u1,Wednesday,Thunderstorm,Nehru Place Office,8,High,7
u1,Monday,Clear,Connaught Place,7,Medium,9
u1,Friday,Rain,Nehru Place Office,8,Medium,7
u1,Wednesday,Clouds,Nehru Place Office,6,Medium,8
u1,Monday,Rain,Nehru Place Office,8,Medium,7
u1,Monday,Drizzle,Nehru Place Office,7,Medium,7
u1,Friday,Haze,Nehru Place Office,7,Medium,8
u1,Sunday,Clear,Nehru Place Office,7,Low,9
u1,Wednesday,Fog,India Gate,20,Medium,17
u1,Thursday,Clear,Nehru Place Office,6,Medium,8
u1,Sunday,Clouds,Connaught Place,12,Low,10
u1,Friday,Fog,Nehru Place Office,6,Medium,7
u1,Monday,Rain,Connaught Place,9,High,7
u1,Monday,Clouds,Connaught Place,7,Medium,9
u1,Tuesday,Clear,Nehru Place Office,8,Medium,8
u1,Wednesday,Rain,Nehru Place Office,8,High,6
u1,Saturday,Clouds,Connaught Place,8,Low,10
u1,Saturday,Haze,Nehru Place Office,9,Medium,9
u1,Monday,Clouds,Nehru Place Office,10,Medium,8
u1,Thursday,Clear,Nehru Place Office,6,Medium,8
u1,Thursday,Clouds,Nehru Place Office,6,Medium,8
u1,Monday,Clouds,Nehru Place Office,9,Medium,8
u1,Tuesday,Clouds,India Gate,16,Low,18
u1,Sunday,Clear,Connaught Place,11,Low,10
u1,Saturday,Haze,Nehru Place Office,10,Medium,9
u1,Thursday,Haze,Connaught Place,7,Medium,9
u1,Friday,Clouds,India Gate,17,Low,18
u1,Saturday,Clear,Nehru Place Office,9,Low,9
u1,Wednesday,Clouds,Connaught Place,11,Medium,9
u1,Friday,Clear,Nehru Place Office,6,Medium,8
u1,Tuesday,Drizzle,Connaught Place,9,Medium,8
u1,Tuesday,Clear,Nehru Place Office,8,Medium,8
u1,Saturday,Fog,Connaught Place,11,Medium,9
u1,Friday,Clouds,Nehru Place Office,10,Medium,8
u1,Thursday,Clear,India Gate,18,Low,18
u1,Wednesday,Clouds,Nehru Place Office,9,Medium,8
u1,Wednesday,Rain,Connaught Place,9,Medium,8
u1,Sunday,Clouds,Nehru Place Office,10,Low,9
u1,Sunday,Clouds,Nehru Place Office,11,Low,9
u1,Tuesday,Clear,Connaught Place,11,Medium,9
u1,Monday,Rain,Connaught Place,10,High,7
u1,Monday,Clouds,Nehru Place Office,9,Medium,8
u1,Friday,Clouds,Nehru Place Office,10,Medium,8
u1,Friday,Clear,Nehru Place Office,8,Medium,8
u1,Wednesday,Drizzle,Nehru Place Office,10,Medium,7
u1,Monday,Haze,Nehru Place Office,10,Medium,8
u1,Saturday,Clear,Nehru Place Office,11,Low,9
u1,Tuesday,Fog,Nehru Place Office,9,Medium,7
u1,Wednesday,Clouds,India Gate,16,Low,18
u1,Tuesday,Haze,Nehru Place Office,7,Medium,8
u1,Saturday,Haze,Connaught Place,12,Medium,10
u1,Friday,Clear,Nehru Place Office,8,Medium,8
u1,Wednesday,Clouds,India Gate,19,Low,18
u1,Sunday,Clouds,Nehru Place Office,7,Low,9
u1,Tuesday,Clear,Nehru Place Office,6,Medium,8
u1,Wednesday,Haze,Nehru Place Office,8,Medium,8
u1,Wednesday,Clouds,Nehru Place Office,8,Medium,8
u1,Saturday,Clouds,Nehru Place Office,8,Low,9
u1,Saturday,Rain,Nehru Place Office,11,Medium,8
u1,Tuesday,Haze,Nehru Place Office,8,Medium,8
u1,Tuesday,Clear,Nehru Place Office,8,Medium,8
u1,Wednesday,Thunderstorm,Nehru Place Office,6,High,7
u1,Saturday,Clouds,India Gate,18,Low,18
u1,Thursday,Clouds,Nehru Place Office,8,Medium,8
u1,Wednesday,Clear,Nehru Place Office,8,Medium,8
u1,Friday,Clouds,Nehru Place Office,6,Medium,8
u1,Wednesday,Rain,Nehru Place Office,8,High,6
u1,Tuesday,Clear,Nehru Place Office,9,Medium,8
u1,Friday,Clear,Nehru Place Office,8,Medium,8
u1,Friday,Clear,Nehru Place Office,8,Medium,8
u1,Tuesday,Clouds,Connaught Place,8,Medium,9
u1,Monday,Clouds,Nehru Place Office,8,Medium,8
u1,Thursday,Clear,Nehru Place Office,8,Medium,8
u1,Monday,Clouds,Nehru Place Office,9,Medium,8
u1,Friday,Fog,Nehru Place Office,8,Medium,7
u1,Monday,Clouds,Nehru Place Office,8,Medium,8
u1,Wednesday,Haze,Nehru Place Office,6,Medium,8
u1,Tuesday,Clouds,Connaught Place,9,Medium,9
u1,Thursday,Clear,Connaught Place,9,Medium,9
u1,Sunday,Haze,Connaught Place,8,Medium,10
u1,Wednesday,Rain,Nehru Place Office,7,Medium,7
u1,Monday,Clear,Connaught Place,7,Medium,9
u1,Monday,Clouds,Nehru Place Office,9,Medium,8
u1,Tuesday,Haze,Nehru Place Office,8,Medium,8
u1,Friday,Clear,India Gate,19,Low,18
u1,Thursday,Clouds,Connaught Place,9,Medium,9
u1,Wednesday,Clear,Nehru Place Office,7,Medium,8
u1,Saturday,Clear,Nehru Place Office,10,Low,9
u1,Wednesday,Haze,Nehru Place Office,6,Medium,8
u1,Monday,Clear,Nehru Place Office,8,Medium,8
u1,Thursday,Clear,Connaught Place,7,Medium,9
u1,Wednesday,Rain,Nehru Place Office,6,High,6
u1,Tuesday,Drizzle,Nehru Place Office,10,High,6
u1,Tuesday,Drizzle,Nehru Place Office,7,High,6
u1,Thursday,Haze,Nehru Place Office,8,Medium,8
u1,Thursday,Clouds,Nehru Place Office,7,Medium,8
u1,Thursday,Clear,Nehru Place Office,9,Medium,8
u1,Sunday,Clouds,India Gate,17,Low,18
u1,Friday,Rain,Connaught Place,9,Medium,8
u1,Sunday,Clear,Nehru Place Office,11,Low,9
u1,Monday,Fog,Nehru Place Office,8,Medium,7
u1,Friday,Clouds,Connaught Place,11,Medium,9
u1,Tuesday,Clouds,India Gate,18,Low,18
u1,Monday,Clear,Connaught Place,11,Medium,9
u1,Monday,Haze,Nehru Place Office,7,Medium,8
u1,Sunday,Thunderstorm,India Gate,18,Medium,18
u1,Saturday,Haze,Connaught Place,12,Medium,10
u1,Saturday,Clear,India Gate,18,Low,18
u1,Sunday,Rain,Nehru Place Office,8,Medium,8
u1,Saturday,Clear,Nehru Place Office,9,Low,9
u1,Sunday,Fog,Connaught Place,11,Medium,9
u1,Friday,Fog,Nehru Place Office,6,Medium,7
u1,Thursday,Rain,Nehru Place Office,8,Medium,7
u1,Tuesday,Clouds,Nehru Place Office,8,Medium,8
u1,Tuesday,Haze,Nehru Place Office,8,Medium,8
u1,Thursday,Clouds,Nehru Place Office,8,Medium,8
u1,Sunday,Clouds,India Gate,16,Low,18
u1,Saturday,Clouds,Connaught Place,10,Low,10
u1,Sunday,Haze,Nehru Place Office,9,Medium,9
u1,Sunday,Clear,Nehru Place Office,8,Low,9
u1,Monday,Haze,Connaught Place,11,Medium,9
u1,Sunday,Fog,Nehru Place Office,7,Medium,8
u1,Monday,Rain,India Gate,18,Medium,17
u1,Tuesday,Clear,India Gate,17,Low,18
u1,Tuesday,Thunderstorm,Nehru Place Office,6,High,7
u1,Tuesday,Haze,Nehru Place Office,8,Medium,8
u1,Monday,Clear,Nehru Place Office,6,Medium,8
u1,Wednesday,Clouds,India Gate,16,Low,18
u1,Saturday,Clouds,Connaught Place,9,Low,10
u1,Thursday,Rain,Nehru Place Office,6,High,6
u1,Saturday,Haze,India Gate,17,Medium,18
u1,Monday,Thunderstorm,Connaught Place,9,High,8
u1,Friday,Clear,Nehru Place Office,6,Medium,8
u1,Tuesday,Clouds,Nehru Place Office,8,Medium,8
u1,Sunday,Haze,Connaught Place,10,Medium,10
u1,Monday,Clear,India Gate,18,Low,18
u1,Tuesday,Rain,Nehru Place Office,8,High,6
u1,Friday,Clear,Nehru Place Office,8,Medium,8
u1,Tuesday,Haze,Nehru Place Office,9,Medium,8
u1,Tuesday,Clouds,Connaught Place,8,Medium,9
u1,Saturday,Clear,Connaught Place,11,Low,10
u1,Wednesday,Thunderstorm,Nehru Place Office,7,High,7
u1,Monday,Rain,Nehru Place Office,8,High,6
u1,Wednesday,Clouds,Nehru Place Office,8,Medium,8
u1,Monday,Fog,Connaught Place,7,Medium,8
u1,Tuesday,Fog,Connaught Place,9,Medium,8
u1,Friday,Rain,Nehru Place Office,8,High,6
u1,Thursday,Fog,Connaught Place,9,Medium,8
u1,Monday,Clouds,India Gate,18,Low,18
u1,Tuesday,Fog,Nehru Place Office,8,Medium,7
u1,Thursday,Clouds,Connaught Place,7,Medium,9
u1,Wednesday,Drizzle,Connaught Place,9,Medium,8
u1,Friday,Fog,Nehru Place Office,7,Medium,7
u1,Wednesday,Clear,Nehru Place Office,8,Medium,8
u1,Thursday,Clear,Connaught Place,9,Medium,9
u1,Friday,Clear,India Gate,16,Low,18
u1,Tuesday,Rain,Nehru Place Office,7,High,6
u1,Friday,Rain,Nehru Place Office,8,Medium,7
u1,Monday,Clear,Connaught Place,8,Medium,9
u1,Thursday,Clear,Connaught Place,8,Medium,9
u1,Thursday,Rain,Nehru Place Office,7,High,6
u1,Saturday,Rain,Nehru Place Office,7,Medium,8
u1,Thursday,Clear,Connaught Place,11,Medium,9
u1,Tuesday,Clouds,Connaught Place,10,Medium,9
u1,Saturday,Clear,Nehru Place Office,9,Low,9
u1,Sunday,Clear,India Gate,17,Low,18
u1,Friday,Clouds,Nehru Place Office,6,Medium,8
u1,Saturday,Haze,Connaught Place,9,Medium,10
u1,Wednesday,Clear,Nehru Place Office,8,Medium,8
u1,Thursday,Clouds,Nehru Place Office,10,Medium,8
u1,Thursday,Rain,Nehru Place Office,7,Medium,7
u1,Tuesday,Clouds,Connaught Place,7,Medium,9
u1,Monday,Clouds,Nehru Place Office,7,Medium,8
u1,Saturday,Clear,Nehru Place Office,7,Low,9
u1,Tuesday,Rain,Nehru Place Office,8,Medium,7
u1,Sunday,Clear,Nehru Place Office,9,Low,9
u1,Tuesday,Clouds,India Gate,20,Low,18
u1,Wednesday,Clear,Nehru Place Office,8,Medium,8
u1,Tuesday,Clear,Connaught Place,8,Medium,9
u1,Friday,Haze,Nehru Place Office,6,Medium,8
u1,Sunday,Rain,Nehru Place Office,7,Medium,8
u1,Sunday,Clouds,Nehru Place Office,8,Low,9
u1,Thursday,Clear,Nehru Place Office,8,Medium,8
u1,Thursday,Haze,Nehru Place Office,8,Medium,8
u1,Sunday,Clear,India Gate,19,Low,18
u1,Tuesday,Thunderstorm,Connaught Place,11,High,8
u1,Wednesday,Rain,Connaught Place,8,High,7
u1,Friday,Drizzle,Connaught Place,9,Medium,8
u1,Monday,Clouds,Nehru Place Office,10,Medium,8
u1,Monday,Clouds,India Gate,17,Low,18
u1,Saturday,Clouds,Connaught Place,8,Low,10
u1,Thursday,Clear,Nehru Place Office,6,Medium,8
u1,Wednesday,Haze,Nehru Place Office,7,Medium,8
u1,Thursday,Haze,Nehru Place Office,9,Medium,8
u1,Thursday,Fog,Nehru Place Office,8,Medium,7
u1,Sunday,Clouds,Nehru Place Office,9,Low,9
u1,Monday,Clouds,Nehru Place Office,10,Medium,8
u1,Wednesday,Clouds,Nehru Place Office,10,Medium,8
u1,Sunday,Clear,Nehru Place Office,7,Low,9
u1,Tuesday,Rain,Connaught Place,9,Medium,8
u1,Thursday,Clear,Nehru Place Office,9,Medium,8
u1,Monday,Haze,Connaught Place,9,Medium,9
u1,Friday,Haze,Connaught Place,9,Medium,9
u1,Friday,Haze,Nehru Place Office,10,Medium,8
u1,Sunday,Clouds,India Gate,18,Low,18
u1,Sunday,Haze,Connaught Place,12,Medium,10
u1,Monday,Clear,India Gate,16,Low,18
u1,Sunday,Clear,Connaught Place,11,Low,10
u1,Monday,Clouds,Connaught Place,8,Medium,9
u1,Thursday,Clear,Nehru Place Office,9,Medium,8
u1,Sunday,Clear,Connaught Place,10,Low,10
u1,Tuesday,Haze,Nehru Place Office,8,Medium,8
u1,Sunday,Haze,Connaught Place,10,Medium,10
u1,Thursday,Clear,Nehru Place Office,10,Medium,8
u1,Friday,Clouds,India Gate,20,Low,18
u1,Thursday,Clear,India Gate,17,Low,18
u1,Monday,Clear,Connaught Place,8,Medium,9
u1,Friday,Fog,Connaught Place,10,Medium,8
u1,Thursday,Clear,Connaught Place,11,Medium,9
u1,Tuesday,Clear,Nehru Place Office,8,Medium,8
u1,Saturday,Clouds,Connaught Place,12,Low,10
u1,Monday,Clouds,India Gate,18,Low,18
u1,Friday,Rain,Nehru Place Office,8,High,6
u1,Sunday,Clear,India Gate,17,Low,18
u1,Sunday,Rain,Connaught Place,9,Medium,9
u1,Wednesday,Clouds,Nehru Place Office,10,Medium,8
u1,Friday,Clear,Nehru Place Office,6,Medium,8
u1,Monday,Rain,Nehru Place Office,8,High,6
u1,Thursday,Clear,Connaught Place,9,Medium,9
u1,Thursday,Clear,Nehru Place Office,6,Medium,8
u1,Monday,Clear,Connaught Place,7,Medium,9
u1,Wednesday,Clouds,Nehru Place Office,6,Medium,8
u1,Friday,Clear,Connaught Place,11,Medium,9
u1,Thursday,Clear,Nehru Place Office,9,Medium,8
u1,Friday,Clouds,Nehru Place Office,7,Medium,8
u1,Tuesday,Clear,India Gate,20,Low,18
u1,Thursday,Clear,Connaught Place,10,Medium,9
u1,Thursday,Drizzle,India Gate,18,Medium,17
u1,Tuesday,Clouds,Nehru Place Office,6,Medium,8
u1,Thursday,Clouds,Nehru Place Office,8,Medium,8
u1,Wednesday,Clear,Nehru Place Office,8,Medium,8
u1,Monday,Clouds,Nehru Place Office,8,Medium,8
u1,Wednesday,Haze,Nehru Place Office,8,Medium,8
u1,Wednesday,Clear,Nehru Place Office,8,Medium,8
u1,Wednesday,Clear,India Gate,17,Low,18
u1,Monday,Clear,Nehru Place Office,7,Medium,8
u1,Saturday,Fog,Nehru Place Office,7,Medium,8
u1,Saturday,Rain,Nehru Place Office,9,Medium,8
u1,Thursday,Clouds,Connaught Place,9,Medium,9
u1,Sunday,Rain,India Gate,18,Medium,17
u1,Monday,Thunderstorm,Nehru Place Office,6,High,7
u1,Friday,Clear,Nehru Place Office,6,Medium,8
u1,Friday,Clear,Nehru Place Office,9,Medium,8
u1,Friday,Fog,India Gate,19,Medium,17
u1,Monday,Drizzle,Nehru Place Office,9,Medium,7
u1,Friday,Drizzle,Connaught Place,9,Medium,8
u1,Friday,Clear,Nehru Place Office,7,Medium,8
u1,Tuesday,Clear,Nehru Place Office,7,Medium,8
u1,Tuesday,Clear,India Gate,17,Low,18
u1,Saturday,Clouds,Connaught Place,11,Low,10
u1,Monday,Drizzle,Nehru Place Office,8,High,6
u1,Saturday,Drizzle,Connaught Place,10,Medium,9
u1,Friday,Clear,Connaught Place,10,Medium,9
u1,Wednesday,Clouds,Nehru Place Office,7,Medium,8
u1,Thursday,Clouds,Nehru Place Office,8,Medium,8
u1,Thursday,Rain,Connaught Place,11,High,7
u1,Sunday,Clear,Nehru Place Office,9,Low,9
u1,Monday,Clouds,Nehru Place Office,6,Medium,8
u1,Tuesday,Rain,Nehru Place Office,9,High,6
u1,Wednesday,Haze,Connaught Place,9,Medium,9
u1,Tuesday,Haze,Connaught Place,10,Medium,9
u1,Monday,Fog,Nehru Place Office,7,Medium,7
u1,Friday,Haze,Nehru Place Office,8,Medium,8
u1,Thursday,Drizzle,Connaught Place,9,Medium,8
u1,Tuesday,Clouds,Nehru Place Office,8,Medium,8
u1,Tuesday,Fog,India Gate,18,Medium,17
u1,Thursday,Clear,Nehru Place Office,6,Medium,8
u1,Wednesday,Drizzle,India Gate,20,Medium,17
u1,Saturday,Rain,Nehru Place Office,8,Medium,8
u1,Sunday,Clouds,Connaught Place,10,Low,10
u1,Sunday,Clouds,Nehru Place Office,9,Low,9
u1,Friday,Fog,Nehru Place Office,7,Medium,7
u1,Wednesday,Clear,India Gate,18,Low,18
u1,Monday,Clouds,Nehru Place Office,8,Medium,8
u1,Friday,Clear,Nehru Place Office,9,Medium,8
u1,Friday,Clear,Nehru Place Office,8,Medium,8
u1,Thursday,Fog,India Gate,20,Medium,17
u1,Wednesday,Clouds,Connaught Place,8,Medium,9
u1,Friday,Clear,Connaught Place,7,Medium,9
u1,Monday,Clear,Nehru Place Office,8,Medium,8
u1,Monday,Drizzle,Nehru Place Office,8,Medium,7
u1,Thursday,Fog,India Gate,16,Medium,17
u1,Wednesday,Clouds,Nehru Place Office,10,Medium,8
u1,Friday,Haze,Nehru Place Office,9,Medium,8
u1,Monday,Clouds,Connaught Place,11,Medium,9
u1,Sunday,Clouds,Nehru Place Office,7,Low,9
u1,Thursday,Haze,Nehru Place Office,8,Medium,8
u1,Thursday,Fog,Nehru Place Office,8,Medium,7
u1,Monday,Clouds,Nehru Place Office,8,Medium,8
u1,Wednesday,Rain,India Gate,18,Medium,17
u1,Tuesday,Clear,India Gate,19,Low,18
u1,Sunday,Rain,Nehru Place Office,9,Medium,8
u1,Thursday,Clear,Nehru Place Office,10,Medium,8
u1,Saturday,Fog,Nehru Place Office,10,Medium,8
u1,Monday,Drizzle,India Gate,16,Medium,17
u1,Monday,Clear,India Gate,18,Low,18
u1,Wednesday,Fog,Nehru Place Office,9,Medium,7
u1,Thursday,Drizzle,Nehru Place Office,8,Medium,7
u1,Thursday,Haze,Nehru Place Office,7,Medium,8
u1,Monday,Clouds,India Gate,16,Low,18
u1,Sunday,Clouds,Nehru Place Office,8,Low,9
u1,Friday,Haze,Nehru Place Office,9,Medium,8
u1,Thursday,Clear,Nehru Place Office,9,Medium,8
u1,Tuesday,Rain,India Gate,20,Medium,17
u1,Tuesday,Rain,Nehru Place Office,9,Medium,7
u1,Tuesday,Clear,Connaught Place,11,Medium,9
u1,Monday,Clear,India Gate,18,Low,18
u1,Monday,Clouds,Connaught Place,9,Medium,9
u1,Wednesday,Clear,Nehru Place Office,10,Medium,8
u1,Thursday,Rain,Nehru Place Office,7,High,6
u1,Thursday,Clouds,Nehru Place Office,7,Medium,8
u1,Monday,Clouds,India Gate,20,Low,18
u1,Wednesday,Clear,Nehru Place Office,8,Medium,8
u1,Tuesday,Rain,Nehru Place Office,8,High,6
u1,Friday,Clear,Connaught Place,8,Medium,9
u1,Saturday,Clear,India Gate,20,Low,18
u1,Wednesday,Clouds,India Gate,17,Low,18
u1,Thursday,Clear,India Gate,18,Low,18
u1,Friday,Clouds,Connaught Place,7,Medium,9
u1,Friday,Clouds,Nehru Place Office,8,Medium,8
u1,Thursday,Clear,Nehru Place Office,7,Medium,8
u1,Wednesday,Clouds,Nehru Place Office,10,Medium,8
u1,Wednesday,Clear,India Gate,19,Low,18
u1,Wednesday,Clouds,Nehru Place Office,9,Medium,8
u1,Monday,Haze,Nehru Place Office,7,Medium,8
u1,Sunday,Fog,Connaught Place,10,Medium,9
u1,Friday,Rain,India Gate,16,Medium,17
u1,Thursday,Rain,Connaught Place,9,High,7
u1,Friday,Rain,Nehru Place Office,10,High,6
u1,Friday,Clear,India Gate,20,Low,18
u1,Thursday,Rain,India Gate,18,Medium,17
u1,Tuesday,Clouds,Nehru Place Office,8,Medium,8
u1,Monday,Clear,India Gate,20,Low,18
u1,Thursday,Rain,Nehru Place Office,9,High,6
u1,Monday,Clear,Nehru Place Office,9,Medium,8
u1,Wednesday,Rain,Nehru Place Office,10,High,6
u1,Friday,Clouds,Connaught Place,7,Medium,9
u1,Thursday,Clear,Nehru Place Office,8,Medium,8
u1,Friday,Clear,India Gate,16,Low,18
u1,Wednesday,Haze,Nehru Place Office,10,Medium,8
u1,Saturday,Rain,Connaught Place,11,Medium,9
u1,Monday,Clear,India Gate,18,Low,18
u1,Wednesday,Clear,Nehru Place Office,10,Medium,8
u1,Saturday,Clear,Connaught Place,10,Low,10
u1,Wednesday,Clear,Nehru Place Office,6,Medium,8
u1,Thursday,Clouds,Nehru Place Office,10,Medium,8
u1,Monday,Clouds,Nehru Place Office,8,Medium,8
u1,Tuesday,Haze,Connaught Place,10,Medium,9
u1,Monday,Drizzle,Nehru Place Office,6,Medium,7
u1,Monday,Clouds,Nehru Place Office,6,Medium,8
u1,Wednesday,Clouds,Nehru Place Office,8,Medium,8
u1,Wednesday,Clouds,India Gate,18,Low,18
u1,Thursday,Clouds,Connaught Place,8,Medium,9
u1,Thursday,Clear,Nehru Place Office,9,Medium,8
u1,Thursday,Clouds,Connaught Place,9,Medium,9
u1,Tuesday,Clouds,Nehru Place Office,6,Medium,8
u1,Thursday,Drizzle,Nehru Place Office,6,Medium,7
u1,Wednesday,Drizzle,Nehru Place Office,8,Medium,7
u1,Sunday,Rain,Connaught Place,8,Medium,9
u1,Tuesday,Clouds,Connaught Place,8,Medium,9
u1,Saturday,Fog,India Gate,20,Medium,17
u1,Friday,Drizzle,Nehru Place Office,10,Medium,7
u1,Tuesday,Haze,Nehru Place Office,8,Medium,8
u1,Thursday,Clear,Connaught Place,8,Medium,9
u1,Saturday,Clouds,Nehru Place Office,9,Low,9
u1,Friday,Clear,India Gate,18,Low,18
u1,Thursday,Clear,Connaught Place,8,Medium,9
u1,Wednesday,Clear,India Gate,18,Low,18
u1,Saturday,Clear,Nehru Place Office,9,Low,9
u1,Thursday,Clouds,Nehru Place Office,10,Medium,8
u1,Saturday,Clear,India Gate,18,Low,18
u1,Monday,Clear,Nehru Place Office,8,Medium,8
u1,Wednesday,Clouds,Nehru Place Office,9,Medium,8
u1,Tuesday,Fog,Connaught Place,7,Medium,8
u1,Wednesday,Clear,Nehru Place Office,10,Medium,8
u1,Tuesday,Haze,Nehru Place Office,8,Medium,8
u1,Thursday,Clouds,Connaught Place,8,Medium,9
u1,Friday,Clouds,Connaught Place,8,Medium,9
u1,Wednesday,Clear,India Gate,19,Low,18
u1,Wednesday,Rain,Connaught Place,10,Medium,8
u1,Sunday,Rain,Connaught Place,8,Medium,9
u1,Thursday,Clouds,Nehru Place Office,8,Medium,8
u1,Tuesday,Rain,Nehru Place Office,7,High,6
u1,Wednesday,Haze,Nehru Place Office,9,Medium,8
u1,Sunday,Haze,India Gate,20,Medium,18
u1,Saturday,Haze,Nehru Place Office,8,Medium,9
u1,Sunday,Fog,India Gate,16,Medium,17
u1,Friday,Clear,Nehru Place Office,9,Medium,8
u1,Thursday,Clear,Nehru Place Office,7,Medium,8
u1,Friday,Clouds,India Gate,19,Low,18
u1,Monday,Fog,Connaught Place,10,Medium,8
u1,Tuesday,Clouds,Nehru Place Office,10,Medium,8
u1,Saturday,Haze,Nehru Place Office,8,Medium,9
u1,Friday,Clear,Nehru Place Office,9,Medium,8
u1,Tuesday,Rain,Connaught Place,9,High,7
u1,Friday,Clouds,Nehru Place Office,8,Medium,8
u1,Friday,Clouds,Nehru Place Office,7,Medium,8
u1,Tuesday,Rain,Nehru Place Office,10,High,6
u1,Wednesday,Clear,Connaught Place,7,Medium,9
u1,Tuesday,Haze,Nehru Place Office,10,Medium,8
u1,Thursday,Clouds,Nehru Place Office,8,Medium,8
u1,Tuesday,Haze,Nehru Place Office,8,Medium,8
u1,Wednesday,Rain,Nehru Place Office,7,High,6
u1,Tuesday,Haze,Nehru Place Office,8,Medium,8
u1,Sunday,Drizzle,Nehru Place Office,9,Medium,8
u1,Wednesday,Clouds,Nehru Place Office,8,Medium,8
u1,Wednesday,Fog,Nehru Place Office,7,Medium,7
u1,Wednesday,Fog,Nehru Place Office,8,Medium,7
u1,Tuesday,Clouds,Connaught Place,9,Medium,9
u1,Wednesday,Rain,Nehru Place Office,6,High,6
u1,Wednesday,Fog,Nehru Place Office,8,Medium,7
u1,Tuesday,Fog,Nehru Place Office,10,Medium,7
u1,Saturday,Haze,Nehru Place Office,8,Medium,9
u1,Wednesday,Fog,India Gate,17,Medium,17
u1,Tuesday,Clouds,Connaught Place,11,Medium,9
u1,Sunday,Clouds,Nehru Place Office,9,Low,9
u1,Monday,Fog,Nehru Place Office,10,Medium,7
u1,Wednesday,Rain,Connaught Place,11,Medium,8
u1,Sunday,Clouds,Connaught Place,12,Low,10
u1,Tuesday,Clear,Connaught Place,9,Medium,9
u1,Thursday,Clouds,India Gate,16,Low,18
u1,Thursday,Rain,Nehru Place Office,10,High,6
u1,Tuesday,Rain,Connaught Place,9,High,7
u1,Thursday,Clouds,Connaught Place,9,Medium,9
u1,Friday,Clear,Nehru Place Office,9,Medium,8
u1,Tuesday,Clouds,Connaught Place,8,Medium,9
u1,Thursday,Clouds,Connaught Place,9,Medium,9
u1,Thursday,Clouds,Nehru Place Office,8,Medium,8
u1,Friday,Rain,Nehru Place Office,9,High,6
u1,Friday,Clear,Nehru Place Office,7,Medium,8
u1,Sunday,Clouds,India Gate,18,Low,18
u1,Tuesday,Clouds,Connaught Place,7,Medium,9
u1,Thursday,Clouds,India Gate,17,Low,18
u1,Saturday,Clear,Nehru Place Office,10,Low,9
u1,Wednesday,Clouds,Nehru Place Office,8,Medium,8
u1,Friday,Clear,Connaught Place,11,Medium,9
u1,Thursday,Thunderstorm,Nehru Place Office,8,High,7
u1,Tuesday,Clouds,Nehru Place Office,8,Medium,8
u1,Tuesday,Clouds,Nehru Place Office,6,Medium,8
u1,Saturday,Clear,Nehru Place Office,11,Low,9
u1,Saturday,Clear,Connaught Place,10,Low,10
u1,Wednesday,Clouds,Connaught Place,9,Medium,9
u1,Thursday,Clouds,Nehru Place Office,9,Medium,8
u1,Friday,Rain,Connaught Place,11,High,7
u1,Monday,Clear,Connaught Place,11,Medium,9
u1,Sunday,Clear,India Gate,18,Low,18
u1,Thursday,Clouds,India Gate,17,Low,18
u1,Wednesday,Clear,India Gate,20,Low,18
u1,Tuesday,Clear,Nehru Place Office,9,Medium,8
u1,Friday,Clouds,Nehru Place Office,7,Medium,8
u1,Tuesday,Clear,Nehru Place Office,8,Medium,8
u1,Thursday,Fog,Nehru Place Office,8,Medium,7
u1,Monday,Clear,Connaught Place,10,Medium,9
u1,Wednesday,Clear,India Gate,17,Low,18
u1,Friday,Haze,Connaught Place,8,Medium,9
u1,Monday,Clear,Nehru Place Office,8,Medium,8
u1,Tuesday,Clouds,Nehru Place Office,6,Medium,8
u1,Monday,Rain,Nehru Place Office,8,High,6
u1,Thursday,Fog,Nehru Place Office,8,Medium,7
u1,Wednesday,Rain,India Gate,18,Medium,17
u1,Thursday,Clear,Connaught Place,9,Medium,9
u1,Friday,Thunderstorm,India Gate,19,Medium,18
u1,Saturday,Clear,Nehru Place Office,9,Low,9
u1,Tuesday,Clear,Connaught Place,9,Medium,9
u1,Friday,Clouds,India Gate,18,Low,18
u1,Tuesday,Clear,India Gate,16,Low,18
u1,Thursday,Clouds,Nehru Place Office,9,Medium,8
u1,Monday,Clear,Nehru Place Office,8,Medium,8
u1,Tuesday,Fog,Nehru Place Office,7,Medium,7
u1,Wednesday,Clouds,Nehru Place Office,10,Medium,8
u1,Tuesday,Thunderstorm,Nehru Place Office,6,High,7
u1,Friday,Rain,India Gate,18,Medium,17
u1,Wednesday,Clear,Connaught Place,7,Medium,9
u1,Thursday,Drizzle,India Gate,20,Medium,17
u1,Friday,Clouds,Nehru Place Office,7,Medium,8
u1,Monday,Haze,Nehru Place Office,7,Medium,8
u1,Friday,Rain,Nehru Place Office,8,High,6
u1,Monday,Clouds,Nehru Place Office,8,Medium,8
u1,Monday,Haze,Connaught Place,7,Medium,9
u1,Monday,Clear,Nehru Place Office,7,Medium,8
u1,Tuesday,Haze,Connaught Place,7,Medium,9
u1,Tuesday,Clouds,Connaught Place,10,Medium,9
u1,Thursday,Haze,Nehru Place Office,7,Medium,8
u1,Tuesday,Fog,Nehru Place Office,7,Medium,7
u1,Friday,Clear,Nehru Place Office,6,Medium,8
u1,Sunday,Clear,Connaught Place,12,Low,10
u1,Thursday,Drizzle,Connaught Place,11,Medium,8
u1,Tuesday,Haze,Nehru Place Office,6,Medium,8
u1,Sunday,Clear,India Gate,18,Low,18
u1,Monday,Clear,India Gate,20,Low,18
u1,Thursday,Drizzle,Nehru Place Office,7,Medium,7
u1,Saturday,Clear,Connaught Place,8,Low,10
u1,Monday,Clear,India Gate,20,Low,18
u1,Thursday,Thunderstorm,Nehru Place Office,8,High,7
u1,Thursday,Clear,Nehru Place Office,8,Medium,8
u1,Thursday,Clear,Nehru Place Office,7,Medium,8
u1,Wednesday,Clouds,Connaught Place,9,Medium,9
u1,Thursday,Clouds,Connaught Place,10,Medium,9
u1,Sunday,Fog,Connaught Place,9,Medium,9
u1,Tuesday,Rain,Nehru Place Office,7,Medium,7
u1,Monday,Clouds,Connaught Place,8,Medium,9
u1,Monday,Drizzle,Nehru Place Office,7,Medium,7
u1,Monday,Rain,Nehru Place Office,9,High,6
u1,Monday,Clouds,Nehru Place Office,6,Medium,8
u1,Monday,Fog,India Gate,17,Medium,17
u1,Tuesday,Haze,India Gate,16,Medium,18
u1,Monday,Clear,Nehru Place Office,7,Medium,8
u1,Thursday,Rain,Nehru Place Office,7,High,6
u1,Friday,Clouds,Nehru Place Office,8,Medium,8
u1,Monday,Drizzle,Connaught Place,9,Medium,8
u1,Friday,Haze,Nehru Place Office,8,Medium,8
u1,Sunday,Clear,Connaught Place,12,Low,10
u1,Tuesday,Haze,Connaught Place,10,Medium,9
u1,Saturday,Clear,India Gate,19,Low,18
u1,Thursday,Clear,India Gate,19,Low,18
u1,Tuesday,Clouds,Connaught Place,10,Medium,9
u1,Wednesday,Clear,Connaught Place,9,Medium,9
u1,Thursday,Rain,Nehru Place Office,9,High,6
u1,Friday,Rain,Nehru Place Office,8,Medium,7
u1,Saturday,Fog,Nehru Place Office,8,Medium,8
u1,Thursday,Fog,Nehru Place Office,7,Medium,7
u1,Saturday,Clear,Connaught Place,11,Low,10
u1,Sunday,Clouds,Nehru Place Office,9,Low,9
u1,Friday,Fog,Nehru Place Office,8,Medium,7
u1,Monday,Clear,Connaught Place,8,Medium,9
u1,Monday,Fog,India Gate,18,Medium,17
u1,Monday,Clear,Connaught Place,10,Medium,9
u1,Thursday,Haze,Connaught Place,9,Medium,9
u1,Friday,Rain,Nehru Place Office,9,High,6
u1,Tuesday,Drizzle,Connaught Place,10,Medium,8
u1,Wednesday,Haze,Nehru Place Office,8,Medium,8
u1,Thursday,Clouds,Connaught Place,9,Medium,9
u1,Wednesday,Rain,India Gate,17,Medium,17
u1,Thursday,Haze,Connaught Place,10,Medium,9
u1,Saturday,Haze,India Gate,17,Medium,18
u1,Wednesday,Thunderstorm,Nehru Place Office,8,High,7
u1,Tuesday,Clouds,Nehru Place Office,9,Medium,8
u1,Friday,Clear,Nehru Place Office,8,Medium,8
u1,Saturday,Rain,Nehru Place Office,7,Medium,8
u1,Wednesday,Clear,Nehru Place Office,9,Medium,8
u1,Saturday,Fog,Nehru Place Office,9,Medium,8
u1,Sunday,Clouds,Connaught Place,10,Low,10
u1,Sunday,Clouds,Nehru Place Office,11,Low,9
u1,Friday,Clear,India Gate,20,Low,18
u1,Tuesday,Clear,India Gate,16,Low,18
u1,Thursday,Haze,Nehru Place Office,10,Medium,8
u1,Monday,Fog,Connaught Place,11,Medium,8
u1,Sunday,Clouds,Nehru Place Office,7,Low,9
u1,Sunday,Rain,Nehru Place Office,9,Medium,8
u1,Tuesday,Clear,Connaught Place,7,Medium,9
u1,Saturday,Clouds,Nehru Place Office,9,Low,9
u1,Wednesday,Rain,Connaught Place,10,High,7
u1,Friday,Clouds,Connaught Place,7,Medium,9
u1,Friday,Clouds,Nehru Place Office,8,Medium,8
u1,Wednesday,Rain,Nehru Place Office,9,High,6
u1,Tuesday,Fog,Nehru Place Office,9,Medium,7
u1,Friday,Drizzle,Connaught Place,10,Medium,8
u1,Friday,Drizzle,Nehru Place Office,8,Medium,7
u1,Sunday,Clear,Connaught Place,9,Low,10
u1,Tuesday,Rain,Nehru Place Office,8,High,6
u1,Monday,Clouds,Nehru Place Office,6,Medium,8
u1,Sunday,Fog,Nehru Place Office,7,Medium,8
u1,Friday,Clouds,India Gate,18,Low,18
u1,Thursday,Rain,Nehru Place Office,10,Medium,7
u1,Friday,Clear,Connaught Place,11,Medium,9
u1,Wednesday,Clear,Connaught Place,9,Medium,9
u1,Friday,Clouds,India Gate,19,Low,18
u1,Friday,Clouds,Nehru Place Office,8,Medium,8
u1,Tuesday,Fog,Connaught Place,11,Medium,8
u1,Wednesday,Rain,Nehru Place Office,9,Medium,7
u1,Friday,Clouds,Nehru Place Office,7,Medium,8
u1,Thursday,Clear,Nehru Place Office,10,Medium,8
u1,Saturday,Rain,Nehru Place Office,11,Medium,8
u1,Sunday,Haze,Nehru Place Office,11,Medium,9
u1,Tuesday,Clear,Nehru Place Office,10,Medium,8
u1,Thursday,Fog,Connaught Place,10,Medium,8
u1,Thursday,Rain,Nehru Place Office,8,Medium,7
u1,Thursday,Clouds,India Gate,19,Low,18
u1,Monday,Clouds,Nehru Place Office,9,Medium,8
u1,Friday,Rain,Nehru Place Office,8,Medium,7
u1,Saturday,Clear,Nehru Place Office,7,Low,9
u1,Saturday,Haze,Nehru Place Office,7,Medium,9
u1,Thursday,Clouds,Nehru Place Office,7,Medium,8
u1,Tuesday,Clouds,India Gate,18,Low,18
u1,Saturday,Clouds,Connaught Place,11,Low,10
u1,Monday,Haze,India Gate,19,Medium,18
u1,Tuesday,Clear,India Gate,17,Low,18
u1,Wednesday,Clear,Nehru Place Office,8,Medium,8
u1,Tuesday,Fog,Nehru Place Office,8,Medium,7
u1,Tuesday,Rain,Nehru Place Office,7,High,6
u1,Sunday,Thunderstorm,Connaught Place,12,Medium,10
u1,Sunday,Rain,India Gate,17,Medium,17
u1,Friday,Clear,Nehru Place Office,8,Medium,8
u1,Friday,Rain,Connaught Place,7,High,7
u1,Wednesday,Haze,Nehru Place Office,7,Medium,8
u1,Tuesday,Clear,Nehru Place Office,10,Medium,8
u1,Friday,Clouds,Nehru Place Office,8,Medium,8
u1,Friday,Clouds,India Gate,18,Low,18
u1,Wednesday,Rain,Connaught Place,10,Medium,8
u1,Friday,Fog,Connaught Place,10,Medium,8
u1,Sunday,Clear,India Gate,18,Low,18
u1,Thursday,Clear,Connaught Place,8,Medium,9
u1,Wednesday,Thunderstorm,Connaught Place,9,High,8
u1,Sunday,Rain,Connaught Place,12,Medium,9
u1,Monday,Clear,India Gate,20,Low,18
u1,Thursday,Haze,Nehru Place Office,10,Medium,8
u1,Friday,Rain,India Gate,18,Medium,17
u1,Sunday,Clear,India Gate,16,Low,18
u1,Sunday,Rain,Nehru Place Office,8,Medium,8
u1,Thursday,Clouds,Nehru Place Office,6,Medium,8
u1,Monday,Clear,Connaught Place,10,Medium,9
u1,Friday,Thunderstorm,Connaught Place,9,High,8
u1,Saturday,Clear,Nehru Place Office,7,Low,9
u1,Tuesday,Clear,Nehru Place Office,6,Medium,8
u1,Thursday,Fog,Nehru Place Office,6,Medium,7
u1,Monday,Clouds,Connaught Place,9,Medium,9
u1,Monday,Clear,Nehru Place Office,8,Medium,8
u1,Tuesday,Clear,Nehru Place Office,8,Medium,8
u1,Friday,Clouds,Nehru Place Office,9,Medium,8
u1,Friday,Rain,Nehru Place Office,8,High,6
u1,Saturday,Clear,Connaught Place,9,Low,10
u1,Tuesday,Clear,Nehru Place Office,8,Medium,8
u1,Tuesday,Clear,Nehru Place Office,7,Medium,8
u1,Friday,Clouds,India Gate,17,Low,18
u1,Thursday,Fog,India Gate,18,Medium,17
u1,Thursday,Rain,Nehru Place Office,10,Medium,7
u1,Tuesday,Clear,Nehru Place Office,8,Medium,8
u1,Friday,Clouds,India Gate,16,Low,18
u1,Sunday,Clear,Nehru Place Office,9,Low,9
u1,Thursday,Clouds,India Gate,20,Low,18
u1,Tuesday,Clear,Nehru Place Office,8,Medium,8
u1,Sunday,Haze,Nehru Place Office,9,Medium,9
u1,Thursday,Clear,Connaught Place,10,Medium,9
u1,Friday,Rain,India Gate,19,Medium,17
u1,Wednesday,Thunderstorm,India Gate,18,Medium,18
u1,Monday,Haze,Nehru Place Office,9,Medium,8
u1,Tuesday,Clear,Nehru Place Office,9,Medium,8
u1,Tuesday,Clouds,Connaught Place,9,Medium,9
u1,Friday,Clear,Connaught Place,11,Medium,9
u1,Monday,Haze,Nehru Place Office,9,Medium,8
u1,Wednesday,Rain,Nehru Place Office,8,High,6
u1,Thursday,Clear,Nehru Place Office,8,Medium,8
u1,Tuesday,Drizzle,Nehru Place Office,10,Medium,7
u1,Tuesday,Clouds,Nehru Place Office,7,Medium,8
u1,Thursday,Clear,Connaught Place,7,Medium,9
u1,Friday,Drizzle,Nehru Place Office,6,Medium,7
u1,Monday,Clear,India Gate,18,Low,18
u1,Wednesday,Clouds,India Gate,19,Low,18
u1,Tuesday,Rain,Connaught Place,9,High,7
u1,Monday,Clouds,Nehru Place Office,9,Medium,8
u1,Friday,Clouds,Nehru Place Office,9,Medium,8
u1,Tuesday,Clear,Nehru Place Office,8,Medium,8
u1,Monday,Clear,Connaught Place,11,Medium,9
u1,Tuesday,Haze,Connaught Place,10,Medium,9
u1,Wednesday,Drizzle,Nehru Place Office,8,High,6
u1,Thursday,Clear,India Gate,19,Low,18
u1,Sunday,Clear,Nehru Place Office,7,Low,9
u1,Monday,Rain,India Gate,20,Medium,17
u1,Monday,Haze,India Gate,16,Medium,18
u1,Wednesday,Fog,India Gate,20,Medium,17
u1,Monday,Clouds,Connaught Place,10,Medium,9
u1,Thursday,Haze,Nehru Place Office,8,Medium,8
u1,Friday,Clear,India Gate,20,Low,18
u1,Tuesday,Haze,Nehru Place Office,9,Medium,8
u1,Tuesday,Clear,Connaught Place,7,Medium,9
u1,Tuesday,Rain,Connaught Place,8,High,7
u1,Tuesday,Haze,Connaught Place,11,Medium,9
u1,Wednesday,Clouds,Nehru Place Office,7,Medium,8
u1,Monday,Clouds,Connaught Place,8,Medium,9
u1,Thursday,Haze,India Gate,20,Medium,18
u1,Tuesday,Fog,Connaught Place,9,Medium,8
u1,Tuesday,Clouds,Nehru Place Office,8,Medium,8
u1,Friday,Fog,India Gate,20,Medium,17
u1,Sunday,Fog,Nehru Place Office,8,Medium,8
u1,Thursday,Clouds,Nehru Place Office,7,Medium,8
u1,Sunday,Clear,Nehru Place Office,9,Low,9
u1,Saturday,Clouds,Connaught Place,12,Low,10
u1,Saturday,Clear,Nehru Place Office,10,Low,9
u1,Monday,Haze,India Gate,18,Medium,18
u1,Wednesday,Drizzle,Connaught Place,7,Medium,8
u1,Friday,Clear,Nehru Place Office,8,Medium,8
u1,Friday,Fog,Connaught Place,10,Medium,8
u1,Tuesday,Clear,Nehru Place Office,8,Medium,8
u1,Thursday,Thunderstorm,Connaught Place,9,High,8
u1,Sunday,Clear,Connaught Place,8,Low,10
u1,Monday,Clear,Nehru Place Office,6,Medium,8
u1,Friday,Fog,Nehru Place Office,8,Medium,7
u1,Sunday,Clear,Nehru Place Office,7,Low,9
u1,Friday,Haze,Nehru Place Office,8,Medium,8
u1,Thursday,Haze,Nehru Place Office,9,Medium,8
u1,Saturday,Rain,Connaught Place,12,Medium,9
u1,Friday,Fog,India Gate,18,Medium,17
u1,Sunday,Clear,Connaught Place,9,Low,10
u1,Friday,Haze,Nehru Place Office,9,Medium,8
u1,Wednesday,Clear,Nehru Place Office,6,Medium,8
u1,Thursday,Clear,Nehru Place Office,10,Medium,8
u1,Friday,Clear,Connaught Place,11,Medium,9
u1,Thursday,Fog,Connaught Place,8,Medium,8
u1,Monday,Clear,Nehru Place Office,6,Medium,8
u1,Thursday,Clouds,Connaught Place,9,Medium,9
u1,Saturday,Clouds,Nehru Place Office,7,Low,9
u1,Saturday,Haze,India Gate,19,Medium,18
u1,Saturday,Clear,Connaught Place,10,Low,10
u1,Tuesday,Clear,Nehru Place Office,9,Medium,8
u1,Sunday,Haze,Nehru Place Office,10,Medium,9
u1,Thursday,Haze,Nehru Place Office,7,Medium,8
u1,Friday,Haze,Nehru Place Office,6,Medium,8
u1,Wednesday,Rain,Connaught Place,9,High,7
u1,Wednesday,Clear,India Gate,20,Low,18
u1,Tuesday,Clear,Nehru Place Office,8,Medium,8
u1,Tuesday,Clear,Nehru Place Office,10,Medium,8
u1,Tuesday,Clouds,Nehru Place Office,8,Medium,8
u1,Saturday,Clouds,Nehru Place Office,11,Low,9
u1,Monday,Clear,Nehru Place Office,8,Medium,8
u1,Wednesday,Drizzle,Nehru Place Office,8,High,6
u1,Saturday,Clear,Nehru Place Office,9,Low,9
u1,Monday,Clear,Nehru Place Office,8,Medium,8
u1,Tuesday,Haze,India Gate,18,Medium,18
u1,Tuesday,Haze,Nehru Place Office,9,Medium,8
u1,Tuesday,Clouds,Nehru Place Office,8,Medium,8
u1,Sunday,Clear,India Gate,20,Low,18
u1,Thursday,Clouds,Nehru Place Office,9,Medium,8
u1,Friday,Clouds,India Gate,18,Low,18
u1,Friday,Rain,Nehru Place Office,8,Medium,7
u1,Tuesday,Clear,Connaught Place,9,Medium,9
u1,Saturday,Clouds,Nehru Place Office,9,Low,9
u1,Sunday,Rain,Nehru Place Office,10,Medium,8
u1,Wednesday,Drizzle,Nehru Place Office,6,Medium,7
u1,Saturday,Clear,India Gate,16,Low,18
u1,Thursday,Clear,Connaught Place,7,Medium,9
u1,Thursday,Clear,Connaught Place,9,Medium,9
u1,Friday,Clear,Connaught Place,9,Medium,9
u1,Saturday,Haze,Connaught Place,12,Medium,10
u1,Tuesday,Clouds,India Gate,18,Low,18
u1,Saturday,Drizzle,India Gate,18,Medium,17
u1,Tuesday,Rain,Nehru Place Office,10,High,6
u1,Thursday,Clouds,Connaught Place,9,Medium,9
u1,Sunday,Clouds,Nehru Place Office,10,Low,9
u1,Wednesday,Fog,Nehru Place Office,9,Medium,7
u1,Thursday,Clear,Nehru Place Office,9,Medium,8
u1,Tuesday,Clear,Nehru Place Office,8,Medium,8
u1,Wednesday,Clear,Nehru Place Office,10,Medium,8
u1,Thursday,Clouds,Nehru Place Office,8,Medium,8
u1,Saturday,Clouds,Nehru Place Office,11,Low,9
u1,Tuesday,Thunderstorm,Nehru Place Office,7,High,7
u1,Wednesday,Clouds,Connaught Place,7,Medium,9
u1,Tuesday,Haze,Connaught Place,8,Medium,9
u1,Sunday,Clear,Nehru Place Office,9,Low,9
u1,Wednesday,Haze,Nehru Place Office,8,Medium,8
u1,Tuesday,Rain,Nehru Place Office,7,High,6
u1,Tuesday,Clouds,Nehru Place Office,9,Medium,8
u1,Thursday,Drizzle,Connaught Place,8,Medium,8
u1,Monday,Clear,Connaught Place,11,Medium,9
u1,Wednesday,Clear,India Gate,19,Low,18
u1,Wednesday,Rain,Nehru Place Office,8,High,6
u1,Wednesday,Haze,India Gate,18,Medium,18
u1,Monday,Clear,Nehru Place Office,10,Medium,8
u1,Friday,Fog,Connaught Place,8,Medium,8
u1,Friday,Rain,India Gate,16,Medium,17
u1,Friday,Clear,Nehru Place Office,8,Medium,8
u1,Thursday,Clear,Nehru Place Office,6,Medium,8
u1,Wednesday,Clear,Nehru Place Office,10,Medium,8
u1,Sunday,Haze,Nehru Place Office,11,Medium,9
u1,Tuesday,Clouds,Nehru Place Office,10,Medium,8
u1,Friday,Clouds,Nehru Place Office,8,Medium,8
u1,Wednesday,Clear,Nehru Place Office,6,Medium,8
u1,Monday,Clear,Nehru Place Office,7,Medium,8
u1,Wednesday,Haze,India Gate,16,Medium,18
u1,Sunday,Clouds,Nehru Place Office,9,Low,9
u1,Saturday,Fog,Nehru Place Office,11,Medium,8
u1,Sunday,Clear,Nehru Place Office,8,Low,9
u1,Monday,Clouds,India Gate,19,Low,18
u1,Tuesday,Fog,Connaught Place,9,Medium,8
u1,Thursday,Fog,Nehru Place Office,8,Medium,7
u1,Thursday,Clouds,Nehru Place Office,8,Medium,8
u1,Saturday,Haze,India Gate,16,Medium,18
u1,Friday,Clouds,Nehru Place Office,8,Medium,8
u1,Wednesday,Haze,Connaught Place,11,Medium,9
u1,Saturday,Rain,Nehru Place Office,9,Medium,8
u1,Monday,Haze,Connaught Place,10,Medium,9
u1,Saturday,Rain,Connaught Place,9,Medium,9
u1,Saturday,Clouds,Connaught Place,12,Low,10
u1,Friday,Clouds,India Gate,19,Low,18
u1,Tuesday,Clear,Connaught Place,8,Medium,9
u1,Tuesday,Clear,Nehru Place Office,8,Medium,8
u1,Monday,Thunderstorm,Nehru Place Office,6,High,7
u1,Wednesday,Clear,Connaught Place,11,Medium,9
u1,Thursday,Haze,Nehru Place Office,10,Medium,8
u1,Friday,Clear,Nehru Place Office,10,Medium,8
u1,Friday,Fog,Nehru Place Office,6,Medium,7
u1,Thursday,Fog,Nehru Place Office,6,Medium,7
u1,Wednesday,Clouds,India Gate,16,Low,18
u1,Friday,Clouds,Nehru Place Office,8,Medium,8
u1,Tuesday,Haze,Connaught Place,9,Medium,9
u1,Thursday,Fog,Nehru Place Office,8,Medium,7
u1,Saturday,Drizzle,India Gate,16,Medium,17
u1,Sunday,Clouds,India Gate,19,Low,18
u1,Monday,Rain,Nehru Place Office,6,High,6
u1,Friday,Drizzle,India Gate,17,Medium,17
u1,Wednesday,Clouds,Connaught Place,9,Medium,9
u1,Friday,Clouds,India Gate,17,Low,18
u1,Sunday,Clear,Nehru Place Office,10,Low,9
u1,Wednesday,Clear,Nehru Place Office,7,Medium,8
u1,Thursday,Thunderstorm,Nehru Place Office,8,High,7
u1,Friday,Rain,Nehru Place Office,6,High,6
u1,Sunday,Haze,Nehru Place Office,9,Medium,9
u1,Tuesday,Clouds,Connaught Place,11,Medium,9
u1,Saturday,Clear,Nehru Place Office,9,Low,9
u1,Monday,Clear,Nehru Place Office,6,Medium,8
u1,Monday,Fog,Connaught Place,8,Medium,8
u1,Friday,Thunderstorm,India Gate,18,Medium,18
u1,Monday,Clear,Connaught Place,10,Medium,9
u1,Thursday,Clouds,Nehru Place Office,6,Medium,8
u1,Monday,Fog,Connaught Place,11,Medium,8
u1,Saturday,Clear,India Gate,18,Low,18
u1,Saturday,Clouds,Nehru Place Office,9,Low,9
u1,Sunday,Clear,Nehru Place Office,10,Low,9
u1,Sunday,Clear,India Gate,16,Low,18
u1,Thursday,Clouds,Connaught Place,10,Medium,9
u1,Saturday,Rain,Nehru Place Office,11,Medium,8
u1,Thursday,Fog,Connaught Place,7,Medium,8
u1,Thursday,Clear,Nehru Place Office,7,Medium,8
u1,Sunday,Clouds,Connaught Place,9,Low,10
u1,Monday,Clouds,Nehru Place Office,8,Medium,8
u1,Friday,Clouds,India Gate,18,Low,18
u1,Wednesday,Clouds,Nehru Place Office,8,Medium,8
u1,Saturday,Clouds,Nehru Place Office,11,Low,9
u1,Sunday,Clear,Nehru Place Office,10,Low,9
u1,Monday,Clouds,Nehru Place Office,6,Medium,8
u1,Sunday,Haze,India Gate,16,Medium,18
u1,Monday,Haze,Nehru Place Office,7,Medium,8
u1,Thursday,Clouds,Connaught Place,7,Medium,9
u1,Friday,Clear,Nehru Place Office,8,Medium,8
u1,Thursday,Clouds,Nehru Place Office,7,Medium,8
u1,Saturday,Fog,Nehru Place Office,11,Medium,8
u1,Monday,Haze,India Gate,18,Medium,18
u1,Thursday,Fog,Nehru Place Office,10,Medium,7
u1,Wednesday,Fog,Nehru Place Office,8,Medium,7
u1,Saturday,Rain,Connaught Place,12,Medium,9
u1,Friday,Clear,Nehru Place Office,8,Medium,8
u1,Friday,Fog,Nehru Place Office,7,Medium,7
u1,Friday,Fog,Nehru Place Office,6,Medium,7
u1,Tuesday,Clear,Nehru Place Office,7,Medium,8
u1,Thursday,Rain,Nehru Place Office,6,High,6
u1,Friday,Clouds,Connaught Place,9,Medium,9
u1,Saturday,Clear,Nehru Place Office,9,Low,9
u1,Monday,Haze,Connaught Place,11,Medium,9
u1,Friday,Clouds,India Gate,16,Low,18
u1,Friday,Haze,India Gate,16,Medium,18
u1,Saturday,Clouds,India Gate,17,Low,18
u1,Friday,Clouds,Nehru Place Office,9,Medium,8
u1,Wednesday,Clear,Connaught Place,7,Medium,9
u1,Friday,Thunderstorm,Nehru Place Office,8,High,7
u1,Saturday,Clouds,Nehru Place Office,11,Low,9
u1,Saturday,Clear,India Gate,16,Low,18
u1,Monday,Clouds,Nehru Place Office,9,Medium,8
u1,Monday,Clouds,Nehru Place Office,9,Medium,8
u1,Tuesday,Clouds,India Gate,18,Low,18
u1,Tuesday,Clouds,India Gate,18,Low,18
u1,Tuesday,Thunderstorm,Nehru Place Office,8,High,7
u1,Wednesday,Fog,Nehru Place Office,8,Medium,7
u1,Wednesday,Haze,Nehru Place Office,6,Medium,8
u1,Tuesday,Clear,India Gate,17,Low,18
u1,Friday,Clear,Nehru Place Office,8,Medium,8
u1,Wednesday,Rain,Nehru Place Office,8,High,6
u1,Wednesday,Clear,Nehru Place Office,7,Medium,8
u1,Thursday,Haze,Connaught Place,10,Medium,9
u1,Monday,Clear,Nehru Place Office,8,Medium,8
u1,Wednesday,Clear,Nehru Place Office,10,Medium,8
u1,Monday,Clouds,Nehru Place Office,9,Medium,8
u1,Wednesday,Clear,Connaught Place,9,Medium,9
u1,Wednesday,Clear,Nehru Place Office,8,Medium,8
u1,Monday,Rain,Nehru Place Office,7,Medium,7
u1,Tuesday,Clouds,India Gate,17,Low,18
u1,Sunday,Clouds,Nehru Place Office,9,Low,9
u1,Monday,Haze,India Gate,20,Medium,18
u1,Tuesday,Clear,Nehru Place Office,10,Medium,8
u1,Thursday,Fog,Nehru Place Office,7,Medium,7
u1,Monday,Clouds,Nehru Place Office,10,Medium,8
u1,Tuesday,Clouds,Nehru Place Office,7,Medium,8
u1,Monday,Clear,Nehru Place Office,8,Medium,8
u1,Thursday,Clear,Nehru Place Office,7,Medium,8
u1,Monday,Clouds,Nehru Place Office,9,Medium,8
u1,Friday,Clouds,Nehru Place Office,7,Medium,8
u1,Tuesday,Haze,Connaught Place,7,Medium,9
u1,Monday,Rain,Nehru Place Office,7,High,6
u1,Thursday,Clear,Nehru Place Office,8,Medium,8
u1,Sunday,Clear,India Gate,16,Low,18
u1,Sunday,Clouds,Nehru Place Office,9,Low,9
u1,Thursday,Drizzle,Nehru Place Office,8,Medium,7
u1,Thursday,Clouds,Nehru Place Office,7,Medium,8
u1,Thursday,Clear,Nehru Place Office,10,Medium,8
u1,Thursday,Clear,Nehru Place Office,10,Medium,8
u1,Tuesday,Haze,Nehru Place Office,8,Medium,8
u1,Monday,Clouds,Nehru Place Office,8,Medium,8
u1,Wednesday,Rain,Nehru Place Office,10,Medium,7
u1,Tuesday,Clear,Nehru Place Office,6,Medium,8
u1,Monday,Clear,Nehru Place Office,6,Medium,8
u1,Friday,Clear,India Gate,19,Low,18
u1,Thursday,Clear,Nehru Place Office,6,Medium,8
u1,Monday,Clear,Nehru Place Office,8,Medium,8
u1,Friday,Drizzle,Connaught Place,11,Medium,8
u1,Wednesday,Haze,Nehru Place Office,6,Medium,8
u1,Tuesday,Clouds,Nehru Place Office,9,Medium,8
u1,Saturday,Clear,Connaught Place,10,Low,10
u1,Tuesday,Haze,Nehru Place Office,9,Medium,8
u1,Monday,Clear,Nehru Place Office,9,Medium,8
u1,Monday,Clouds,Nehru Place Office,8,Medium,8
u1,Sunday,Haze,Connaught Place,10,Medium,10
u1,Tuesday,Clouds,Nehru Place Office,7,Medium,8
u1,Friday,Rain,Connaught Place,9,Medium,8
u1,Thursday,Clouds,India Gate,16,Low,18
u1,Monday,Rain,Nehru Place Office,7,High,6
u1,Friday,Clouds,Connaught Place,11,Medium,9
u1,Thursday,Haze,Nehru Place Office,9,Medium,8
u1,Wednesday,Clouds,Nehru Place Office,8,Medium,8
u1,Monday,Rain,Nehru Place Office,8,High,6
u1,Tuesday,Rain,Nehru Place Office,6,High,6
u1,Friday,Clouds,Nehru Place Office,7,Medium,8
u1,Sunday,Haze,Nehru Place Office,11,Medium,9
u1,Wednesday,Rain,Nehru Place Office,6,High,6
u1,Monday,Clear,Connaught Place,9,Medium,9
u1,Monday,Haze,India Gate,19,Medium,18
u1,Monday,Clear,Nehru Place Office,6,Medium,8
u1,Tuesday,Clear,India Gate,20,Low,18
u1,Saturday,Clear,Nehru Place Office,9,Low,9
u1,Sunday,Clouds,Nehru Place Office,8,Low,9
u1,Wednesday,Rain,Nehru Place Office,6,High,6
u1,Friday,Rain,India Gate,20,Medium,17
u1,Thursday,Rain,India Gate,16,Medium,17
u1,Saturday,Clear,India Gate,16,Low,18
u1,Thursday,Clear,Nehru Place Office,10,Medium,8
u1,Saturday,Clouds,Connaught Place,11,Low,10
u1,Friday,Haze,India Gate,17,Medium,18
u1,Thursday,Clouds,India Gate,18,Low,18
u1,Thursday,Clouds,Nehru Place Office,9,Medium,8
u1,Saturday,Fog,Connaught Place,9,Medium,9
u1,Monday,Rain,Connaught Place,9,High,7
u1,Friday,Rain,Nehru Place Office,8,Medium,7
u1,Wednesday,Clouds,Nehru Place Office,10,Medium,8
u1,Friday,Clouds,Nehru Place Office,8,Medium,8
u1,Monday,Clear,India Gate,20,Low,18
u1,Monday,Clear,Nehru Place Office,8,Medium,8
u1,Tuesday,Clouds,Nehru Place Office,8,Medium,8
u1,Friday,Clear,Connaught Place,9,Medium,9
u1,Saturday,Clouds,India Gate,19,Low,18
u1,Thursday,Clear,Nehru Place Office,6,Medium,8
u1,Wednesday,Clouds,Connaught Place,10,Medium,9
u1,Saturday,Thunderstorm,Connaught Place,8,Medium,10
u1,Wednesday,Haze,India Gate,16,Medium,18
u1,Thursday,Rain,India Gate,18,Medium,17
u1,Sunday,Clear,Connaught Place,9,Low,10
u1,Monday,Haze,India Gate,19,Medium,18
u1,Tuesday,Clear,Connaught Place,11,Medium,9
u1,Friday,Clouds,India Gate,20,Low,18
u1,Friday,Clouds,Nehru Place Office,8,Medium,8
u1,Saturday,Fog,Nehru Place Office,10,Medium,8
u1,Tuesday,Haze,Connaught Place,9,Medium,9
u1,Tuesday,Haze,Nehru Place Office,9,Medium,8
u1,Saturday,Drizzle,Connaught Place,11,Medium,9
u1,Monday,Fog,India Gate,16,Medium,17
u1,Friday,Rain,Connaught Place,9,Medium,8
u1,Thursday,Clear,Nehru Place Office,8,Medium,8
u1,Thursday,Clouds,Connaught Place,11,Medium,9
u1,Tuesday,Clear,Connaught Place,9,Medium,9
u1,Sunday,Clear,India Gate,20,Low,18
u1,Tuesday,Fog,Nehru Place Office,9,Medium,7
u1,Monday,Rain,Connaught Place,7,High,7
u1,Tuesday,Haze,Nehru Place Office,9,Medium,8
u1,Sunday,Clear,Nehru Place Office,10,Low,9
u1,Sunday,Clear,Connaught Place,10,Low,10
u1,Wednesday,Haze,Nehru Place Office,10,Medium,8
u1,Sunday,Clear,India Gate,17,Low,18
u1,Friday,Clear,Nehru Place Office,10,Medium,8
u1,Saturday,Clear,India Gate,19,Low,18
u1,Tuesday,Clouds,Nehru Place Office,7,Medium,8
u1,Monday,Clouds,India Gate,18,Low,18
u1,Monday,Clear,Nehru Place Office,8,Medium,8
u1,Monday,Clouds,Nehru Place Office,9,Medium,8
u1,Saturday,Clouds,Connaught Place,12,Low,10
u1,Monday,Rain,Connaught Place,8,High,7
u1,Wednesday,Fog,Nehru Place Office,8,Medium,7
u1,Tuesday,Rain,Nehru Place Office,6,High,6
u1,Sunday,Clear,India Gate,19,Low,18
u1,Wednesday,Clouds,India Gate,17,Low,18
u1,Friday,Rain,Connaught Place,8,High,7
u1,Friday,Clear,Nehru Place Office,8,Medium,8
u1,Tuesday,Drizzle,India Gate,18,Medium,17
u1,Saturday,Rain,Connaught Place,11,Medium,9
u1,Monday,Clear,Nehru Place Office,10,Medium,8
u1,Monday,Clear,Nehru Place Office,7,Medium,8
u1,Saturday,Clear,Nehru Place Office,9,Low,9
u1,Thursday,Clear,Connaught Place,9,Medium,9
u1,Sunday,Clear,India Gate,16,Low,18
u1,Friday,Haze,India Gate,17,Medium,18
u1,Sunday,Clear,India Gate,18,Low,18
u1,Wednesday,Clouds,Nehru Place Office,7,Medium,8
u1,Thursday,Clear,India Gate,16,Low,18
u1,Monday,Clouds,Nehru Place Office,8,Medium,8
u1,Monday,Clouds,India Gate,18,Low,18
u1,Thursday,Drizzle,Nehru Place Office,6,Medium,7
u1,Tuesday,Rain,Nehru Place Office,10,High,6
u1,Saturday,Fog,Nehru Place Office,7,Medium,8
u1,Friday,Clear,Nehru Place Office,7,Medium,8
u1,Monday,Clear,Connaught Place,8,Medium,9
u1,Monday,Clear,Connaught Place,8,Medium,9
u1,Wednesday,Clouds,Connaught Place,9,Medium,9
u1,Sunday,Clear,Nehru Place Office,10,Low,9
u1,Thursday,Drizzle,Nehru Place Office,7,High,6
u1,Thursday,Clouds,Nehru Place Office,6,Medium,8
u1,Thursday,Haze,Nehru Place Office,8,Medium,8
u1,Saturday,Clouds,India Gate,16,Low,18
u1,Saturday,Clear,Nehru Place Office,9,Low,9
u1,Tuesday,Clear,Nehru Place Office,8,Medium,8
u1,Saturday,Drizzle,Connaught Place,9,Medium,9
u1,Saturday,Haze,Connaught Place,11,Medium,10
u1,Wednesday,Clouds,Connaught Place,7,Medium,9
u1,Friday,Clouds,Connaught Place,11,Medium,9
u1,Tuesday,Fog,Nehru Place Office,8,Medium,7
u1,Thursday,Clear,Nehru Place Office,8,Medium,8
u1,Thursday,Haze,Connaught Place,9,Medium,9
u1,Tuesday,Thunderstorm,Connaught Place,9,High,8
u1,Thursday,Clear,India Gate,18,Low,18
u1,Saturday,Drizzle,Connaught Place,11,Medium,9
u1,Wednesday,Clouds,Nehru Place Office,8,Medium,8
u1,Tuesday,Clear,Nehru Place Office,7,Medium,8
u1,Monday,Clouds,Nehru Place Office,10,Medium,8
u1,Friday,Fog,Nehru Place Office,8,Medium,7
u2,Wednesday,Clouds,Saket Select Citywalk Mall,15,Medium,17
u2,Thursday,Clouds,Dwarka Sector 21 Metro Station,8,Medium,8
u2,Friday,Clouds,Dwarka Sector 21 Metro Station,9,Medium,8
u2,Tuesday,Clear,Dwarka Sector 21 Metro Station,8,Medium,8
u2,Sunday,Clouds,Saket Select Citywalk Mall,19,Medium,16
u2,Thursday,Fog,Janakpuri Residential,20,Medium,18
u2,Thursday,Fog,Dwarka Sector 21 Metro Station,8,Medium,7
u2,Friday,Fog,Saket Select Citywalk Mall,17,Medium,16
u2,Sunday,Rain,Dwarka Sector 21 Metro Station,10,Medium,8
u2,Wednesday,Rain,Saket Select Citywalk Mall,17,Medium,16
u2,Saturday,Haze,Janakpuri Residential,17,Medium,19
u2,Sunday,Clouds,Dwarka Sector 21 Metro Station,9,Low,9
u2,Sunday,Clear,Janakpuri Residential,20,Low,19
u2,Friday,Thunderstorm,Dwarka Sector 21 Metro Station,8,High,7
u2,Monday,Rain,Janakpuri Residential,20,Medium,18
u2,Tuesday,Clear,Janakpuri Residential,18,Low,19
u2,Friday,Clear,Saket Select Citywalk Mall,18,Medium,17
u2,Monday,Haze,Dwarka Sector 21 Metro Station,10,Medium,8
u2,Tuesday,Rain,Janakpuri Residential,18,Medium,18
u2,Saturday,Clear,Dwarka Sector 21 Metro Station,10,Low,9
u2,Tuesday,Rain,Janakpuri Residential,19,Medium,18
u2,Saturday,Rain,Dwarka Sector 21 Metro Station,11,Medium,8
u2,Friday,Clouds,Saket Select Citywalk Mall,19,Medium,17
u2,Friday,Clouds,Dwarka Sector 21 Metro Station,7,Medium,8
u2,Sunday,Rain,Saket Select Citywalk Mall,17,High,14
u2,Wednesday,Rain,Dwarka Sector 21 Metro Station,7,High,6
u2,Monday,Clouds,Saket Select Citywalk Mall,19,Medium,17
u2,Friday,Clear,Janakpuri Residential,19,Low,19
u2,Wednesday,Clear,Saket Select Citywalk Mall,19,Medium,17
u2,Thursday,Fog,Dwarka Sector 21 Metro Station,10,Medium,7
u2,Friday,Clear,Saket Select Citywalk Mall,19,Medium,17
u2,Friday,Clear,Dwarka Sector 21 Metro Station,8,Medium,8
u2,Monday,Clear,Saket Select Citywalk Mall,17,Medium,17
u2,Wednesday,Haze,Saket Select Citywalk Mall,18,Medium,17
u2,Monday,Rain,Dwarka Sector 21 Metro Station,9,High,6
u2,Monday,Haze,Janakpuri Residential,17,Medium,19
u2,Sunday,Rain,Saket Select Citywalk Mall,16,Medium,15
u2,Tuesday,Clear,Saket Select Citywalk Mall,16,Medium,17
u2,Saturday,Clouds,Janakpuri Residential,17,Low,19
u2,Thursday,Haze,Saket Select Citywalk Mall,17,Medium,17
u2,Thursday,Clouds,Dwarka Sector 21 Metro Station,8,Medium,8
u2,Tuesday,Rain,Saket Select Citywalk Mall,16,High,15
u2,Thursday,Clear,Dwarka Sector 21 Metro Station,8,Medium,8
u2,Tuesday,Haze,Dwarka Sector 21 Metro Station,8,Medium,8
u2,Monday,Clouds,Dwarka Sector 21 Metro Station,9,Medium,8
u2,Tuesday,Fog,Saket Select Citywalk Mall,19,Medium,16
u2,Friday,Clouds,Dwarka Sector 21 Metro Station,9,Medium,8
u2,Wednesday,Haze,Janakpuri Residential,19,Medium,19
u2,Saturday,Fog,Saket Select Citywalk Mall,17,Medium,15
u2,Friday,Fog,Saket Select Citywalk Mall,19,Medium,16
u2,Friday,Thunderstorm,Janakpuri Residential,19,Medium,19
u2,Saturday,Clear,Dwarka Sector 21 Metro Station,8,Medium,9
u2,Tuesday,Rain,Janakpuri Residential,19,Medium,18
u2,Tuesday,Clouds,Dwarka Sector 21 Metro Station,8,Medium,8
u2,Friday,Clear,Dwarka Sector 21 Metro Station,10,Medium,8
u2,Friday,Thunderstorm,Saket Select Citywalk Mall,19,Medium,17
u2,Tuesday,Rain,Dwarka Sector 21 Metro Station,8,High,6
u2,Friday,Clear,Saket Select Citywalk Mall,18,Medium,17
u2,Monday,Clouds,Saket Select Citywalk Mall,17,Medium,17
u2,Thursday,Clouds,Dwarka Sector 21 Metro Station,6,Medium,8
u2,Thursday,Rain,Janakpuri Residential,20,Medium,18
u2,Wednesday,Haze,Dwarka Sector 21 Metro Station,10,Medium,8
u2,Sunday,Clouds,Dwarka Sector 21 Metro Station,9,Low,9
u2,Friday,Drizzle,Janakpuri Residential,17,Medium,18
u2,Friday,Haze,Dwarka Sector 21 Metro Station,7,Medium,8
u2,Saturday,Clear,Saket Select Citywalk Mall,15,Medium,16
u2,Monday,Clear,Janakpuri Residential,19,Low,19
u2,Friday,Rain,Dwarka Sector 21 Metro Station,10,High,6
u2,Thursday,Clouds,Janakpuri Residential,19,Low,19
u2,Friday,Clouds,Dwarka Sector 21 Metro Station,8,Medium,8
u2,Wednesday,Haze,Dwarka Sector 21 Metro Station,6,Medium,8
u2,Saturday,Rain,Dwarka Sector 21 Metro Station,9,Medium,8
u2,Tuesday,Clouds,Saket Select Citywalk Mall,17,Medium,17
u2,Tuesday,Clouds,Dwarka Sector 21 Metro Station,8,Medium,8
u2,Monday,Fog,Saket Select Citywalk Mall,18,Medium,16
u2,Tuesday,Clear,Saket Select Citywalk Mall,16,Medium,17
u2,Tuesday,Drizzle,Janakpuri Residential,21,Medium,18
u2,Monday,Clear,Dwarka Sector 21 Metro Station,9,Medium,8
u2,Tuesday,Clear,Dwarka Sector 21 Metro Station,9,Medium,8
u2,Wednesday,Fog,Saket Select Citywalk Mall,18,Medium,16
u2,Wednesday,Clear,Dwarka Sector 21 Metro Station,7,Medium,8
u2,Sunday,Clear,Janakpuri Residential,19,Low,19
u2,Wednesday,Haze,Dwarka Sector 21 Metro Station,9,Medium,8
u2,Wednesday,Clear,Saket Select Citywalk Mall,17,Medium,17
u2,Saturday,Clouds,Dwarka Sector 21 Metro Station,7,Low,9
u2,Saturday,Clear,Janakpuri Residential,18,Low,19
u2,Monday,Rain,Janakpuri Residential,20,Medium,18
u2,Thursday,Clear,Saket Select Citywalk Mall,16,Medium,17
u2,Friday,Clouds,Saket Select Citywalk Mall,19,Medium,17
u2,Wednesday,Rain,Dwarka Sector 21 Metro Station,6,High,6
u2,Friday,Clouds,Dwarka Sector 21 Metro Station,6,Medium,8
u2,Sunday,Clear,Janakpuri Residential,20,Low,19
u2,Sunday,Rain,Janakpuri Residential,18,Medium,18
u2,Tuesday,Haze,Janakpuri Residential,18,Medium,19
u2,Friday,Rain,Dwarka Sector 21 Metro Station,6,High,6
u2,Wednesday,Thunderstorm,Dwarka Sector 21 Metro Station,6,High,7
u2,Monday,Clear,Janakpuri Residential,19,Low,19
u2,Monday,Clouds,Saket Select Citywalk Mall,16,Medium,17
u2,Tuesday,Clouds,Dwarka Sector 21 Metro Station,9,Medium,8
u2,Wednesday,Clouds,Saket Select Citywalk Mall,17,Medium,17
u2,Tuesday,Clouds,Dwarka Sector 21 Metro Station,10,Medium,8
u2,Saturday,Clear,Dwarka Sector 21 Metro Station,8,Low,9
u2,Wednesday,Clear,Janakpuri Residential,17,Low,19
u2,Sunday,Clear,Janakpuri Residential,17,Low,19
u2,Friday,Clouds,Saket Select Citywalk Mall,17,Medium,17
u2,Monday,Haze,Dwarka Sector 21 Metro Station,6,Medium,8
u2,Tuesday,Fog,Janakpuri Residential,19,Medium,18
u2,Monday,Clouds,Dwarka Sector 21 Metro Station,8,Medium,8
u2,Tuesday,Clouds,Dwarka Sector 21 Metro Station,7,Medium,8
u2,Wednesday,Clear,Saket Select Citywalk Mall,17,Medium,17
u2,Sunday,Fog,Saket Select Citywalk Mall,17,Medium,15
u2,Thursday,Clear,Saket Select Citywalk Mall,17,Medium,17
u2,Friday,Clear,Janakpuri Residential,18,Low,19
u2,Friday,Clear,Dwarka Sector 21 Metro Station,8,Medium,8
u2,Saturday,Clouds,Saket Select Citywalk Mall,18,Medium,16
u2,Monday,Fog,Dwarka Sector 21 Metro Station,9,Medium,7
u2,Friday,Clear,Saket Select Citywalk Mall,15,Medium,17
u2,Tuesday,Rain,Dwarka Sector 21 Metro Station,8,High,6
u2,Saturday,Clear,Saket Select Citywalk Mall,17,Medium,16
u2,Saturday,Clouds,Janakpuri Residential,19,Low,19
u2,Tuesday,Clouds,Saket Select Citywalk Mall,17,Medium,17
u2,Saturday,Haze,Dwarka Sector 21 Metro Station,10,Medium,9
u2,Friday,Drizzle,Dwarka Sector 21 Metro Station,8,Medium,7
u2,Wednesday,Clear,Dwarka Sector 21 Metro Station,9,Medium,8
u2,Wednesday,Rain,Dwarka Sector 21 Metro Station,10,Medium,7
u2,Tuesday,Clear,Dwarka Sector 21 Metro Station,9,Medium,8
u2,Friday,Clear,Dwarka Sector 21 Metro Station,6,Medium,8
u2,Friday,Clouds,Dwarka Sector 21 Metro Station,10,Medium,8
u2,Wednesday,Fog,Dwarka Sector 21 Metro Station,9,Medium,7
u2,Tuesday,Clear,Dwarka Sector 21 Metro Station,8,Medium,8
u2,Sunday,Clouds,Dwarka Sector 21 Metro Station,9,Medium,9
u2,Wednesday,Clouds,Janakpuri Residential,18,Low,19
u2,Thursday,Haze,Dwarka Sector 21 Metro Station,10,Medium,8
u2,Tuesday,Fog,Janakpuri Residential,19,Medium,18
u2,Monday,Clouds,Saket Select Citywalk Mall,17,Medium,17
u2,Monday,Clear,Dwarka Sector 21 Metro Station,10,Medium,8
u2,Monday,Clouds,Saket Select Citywalk Mall,18,Medium,17
u2,Monday,Haze,Dwarka Sector 21 Metro Station,8,Medium,8
u2,Wednesday,Haze,Dwarka Sector 21 Metro Station,10,Medium,8
u2,Monday,Haze,Saket Select Citywalk Mall,19,Medium,17
u2,Monday,Clouds,Dwarka Sector 21 Metro Station,10,Medium,8
u2,Wednesday,Clear,Saket Select Citywalk Mall,16,Medium,17
u2,Saturday,Clear,Dwarka Sector 21 Metro Station,8,Low,9
u2,Friday,Clear,Saket Select Citywalk Mall,17,Medium,17
u2,Friday,Clear,Janakpuri Residential,20,Low,19
u2,Monday,Clear,Janakpuri Residential,17,Low,19
u2,Thursday,Clear,Janakpuri Residential,17,Low,19
u2,Tuesday,Haze,Dwarka Sector 21 Metro Station,10,Medium,8
u2,Friday,Clear,Janakpuri Residential,18,Low,19
u2,Tuesday,Rain,Saket Select Citywalk Mall,15,Medium,16
u2,Thursday,Drizzle,Saket Select Citywalk Mall,17,Medium,16
u2,Tuesday,Clear,Saket Select Citywalk Mall,18,Medium,17
u2,Sunday,Fog,Dwarka Sector 21 Metro Station,11,Medium,8
u2,Wednesday,Clear,Dwarka Sector 21 Metro Station,7,Medium,8
u2,Saturday,Clouds,Saket Select Citywalk Mall,17,Medium,16
u2,Sunday,Rain,Saket Select Citywalk Mall,15,High,14
u2,Monday,Fog,Dwarka Sector 21 Metro Station,9,Medium,7
u2,Wednesday,Haze,Dwarka Sector 21 Metro Station,10,Medium,8
u2,Thursday,Clear,Janakpuri Residential,19,Low,19
u2,Monday,Clear,Saket Select Citywalk Mall,17,Medium,17
u2,Monday,Fog,Janakpuri Residential,19,Medium,18
u2,Sunday,Haze,Dwarka Sector 21 Metro Station,7,Medium,9
u2,Friday,Clouds,Dwarka Sector 21 Metro Station,10,Medium,8
u2,Saturday,Rain,Saket Select Citywalk Mall,15,High,14
u2,Thursday,Haze,Dwarka Sector 21 Metro Station,10,Medium,8
u2,Tuesday,Clouds,Dwarka Sector 21 Metro Station,8,Medium,8
u2,Tuesday,Clear,Saket Select Citywalk Mall,18,Medium,17
u2,Wednesday,Clouds,Dwarka Sector 21 Metro Station,10,Medium,8
u2,Friday,Clouds,Saket Select Citywalk Mall,18,Medium,17
u2,Tuesday,Clear,Dwarka Sector 21 Metro Station,6,Medium,8
u2,Thursday,Clouds,Saket Select Citywalk Mall,16,Medium,17
u2,Wednesday,Clouds,Dwarka Sector 21 Metro Station,9,Medium,8
u2,Tuesday,Rain,Janakpuri Residential,19,Medium,18
u2,Wednesday,Clear,Janakpuri Residential,19,Low,19
u2,Monday,Clear,Saket Select Citywalk Mall,17,Medium,17
u2,Wednesday,Clouds,Dwarka Sector 21 Metro Station,6,Medium,8
u2,Thursday,Haze,Saket Select Citywalk Mall,16,Medium,17
u2,Friday,Clear,Dwarka Sector 21 Metro Station,8,Medium,8
u2,Wednesday,Clouds,Dwarka Sector 21 Metro Station,8,Medium,8
u2,Thursday,Clear,Saket Select Citywalk Mall,16,Medium,17
u2,Thursday,Clear,Dwarka Sector 21 Metro Station,9,Medium,8
u2,Thursday,Clear,Dwarka Sector 21 Metro Station,6,Medium,8
u2,Monday,Clouds,Janakpuri Residential,21,Low,19
u2,Tuesday,Clouds,Dwarka Sector 21 Metro Station,7,Medium,8
u2,Wednesday,Fog,Saket Select Citywalk Mall,19,Medium,16
u2,Thursday,Haze,Dwarka Sector 21 Metro Station,10,Medium,8
u2,Thursday,Clouds,Saket Select Citywalk Mall,15,Medium,17
u2,Friday,Haze,Dwarka Sector 21 Metro Station,10,Medium,8
u2,Saturday,Clouds,Saket Select Citywalk Mall,15,Medium,16
u2,Monday,Rain,Dwarka Sector 21 Metro Station,6,High,6
u2,Tuesday,Clear,Dwarka Sector 21 Metro Station,9,Medium,8
u2,Thursday,Fog,Saket Select Citywalk Mall,17,Medium,16
u2,Monday,Clear,Saket Select Citywalk Mall,19,Medium,17
u2,Friday,Thunderstorm,Dwarka Sector 21 Metro Station,10,High,7
u2,Saturday,Clear,Dwarka Sector 21 Metro Station,9,Low,9
u2,Monday,Haze,Dwarka Sector 21 Metro Station,7,Medium,8
u2,Tuesday,Clear,Saket Select Citywalk Mall,17,Medium,17
u2,Tuesday,Rain,Saket Select Citywalk Mall,19,Medium,16
u2,Monday,Clouds,Janakpuri Residential,17,Low,19
u2,Thursday,Rain,Dwarka Sector 21 Metro Station,7,High,6
u2,Wednesday,Haze,Dwarka Sector 21 Metro Station,8,Medium,8
u2,Thursday,Clear,Dwarka Sector 21 Metro Station,6,Medium,8
u2,Tuesday,Clear,Saket Select Citywalk Mall,17,Medium,17
u2,Saturday,Haze,Saket Select Citywalk Mall,17,Medium,16
u2,Tuesday,Clear,Janakpuri Residential,17,Low,19
u2,Tuesday,Clouds,Janakpuri Residential,19,Low,19
u2,Thursday,Clear,Dwarka Sector 21 Metro Station,8,Medium,8
u2,Thursday,Clear,Dwarka Sector 21 Metro Station,6,Medium,8
u2,Friday,Clear,Saket Select Citywalk Mall,17,Medium,17
u2,Thursday,Clear,Janakpuri Residential,21,Low,19
u2,Monday,Clouds,Dwarka Sector 21 Metro Station,7,Medium,8
u2,Saturday,Rain,Janakpuri Residential,21,Medium,18
u2,Monday,Clear,Dwarka Sector 21 Metro Station,7,Medium,8
u2,Saturday,Clouds,Saket Select Citywalk Mall,18,Medium,16
u2,Monday,Fog,Dwarka Sector 21 Metro Station,8,Medium,7
u2,Friday,Haze,Saket Select Citywalk Mall,15,Medium,17
u2,Monday,Clear,Dwarka Sector 21 Metro Station,10,Medium,8
u2,Thursday,Clouds,Saket Select Citywalk Mall,15,Medium,17
u2,Sunday,Clear,Saket Select Citywalk Mall,17,Medium,16
u2,Wednesday,Clear,Saket Select Citywalk Mall,17,Medium,17
u2,Friday,Clouds,Saket Select Citywalk Mall,16,Medium,17
u2,Monday,Fog,Dwarka Sector 21 Metro Station,10,Medium,7
u2,Thursday,Clear,Janakpuri Residential,19,Low,19
u2,Monday,Clouds,Dwarka Sector 21 Metro Station,7,Medium,8
u2,Monday,Rain,Dwarka Sector 21 Metro Station,9,High,6
u2,Thursday,Clouds,Dwarka Sector 21 Metro Station,10,Medium,8
u2,Monday,Clouds,Dwarka Sector 21 Metro Station,6,Medium,8
u2,Tuesday,Clear,Janakpuri Residential,19,Low,19
u2,Tuesday,Fog,Janakpuri Residential,17,Medium,18
u2,Monday,Clear,Dwarka Sector 21 Metro Station,8,Medium,8
u2,Sunday,Clear,Dwarka Sector 21 Metro Station,9,Low,9
u2,Saturday,Drizzle,Saket Select Citywalk Mall,16,Medium,15
u2,Monday,Haze,Dwarka Sector 21 Metro Station,8,Medium,8
u2,Friday,Clouds,Saket Select Citywalk Mall,17,Medium,17
u2,Friday,Rain,Dwarka Sector 21 Metro Station,9,High,6
u2,Thursday,Clouds,Saket Select Citywalk Mall,19,Medium,17
u2,Thursday,Clear,Dwarka Sector 21 Metro Station,8,Medium,8
u2,Tuesday,Clouds,Janakpuri Residential,21,Low,19
u2,Sunday,Clear,Dwarka Sector 21 Metro Station,11,Low,9
u2,Tuesday,Clear,Dwarka Sector 21 Metro Station,8,Medium,8
u2,Sunday,Clear,Janakpuri Residential,20,Low,19
u2,Monday,Clear,Janakpuri Residential,20,Low,19
u2,Thursday,Clear,Dwarka Sector 21 Metro Station,9,Medium,8
u2,Friday,Clear,Janakpuri Residential,19,Low,19
u2,Thursday,Rain,Dwarka Sector 21 Metro Station,9,Medium,7
u2,Monday,Clouds,Dwarka Sector 21 Metro Station,10,Medium,8
u2,Saturday,Clear,Saket Select Citywalk Mall,17,Medium,16
u2,Tuesday,Fog,Saket Select Citywalk Mall,16,Medium,16
u2,Sunday,Clear,Saket Select Citywalk Mall,15,Medium,16
u2,Wednesday,Fog,Saket Select Citywalk Mall,16,Medium,16
u2,Sunday,Haze,Janakpuri Residential,18,Medium,19
u2,Saturday,Clear,Saket Select Citywalk Mall,19,Medium,16
u2,Saturday,Clear,Dwarka Sector 21 Metro Station,8,Medium,9
u2,Monday,Clouds,Saket Select Citywalk Mall,17,Medium,17
u2,Wednesday,Rain,Dwarka Sector 21 Metro Station,6,Medium,7
u2,Friday,Clear,Saket Select Citywalk Mall,17,Medium,17
u2,Monday,Clouds,Saket Select Citywalk Mall,17,Medium,17
u2,Thursday,Rain,Dwarka Sector 21 Metro Station,10,Medium,7
u2,Sunday,Rain,Janakpuri Residential,19,Medium,18
u2,Wednesday,Clear,Saket Select Citywalk Mall,17,Medium,17
u2,Monday,Clear,Dwarka Sector 21 Metro Station,8,Medium,8
u2,Sunday,Clouds,Saket Select Citywalk Mall,17,Medium,16
u2,Sunday,Clouds,Dwarka Sector 21 Metro Station,8,Low,9
u2,Wednesday,Rain,Janakpuri Residential,19,Medium,18
u2,Saturday,Rain,Dwarka Sector 21 Metro Station,10,Medium,8
u2,Wednesday,Fog,Dwarka Sector 21 Metro Station,10,High,6
u2,Wednesday,Haze,Dwarka Sector 21 Metro Station,8,Medium,8
u2,Tuesday,Haze,Dwarka Sector 21 Metro Station,10,Medium,8
u2,Sunday,Rain,Janakpuri Residential,20,Medium,18
u2,Wednesday,Rain,Janakpuri Residential,17,Medium,18
u2,Saturday,Clear,Dwarka Sector 21 Metro Station,8,Low,9
u2,Tuesday,Clear,Dwarka Sector 21 Metro Station,7,Medium,8
u2,Wednesday,Drizzle,Janakpuri Residential,19,Medium,18
u2,Monday,Clear,Dwarka Sector 21 Metro Station,9,Medium,8
u2,Monday,Haze,Janakpuri Residential,19,Medium,19
u2,Sunday,Rain,Saket Select Citywalk Mall,17,High,14
u2,Thursday,Rain,Dwarka Sector 21 Metro Station,10,High,6
u2,Thursday,Clouds,Saket Select Citywalk Mall,16,Medium,17
u2,Friday,Clouds,Saket Select Citywalk Mall,16,Medium,17
u2,Saturday,Haze,Dwarka Sector 21 Metro Station,10,Medium,9
u2,Tuesday,Haze,Janakpuri Residential,20,Medium,19
u2,Monday,Drizzle,Dwarka Sector 21 Metro Station,6,Medium,7
u2,Friday,Haze,Dwarka Sector 21 Metro Station,6,Medium,8
u2,Tuesday,Clouds,Dwarka Sector 21 Metro Station,7,Medium,8
u2,Monday,Rain,Dwarka Sector 21 Metro Station,9,High,6
u2,Saturday,Clouds,Saket Select Citywalk Mall,17,Medium,16
u2,Saturday,Clear,Janakpuri Residential,18,Low,19
u2,Thursday,Clear,Dwarka Sector 21 Metro Station,9,Medium,8
u2,Monday,Fog,Janakpuri Residential,17,Medium,18
u2,Friday,Fog,Janakpuri Residential,18,Medium,18
u2,Sunday,Clear,Dwarka Sector 21 Metro Station,9,Low,9
u2,Monday,Drizzle,Janakpuri Residential,18,Medium,18
u2,Tuesday,Clouds,Janakpuri Residential,18,Low,19
u2,Wednesday,Clear,Dwarka Sector 21 Metro Station,10,Medium,8
u2,Monday,Clouds,Saket Select Citywalk Mall,17,Medium,17
u2,Sunday,Clear,Dwarka Sector 21 Metro Station,10,Medium,9
u2,Wednesday,Clear,Dwarka Sector 21 Metro Station,8,Medium,8
u2,Thursday,Clear,Saket Select Citywalk Mall,18,Medium,17
u2,Saturday,Rain,Dwarka Sector 21 Metro Station,10,Medium,8
u2,Sunday,Clear,Dwarka Sector 21 Metro Station,11,Low,9
u2,Friday,Rain,Janakpuri Residential,18,Medium,18
u2,Sunday,Clouds,Dwarka Sector 21 Metro Station,9,Low,9
u2,Tuesday,Clear,Dwarka Sector 21 Metro Station,6,Medium,8
u2,Wednesday,Clear,Saket Select Citywalk Mall,19,Medium,17
u2,Thursday,Rain,Janakpuri Residential,17,Medium,18
u2,Thursday,Haze,Dwarka Sector 21 Metro Station,10,Medium,8
u2,Tuesday,Haze,Janakpuri Residential,19,Medium,19
u2,Saturday,Clear,Saket Select Citywalk Mall,16,Medium,16
u2,Tuesday,Clouds,Dwarka Sector 21 Metro Station,6,Medium,8
u2,Monday,Clear,Dwarka Sector 21 Metro Station,6,Medium,8
u2,Thursday,Clouds,Dwarka Sector 21 Metro Station,6,Medium,8
u2,Monday,Clear,Janakpuri Residential,20,Low,19
u2,Monday,Rain,Janakpuri Residential,18,Medium,18
u2,Saturday,Rain,Janakpuri Residential,17,Medium,18
u2,Friday,Drizzle,Saket Select Citywalk Mall,19,Medium,16
u2,Thursday,Clouds,Janakpuri Residential,21,Low,19
u2,Monday,Rain,Dwarka Sector 21 Metro Station,6,Medium,7
u2,Thursday,Clouds,Saket Select Citywalk Mall,17,Medium,17
u2,Wednesday,Clear,Dwarka Sector 21 Metro Station,6,Medium,8
u2,Sunday,Clouds,Janakpuri Residential,17,Low,19
u2,Tuesday,Rain,Janakpuri Residential,21,Medium,18
u2,Saturday,Rain,Saket Select Citywalk Mall,16,Medium,15
u2,Wednesday,Clear,Saket Select Citywalk Mall,17,Medium,17
u2,Saturday,Clear,Saket Select Citywalk Mall,15,Medium,16
u2,Friday,Clear,Saket Select Citywalk Mall,15,Medium,17
u2,Tuesday,Rain,Saket Select Citywalk Mall,18,Medium,16
u2,Friday,Clouds,Dwarka Sector 21 Metro Station,8,Medium,8
u2,Tuesday,Clear,Janakpuri Residential,20,Low,19
u2,Saturday,Clear,Dwarka Sector 21 Metro Station,7,Low,9
u2,Thursday,Clear,Dwarka Sector 21 Metro Station,7,Medium,8
u2,Wednesday,Clear,Dwarka Sector 21 Metro Station,6,Medium,8
u2,Sunday,Clouds,Dwarka Sector 21 Metro Station,11,Low,9
u2,Friday,Clouds,Dwarka Sector 21 Metro Station,9,Medium,8
u2,Wednesday,Clear,Dwarka Sector 21 Metro Station,7,Medium,8
u2,Sunday,Fog,Saket Select Citywalk Mall,16,High,14
u2,Friday,Haze,Dwarka Sector 21 Metro Station,7,Medium,8
u2,Monday,Haze,Dwarka Sector 21 Metro Station,10,Medium,8
u2,Tuesday,Clear,Saket Select Citywalk Mall,17,Medium,17
u2,Friday,Clear,Saket Select Citywalk Mall,18,Medium,17
u2,Tuesday,Clouds,Dwarka Sector 21 Metro Station,8,Medium,8
u2,Tuesday,Thunderstorm,Saket Select Citywalk Mall,17,Medium,17
u2,Tuesday,Clouds,Dwarka Sector 21 Metro Station,9,Medium,8
u2,Thursday,Clear,Dwarka Sector 21 Metro Station,9,Medium,8
u2,Friday,Clear,Saket Select Citywalk Mall,19,Medium,17
u2,Friday,Rain,Saket Select Citywalk Mall,17,Medium,16
u2,Tuesday,Rain,Saket Select Citywalk Mall,17,High,15
u2,Thursday,Clear,Dwarka Sector 21 Metro Station,10,Medium,8
u2,Wednesday,Clear,Janakpuri Residential,21,Low,19
u2,Monday,Clouds,Saket Select Citywalk Mall,17,Medium,17
u2,Sunday,Rain,Janakpuri Residential,17,Medium,18
u2,Wednesday,Clear,Dwarka Sector 21 Metro Station,8,Medium,8
u2,Tuesday,Clear,Janakpuri Residential,21,Low,19
u2,Tuesday,Rain,Dwarka Sector 21 Metro Station,10,Medium,7
u2,Saturday,Clear,Saket Select Citywalk Mall,19,Medium,16
u2,Thursday,Drizzle,Janakpuri Residential,18,Medium,18
u2,Friday,Rain,Saket Select Citywalk Mall,19,Medium,16
u2,Thursday,Drizzle,Janakpuri Residential,18,Medium,18
u2,Sunday,Clouds,Dwarka Sector 21 Metro Station,11,Low,9
u2,Thursday,Rain,Dwarka Sector 21 Metro Station,7,Medium,7
u2,Thursday,Clear,Janakpuri Residential,17,Low,19
u2,Friday,Clear,Janakpuri Residential,21,Low,19
u2,Thursday,Haze,Saket Select Citywalk Mall,18,Medium,17
u2,Saturday,Rain,Saket Select Citywalk Mall,18,High,14
u2,Wednesday,Haze,Janakpuri Residential,19,Medium,19
u2,Friday,Clear,Dwarka Sector 21 Metro Station,6,Medium,8
u2,Thursday,Clouds,Saket Select Citywalk Mall,17,Medium,17
u2,Monday,Haze,Janakpuri Residential,17,Medium,19
u2,Tuesday,Clouds,Dwarka Sector 21 Metro Station,9,Medium,8
u2,Thursday,Rain,Dwarka Sector 21 Metro Station,9,High,6
u2,Thursday,Clear,Dwarka Sector 21 Metro Station,8,Medium,8
u2,Tuesday,Drizzle,Saket Select Citywalk Mall,17,Medium,16
u2,Thursday,Thunderstorm,Saket Select Citywalk Mall,17,Medium,17
u2,Thursday,Clouds,Dwarka Sector 21 Metro Station,9,Medium,8
u2,Wednesday,Fog,Dwarka Sector 21 Metro Station,8,Medium,7
u2,Thursday,Clear,Dwarka Sector 21 Metro Station,8,Medium,8
u2,Thursday,Clouds,Dwarka Sector 21 Metro Station,10,Medium,8
u2,Friday,Rain,Saket Select Citywalk Mall,19,High,15
u2,Monday,Clear,Dwarka Sector 21 Metro Station,7,Medium,8
u2,Saturday,Clouds,Janakpuri Residential,20,Low,19
u2,Monday,Rain,Saket Select Citywalk Mall,17,Medium,16
u2,Tuesday,Clouds,Saket Select Citywalk Mall,18,Medium,17
u2,Saturday,Clear,Dwarka Sector 21 Metro Station,8,Medium,9
u2,Thursday,Clear,Dwarka Sector 21 Metro Station,6,Medium,8
u2,Tuesday,Clear,Saket Select Citywalk Mall,15,Medium,17
u2,Saturday,Drizzle,Janakpuri Residential,18,Medium,18
u2,Friday,Clouds,Janakpuri Residential,18,Low,19
u2,Saturday,Haze,Janakpuri Residential,17,Medium,19
u2,Sunday,Clouds,Saket Select Citywalk Mall,17,Medium,16
u2,Friday,Clear,Dwarka Sector 21 Metro Station,8,Medium,8
u2,Wednesday,Clear,Janakpuri Residential,19,Low,19
u2,Wednesday,Clear,Dwarka Sector 21 Metro Station,10,Medium,8
u2,Wednesday,Clouds,Dwarka Sector 21 Metro Station,6,Medium,8
u2,Sunday,Rain,Janakpuri Residential,19,Medium,18
u2,Tuesday,Clear,Dwarka Sector 21 Metro Station,7,Medium,8
u2,Thursday,Clear,Saket Select Citywalk Mall,18,Medium,17
u2,Saturday,Clouds,Saket Select Citywalk Mall,17,Medium,16
u2,Thursday,Fog,Saket Select Citywalk Mall,15,Medium,16
u2,Tuesday,Clear,Janakpuri Residential,19,Low,19
u2,Monday,Drizzle,Dwarka Sector 21 Metro Station,8,Medium,7
u2,Monday,Clouds,Saket Select Citywalk Mall,19,Medium,17
u2,Wednesday,Clear,Saket Select Citywalk Mall,16,Medium,17
u2,Saturday,Fog,Janakpuri Residential,17,Medium,18
u2,Friday,Rain,Dwarka Sector 21 Metro Station,9,High,6
u2,Saturday,Drizzle,Dwarka Sector 21 Metro Station,7,Medium,8
u2,Friday,Drizzle,Saket Select Citywalk Mall,17,Medium,16
u2,Monday,Clear,Dwarka Sector 21 Metro Station,6,Medium,8
u2,Saturday,Clouds,Dwarka Sector 21 Metro Station,7,Medium,9
u2,Friday,Fog,Dwarka Sector 21 Metro Station,8,Medium,7
u2,Saturday,Clear,Dwarka Sector 21 Metro Station,7,Low,9
u2,Friday,Fog,Saket Select Citywalk Mall,17,Medium,16
u2,Monday,Drizzle,Saket Select Citywalk Mall,16,Medium,16
u2,Thursday,Haze,Janakpuri Residential,19,Medium,19
u2,Wednesday,Rain,Dwarka Sector 21 Metro Station,10,Medium,7
u2,Monday,Rain,Saket Select Citywalk Mall,18,Medium,16
u2,Wednesday,Clear,Janakpuri Residential,17,Low,19
u2,Monday,Drizzle,Dwarka Sector 21 Metro Station,8,Medium,7
u2,Tuesday,Clouds,Saket Select Citywalk Mall,16,Medium,17
u2,Friday,Rain,Dwarka Sector 21 Metro Station,8,High,6
u2,Monday,Rain,Saket Select Citywalk Mall,17,Medium,16
u2,Sunday,Clear,Saket Select Citywalk Mall,17,Medium,16
u2,Sunday,Haze,Dwarka Sector 21 Metro Station,11,Medium,9
u2,Sunday,Clouds,Saket Select Citywalk Mall,15,Medium,16
u2,Thursday,Clouds,Dwarka Sector 21 Metro Station,10,Medium,8
u2,Friday,Clouds,Saket Select Citywalk Mall,18,Medium,17
u2,Thursday,Clouds,Janakpuri Residential,19,Low,19
u2,Monday,Rain,Janakpuri Residential,18,Medium,18
u2,Sunday,Rain,Dwarka Sector 21 Metro Station,11,Medium,8
u2,Tuesday,Rain,Saket Select Citywalk Mall,15,Medium,16
u2,Thursday,Haze,Dwarka Sector 21 Metro Station,8,Medium,8
u2,Friday,Clouds,Dwarka Sector 21 Metro Station,7,Medium,8
u2,Tuesday,Clouds,Saket Select Citywalk Mall,17,Medium,17
u2,Saturday,Clear,Saket Select Citywalk Mall,15,Medium,16
u2,Wednesday,Clear,Saket Select Citywalk Mall,16,Medium,17
u2,Tuesday,Haze,Dwarka Sector 21 Metro Station,9,Medium,8
u2,Thursday,Fog,Saket Select Citywalk Mall,17,Medium,16
u2,Tuesday,Fog,Saket Select Citywalk Mall,18,Medium,16
u2,Wednesday,Clear,Janakpuri Residential,19,Low,19
u2,Saturday,Haze,Dwarka Sector 21 Metro Station,9,Medium,9
u2,Monday,Haze,Saket Select Citywalk Mall,19,Medium,17
u2,Friday,Clouds,Saket Select Citywalk Mall,17,Medium,17
u2,Saturday,Haze,Dwarka Sector 21 Metro Station,10,Medium,9
u2,Wednesday,Clear,Dwarka Sector 21 Metro Station,8,Medium,8
u2,Tuesday,Clear,Janakpuri Residential,20,Low,19
u2,Wednesday,Clear,Dwarka Sector 21 Metro Station,8,Medium,8
u2,Sunday,Clear,Dwarka Sector 21 Metro Station,10,Low,9
u2,Monday,Clear,Dwarka Sector 21 Metro Station,10,Medium,8
u2,Friday,Clear,Janakpuri Residential,18,Low,19
u2,Tuesday,Clouds,Janakpuri Residential,17,Low,19
u2,Wednesday,Clouds,Dwarka Sector 21 Metro Station,7,Medium,8
u2,Tuesday,Clouds,Janakpuri Residential,19,Low,19
u2,Friday,Haze,Dwarka Sector 21 Metro Station,6,Medium,8
u2,Friday,Haze,Janakpuri Residential,19,Medium,19
u2,Thursday,Fog,Dwarka Sector 21 Metro Station,10,Medium,7
u2,Tuesday,Clear,Dwarka Sector 21 Metro Station,8,Medium,8
u2,Thursday,Clouds,Saket Select Citywalk Mall,16,Medium,17
u2,Saturday,Haze,Saket Select Citywalk Mall,16,Medium,16
u2,Friday,Fog,Janakpuri Residential,17,Medium,18
u2,Monday,Clear,Saket Select Citywalk Mall,17,Medium,17
u2,Tuesday,Clouds,Saket Select Citywalk Mall,19,Medium,17
u2,Monday,Clouds,Saket Select Citywalk Mall,17,Medium,17
u2,Wednesday,Haze,Dwarka Sector 21 Metro Station,7,High,7
u2,Monday,Drizzle,Dwarka Sector 21 Metro Station,10,High,6
u2,Friday,Rain,Dwarka Sector 21 Metro Station,8,High,6
u2,Monday,Clear,Dwarka Sector 21 Metro Station,7,Medium,8
u2,Sunday,Clouds,Dwarka Sector 21 Metro Station,9,Medium,9
u2,Wednesday,Clouds,Dwarka Sector 21 Metro Station,7,Medium,8
u2,Wednesday,Clear,Saket Select Citywalk Mall,17,Medium,17
u2,Thursday,Clear,Dwarka Sector 21 Metro Station,8,Medium,8
u2,Monday,Clear,Dwarka Sector 21 Metro Station,6,Medium,8
u2,Friday,Clouds,Dwarka Sector 21 Metro Station,8,Medium,8
u2,Tuesday,Drizzle,Saket Select Citywalk Mall,18,Medium,16
u2,Monday,Clouds,Janakpuri Residential,20,Low,19
u2,Friday,Clear,Saket Select Citywalk Mall,17,Medium,17
u2,Tuesday,Fog,Saket Select Citywalk Mall,19,Medium,16
u2,Thursday,Clear,Janakpuri Residential,21,Low,19
u2,Thursday,Haze,Saket Select Citywalk Mall,16,Medium,17
u2,Friday,Clouds,Janakpuri Residential,21,Low,19
u2,Thursday,Clear,Janakpuri Residential,17,Low,19
u2,Saturday,Clouds,Saket Select Citywalk Mall,17,Medium,16
u2,Monday,Clear,Janakpuri Residential,20,Low,19
u2,Wednesday,Haze,Janakpuri Residential,17,Medium,19
u2,Tuesday,Clouds,Janakpuri Residential,17,Low,19
u2,Wednesday,Clear,Dwarka Sector 21 Metro Station,8,Medium,8
u2,Monday,Clear,Janakpuri Residential,19,Low,19
u2,Tuesday,Haze,Saket Select Citywalk Mall,17,Medium,17
u2,Monday,Clear,Dwarka Sector 21 Metro Station,6,Medium,8
u2,Tuesday,Fog,Janakpuri Residential,19,Medium,18
u2,Tuesday,Clouds,Janakpuri Residential,18,Low,19
u2,Wednesday,Clear,Dwarka Sector 21 Metro Station,10,Medium,8
u2,Saturday,Rain,Dwarka Sector 21 Metro Station,10,Medium,8
u2,Tuesday,Fog,Dwarka Sector 21 Metro Station,10,Medium,7
u2,Saturday,Clouds,Dwarka Sector 21 Metro Station,9,Low,9
u2,Thursday,Rain,Dwarka Sector 21 Metro Station,8,High,6
u2,Tuesday,Rain,Saket Select Citywalk Mall,19,Medium,16
u2,Wednesday,Rain,Dwarka Sector 21 Metro Station,6,High,6
u2,Tuesday,Rain,Dwarka Sector 21 Metro Station,9,Medium,7
u2,Wednesday,Haze,Dwarka Sector 21 Metro Station,8,Medium,8
u2,Saturday,Rain,Janakpuri Residential,17,Medium,18
u2,Monday,Haze,Saket Select Citywalk Mall,16,Medium,17
u2,Friday,Clouds,Saket Select Citywalk Mall,19,Medium,17
u2,Thursday,Rain,Saket Select Citywalk Mall,17,Medium,16
u2,Wednesday,Clouds,Dwarka Sector 21 Metro Station,10,Medium,8
u2,Thursday,Clear,Janakpuri Residential,18,Low,19
u2,Thursday,Haze,Dwarka Sector 21 Metro Station,8,Medium,8
u2,Monday,Clouds,Dwarka Sector 21 Metro Station,10,Medium,8
u2,Friday,Drizzle,Dwarka Sector 21 Metro Station,10,Medium,7
u2,Friday,Clear,Saket Select Citywalk Mall,18,Medium,17
u2,Wednesday,Drizzle,Dwarka Sector 21 Metro Station,7,Medium,7
u2,Monday,Haze,Saket Select Citywalk Mall,19,Medium,17
u2,Thursday,Clouds,Janakpuri Residential,21,Low,19
u2,Saturday,Clouds,Dwarka Sector 21 Metro Station,7,Low,9
u2,Monday,Fog,Janakpuri Residential,20,Medium,18
u2,Monday,Fog,Dwarka Sector 21 Metro Station,8,Medium,7
u2,Tuesday,Clear,Dwarka Sector 21 Metro Station,8,Medium,8
u2,Thursday,Haze,Saket Select Citywalk Mall,19,Medium,17
u2,Tuesday,Clear,Janakpuri Residential,18,Low,19
u2,Tuesday,Clouds,Dwarka Sector 21 Metro Station,10,Medium,8
u2,Monday,Haze,Dwarka Sector 21 Metro Station,10,Medium,8
u2,Saturday,Clear,Janakpuri Residential,19,Low,19
u2,Thursday,Clear,Janakpuri Residential,19,Low,19
u2,Wednesday,Clear,Dwarka Sector 21 Metro Station,7,Medium,8
u2,Thursday,Clouds,Saket Select Citywalk Mall,17,Medium,17
u2,Monday,Clear,Saket Select Citywalk Mall,19,Medium,17
u2,Sunday,Drizzle,Dwarka Sector 21 Metro Station,9,Medium,8
u2,Monday,Clouds,Janakpuri Residential,18,Low,19
u2,Monday,Haze,Dwarka Sector 21 Metro Station,6,Medium,8
u2,Tuesday,Clear,Janakpuri Residential,19,Low,19
u2,Friday,Clouds,Dwarka Sector 21 Metro Station,10,Medium,8
u2,Monday,Clear,Dwarka Sector 21 Metro Station,9,Medium,8
u2,Saturday,Clouds,Dwarka Sector 21 Metro Station,8,Low,9
u2,Monday,Clouds,Janakpuri Residential,20,Low,19
u2,Sunday,Clear,Saket Select Citywalk Mall,16,Medium,16
u2,Friday,Clear,Janakpuri Residential,19,Low,19
u2,Monday,Clouds,Dwarka Sector 21 Metro Station,8,Medium,8
u2,Monday,Fog,Dwarka Sector 21 Metro Station,7,Medium,7
u2,Thursday,Clear,Dwarka Sector 21 Metro Station,6,Medium,8
u2,Thursday,Clear,Janakpuri Residential,21,Low,19
u2,Thursday,Clear,Dwarka Sector 21 Metro Station,7,Medium,8
u2,Wednesday,Clear,Dwarka Sector 21 Metro Station,6,Medium,8
u2,Monday,Clear,Janakpuri Residential,20,Low,19
u2,Saturday,Rain,Saket Select Citywalk Mall,17,High,14
u2,Friday,Fog,Dwarka Sector 21 Metro Station,9,Medium,7
u2,Saturday,Clouds,Janakpuri Residential,19,Low,19
u2,Friday,Clear,Saket Select Citywalk Mall,18,Medium,17
u2,Saturday,Clear,Saket Select Citywalk Mall,15,Medium,16
u2,Tuesday,Haze,Dwarka Sector 21 Metro Station,8,Medium,8
u2,Thursday,Fog,Dwarka Sector 21 Metro Station,10,Medium,7
u2,Friday,Clear,Dwarka Sector 21 Metro Station,10,Medium,8
u2,Saturday,Clear,Dwarka Sector 21 Metro Station,8,Low,9
u2,Thursday,Fog,Dwarka Sector 21 Metro Station,8,Medium,7
u2,Friday,Clear,Saket Select Citywalk Mall,15,Medium,17
u2,Wednesday,Clear,Janakpuri Residential,18,Low,19
u2,Friday,Fog,Dwarka Sector 21 Metro Station,9,Medium,7
u2,Friday,Clouds,Saket Select Citywalk Mall,17,Medium,17
u2,Friday,Clear,Janakpuri Residential,19,Low,19
u2,Wednesday,Clear,Dwarka Sector 21 Metro Station,7,Medium,8
u2,Monday,Clear,Janakpuri Residential,21,Low,19
u2,Monday,Clear,Dwarka Sector 21 Metro Station,6,Medium,8
u2,Wednesday,Rain,Janakpuri Residential,19,Medium,18
u2,Wednesday,Clouds,Janakpuri Residential,18,Low,19
u2,Tuesday,Rain,Saket Select Citywalk Mall,16,Medium,16
u2,Wednesday,Rain,Janakpuri Residential,19,Medium,18
u2,Friday,Haze,Dwarka Sector 21 Metro Station,8,Medium,8
u2,Tuesday,Clear,Dwarka Sector 21 Metro Station,7,Medium,8
u2,Monday,Rain,Janakpuri Residential,21,Medium,18
u2,Thursday,Drizzle,Janakpuri Residential,17,Medium,18
u2,Thursday,Clear,Saket Select Citywalk Mall,15,Medium,17
u2,Friday,Clear,Saket Select Citywalk Mall,16,Medium,17
u2,Friday,Drizzle,Saket Select Citywalk Mall,15,Medium,16
u2,Tuesday,Clear,Saket Select Citywalk Mall,16,Medium,17
u2,Monday,Haze,Saket Select Citywalk Mall,19,Medium,17
u2,Monday,Fog,Dwarka Sector 21 Metro Station,8,High,6
u2,Thursday,Haze,Saket Select Citywalk Mall,17,Medium,17
u2,Thursday,Clouds,Dwarka Sector 21 Metro Station,7,Medium,8
u2,Monday,Clouds,Janakpuri Residential,17,Low,19
u2,Tuesday,Fog,Janakpuri Residential,21,Medium,18
u2,Tuesday,Clouds,Dwarka Sector 21 Metro Station,7,Medium,8
u2,Wednesday,Clear,Dwarka Sector 21 Metro Station,8,Medium,8
u2,Wednesday,Rain,Saket Select Citywalk Mall,18,Medium,16
u2,Wednesday,Clouds,Dwarka Sector 21 Metro Station,8,Medium,8
u2,Monday,Drizzle,Dwarka Sector 21 Metro Station,8,Medium,7
u2,Wednesday,Clouds,Dwarka Sector 21 Metro Station,6,Medium,8
u2,Monday,Rain,Dwarka Sector 21 Metro Station,6,High,6
u2,Thursday,Clouds,Dwarka Sector 21 Metro Station,8,Medium,8
u2,Thursday,Rain,Dwarka Sector 21 Metro Station,8,High,6
u2,Sunday,Clear,Janakpuri Residential,17,Low,19
u2,Monday,Haze,Saket Select Citywalk Mall,17,Medium,17
u2,Sunday,Clouds,Janakpuri Residential,18,Low,19
u2,Friday,Clear,Saket Select Citywalk Mall,16,Medium,17
u2,Thursday,Fog,Dwarka Sector 21 Metro Station,9,Medium,7
u2,Thursday,Rain,Dwarka Sector 21 Metro Station,8,High,6
u2,Thursday,Clouds,Dwarka Sector 21 Metro Station,10,Medium,8
u2,Friday,Clear,Saket Select Citywalk Mall,19,Medium,17
u2,Wednesday,Drizzle,Janakpuri Residential,17,Medium,18
u2,Tuesday,Clouds,Saket Select Citywalk Mall,18,Medium,17
u2,Wednesday,Clouds,Janakpuri Residential,18,Low,19
u2,Wednesday,Clouds,Dwarka Sector 21 Metro Station,9,Medium,8
u2,Sunday,Drizzle,Saket Select Citywalk Mall,17,High,14
u2,Tuesday,Fog,Janakpuri Residential,20,Medium,18
u2,Monday,Haze,Janakpuri Residential,18,Medium,19
u2,Monday,Fog,Saket Select Citywalk Mall,16,Medium,16
u2,Wednesday,Haze,Janakpuri Residential,17,Medium,19
u2,Wednesday,Haze,Saket Select Citywalk Mall,15,Medium,17
u2,Tuesday,Fog,Dwarka Sector 21 Metro Station,8,Medium,7
u2,Sunday,Clouds,Saket Select Citywalk Mall,16,Medium,16
u2,Sunday,Clouds,Janakpuri Residential,19,Low,19
u2,Monday,Haze,Saket Select Citywalk Mall,17,Medium,17
u2,Thursday,Fog,Saket Select Citywalk Mall,17,Medium,16
u2,Friday,Clouds,Saket Select Citywalk Mall,16,Medium,17
u2,Friday,Clear,Saket Select Citywalk Mall,18,Medium,17
u2,Tuesday,Clouds,Dwarka Sector 21 Metro Station,7,Medium,8
u2,Thursday,Clear,Dwarka Sector 21 Metro Station,9,Medium,8
u2,Wednesday,Clouds,Janakpuri Residential,18,Low,19
u2,Wednesday,Rain,Dwarka Sector 21 Metro Station,6,High,6
u2,Monday,Clear,Saket Select Citywalk Mall,15,Medium,17
u2,Thursday,Rain,Dwarka Sector 21 Metro Station,6,Medium,7
u2,Friday,Clear,Saket Select Citywalk Mall,19,Medium,17
u2,Friday,Clouds,Janakpuri Residential,19,Low,19
u2,Wednesday,Haze,Saket Select Citywalk Mall,15,Medium,17
u2,Sunday,Haze,Saket Select Citywalk Mall,17,Medium,16
u2,Friday,Drizzle,Dwarka Sector 21 Metro Station,10,High,6
u2,Wednesday,Clear,Dwarka Sector 21 Metro Station,10,Medium,8
u2,Thursday,Clear,Saket Select Citywalk Mall,19,Medium,17
u2,Friday,Haze,Saket Select Citywalk Mall,17,Medium,17
u2,Wednesday,Clouds,Dwarka Sector 21 Metro Station,8,Medium,8
u2,Monday,Clear,Saket Select Citywalk Mall,19,Medium,17
u2,Friday,Clear,Saket Select Citywalk Mall,16,Medium,17
u2,Wednesday,Thunderstorm,Dwarka Sector 21 Metro Station,7,High,7
u2,Tuesday,Haze,Saket Select Citywalk Mall,15,Medium,17
u2,Sunday,Clear,Dwarka Sector 21 Metro Station,9,Low,9
u2,Wednesday,Clear,Janakpuri Residential,19,Low,19
u2,Sunday,Clouds,Dwarka Sector 21 Metro Station,7,Low,9
u2,Friday,Clouds,Dwarka Sector 21 Metro Station,8,Medium,8
u2,Wednesday,Clouds,Saket Select Citywalk Mall,15,Medium,17
u2,Wednesday,Drizzle,Dwarka Sector 21 Metro Station,9,High,6
u2,Friday,Clear,Saket Select Citywalk Mall,15,Medium,17
u2,Sunday,Clouds,Janakpuri Residential,19,Low,19
u2,Sunday,Clouds,Janakpuri Residential,21,Low,19
u2,Friday,Clear,Janakpuri Residential,18,Low,19
u2,Monday,Thunderstorm,Dwarka Sector 21 Metro Station,9,High,7
u2,Friday,Clouds,Dwarka Sector 21 Metro Station,6,Medium,8
u2,Thursday,Clear,Janakpuri Residential,17,Low,19
u2,Friday,Rain,Saket Select Citywalk Mall,17,Medium,16
u2,Wednesday,Clouds,Dwarka Sector 21 Metro Station,10,Medium,8
u2,Wednesday,Rain,Dwarka Sector 21 Metro Station,7,Medium,7
u2,Thursday,Clear,Saket Select Citywalk Mall,17,Medium,17
u2,Monday,Rain,Dwarka Sector 21 Metro Station,7,High,6
u2,Wednesday,Clear,Saket Select Citywalk Mall,19,Medium,17
u2,Thursday,Clear,Saket Select Citywalk Mall,17,Medium,17
u2,Thursday,Drizzle,Dwarka Sector 21 Metro Station,8,Medium,7
u2,Thursday,Haze,Dwarka Sector 21 Metro Station,10,High,7
u2,Wednesday,Clear,Saket Select Citywalk Mall,16,Medium,17
u2,Thursday,Haze,Dwarka Sector 21 Metro Station,9,Medium,8
u2,Friday,Haze,Dwarka Sector 21 Metro Station,6,Medium,8
u2,Friday,Clear,Saket Select Citywalk Mall,18,Medium,17
u2,Thursday,Clear,Dwarka Sector 21 Metro Station,9,Medium,8
u2,Tuesday,Rain,Dwarka Sector 21 Metro Station,9,Medium,7
u2,Wednesday,Rain,Janakpuri Residential,19,Medium,18
u2,Friday,Haze,Dwarka Sector 21 Metro Station,7,Medium,8
u2,Thursday,Drizzle,Janakpuri Residential,18,Medium,18
u2,Wednesday,Fog,Dwarka Sector 21 Metro Station,7,Medium,7
u2,Saturday,Clear,Saket Select Citywalk Mall,19,Medium,16
u2,Friday,Haze,Dwarka Sector 21 Metro Station,7,Medium,8
u2,Wednesday,Clouds,Janakpuri Residential,19,Low,19
u2,Monday,Clouds,Saket Select Citywalk Mall,19,Medium,17
u2,Sunday,Clouds,Dwarka Sector 21 Metro Station,9,Low,9
u2,Tuesday,Clear,Dwarka Sector 21 Metro Station,6,Medium,8
u2,Thursday,Clear,Janakpuri Residential,19,Low,19
u2,Friday,Drizzle,Janakpuri Residential,20,Medium,18
u2,Friday,Fog,Dwarka Sector 21 Metro Station,8,Medium,7
u2,Saturday,Fog,Dwarka Sector 21 Metro Station,9,Medium,8
u2,Friday,Clear,Dwarka Sector 21 Metro Station,8,Medium,8
u2,Tuesday,Clouds,Dwarka Sector 21 Metro Station,9,Medium,8
u2,Friday,Clouds,Janakpuri Residential,20,Low,19
u2,Friday,Rain,Janakpuri Residential,21,Medium,18
u2,Monday,Clear,Saket Select Citywalk Mall,17,Medium,17
u2,Saturday,Clouds,Saket Select Citywalk Mall,19,Medium,16
u2,Thursday,Haze,Dwarka Sector 21 Metro Station,8,Medium,8
u2,Sunday,Rain,Saket Select Citywalk Mall,17,High,14
u2,Sunday,Clear,Saket Select Citywalk Mall,17,Medium,16
u2,Saturday,Thunderstorm,Saket Select Citywalk Mall,16,High,15
u2,Wednesday,Clouds,Dwarka Sector 21 Metro Station,9,Medium,8
u2,Monday,Clear,Janakpuri Residential,19,Low,19
u2,Tuesday,Rain,Janakpuri Residential,21,Medium,18
u2,Wednesday,Haze,Dwarka Sector 21 Metro Station,8,Medium,8
u2,Friday,Clear,Saket Select Citywalk Mall,15,Medium,17
u2,Tuesday,Clear,Saket Select Citywalk Mall,19,Medium,17
u2,Thursday,Clouds,Janakpuri Residential,19,Low,19
u2,Friday,Haze,Dwarka Sector 21 Metro Station,7,Medium,8
u2,Saturday,Clear,Janakpuri Residential,19,Low,19
u2,Monday,Clear,Dwarka Sector 21 Metro Station,6,Medium,8
u2,Tuesday,Clear,Janakpuri Residential,17,Low,19
u2,Friday,Clouds,Dwarka Sector 21 Metro Station,10,Medium,8
u2,Saturday,Clouds,Janakpuri Residential,19,Low,19
u2,Saturday,Clouds,Dwarka Sector 21 Metro Station,8,Low,9
u2,Sunday,Rain,Janakpuri Residential,19,Medium,18
u2,Sunday,Haze,Dwarka Sector 21 Metro Station,9,Medium,9
u2,Monday,Clear,Saket Select Citywalk Mall,17,Medium,17
u2,Friday,Haze,Dwarka Sector 21 Metro Station,8,Medium,8
u2,Monday,Fog,Dwarka Sector 21 Metro Station,6,High,6
u2,Saturday,Clouds,Saket Select Citywalk Mall,17,Medium,16
u2,Saturday,Clouds,Dwarka Sector 21 Metro Station,7,Low,9
u2,Saturday,Clear,Dwarka Sector 21 Metro Station,8,Low,9
u2,Tuesday,Fog,Saket Select Citywalk Mall,16,Medium,16
u2,Thursday,Clear,Dwarka Sector 21 Metro Station,9,Medium,8
u2,Tuesday,Clear,Janakpuri Residential,19,Low,19
u2,Wednesday,Clear,Janakpuri Residential,19,Low,19
u2,Saturday,Drizzle,Janakpuri Residential,19,Medium,18
u2,Thursday,Haze,Dwarka Sector 21 Metro Station,8,Medium,8
u2,Friday,Clear,Dwarka Sector 21 Metro Station,8,Medium,8
u2,Saturday,Clear,Saket Select Citywalk Mall,16,Medium,16
u2,Tuesday,Clouds,Saket Select Citywalk Mall,17,Medium,17
u2,Thursday,Fog,Janakpuri Residential,17,Medium,18
u2,Friday,Haze,Janakpuri Residential,18,Medium,19
u2,Tuesday,Clouds,Dwarka Sector 21 Metro Station,9,Medium,8
u2,Tuesday,Clear,Dwarka Sector 21 Metro Station,9,Medium,8
u2,Wednesday,Clear,Janakpuri Residential,21,Low,19
u2,Tuesday,Rain,Janakpuri Residential,21,Medium,18
u2,Sunday,Clouds,Janakpuri Residential,19,Low,19
u2,Tuesday,Clouds,Saket Select Citywalk Mall,16,Medium,17
u2,Wednesday,Clear,Janakpuri Residential,19,Low,19
u2,Wednesday,Rain,Dwarka Sector 21 Metro Station,9,High,6
u2,Saturday,Fog,Dwarka Sector 21 Metro Station,8,Medium,8
u2,Monday,Haze,Dwarka Sector 21 Metro Station,10,Medium,8
u2,Thursday,Rain,Dwarka Sector 21 Metro Station,6,High,6
u2,Sunday,Clear,Saket Select Citywalk Mall,15,Medium,16
u2,Thursday,Haze,Dwarka Sector 21 Metro Station,8,Medium,8
u2,Thursday,Rain,Dwarka Sector 21 Metro Station,9,High,6
u2,Saturday,Clear,Dwarka Sector 21 Metro Station,9,Low,9
u2,Friday,Clouds,Saket Select Citywalk Mall,18,Medium,17
u2,Friday,Rain,Janakpuri Residential,20,Medium,18
u2,Thursday,Clouds,Saket Select Citywalk Mall,17,Medium,17
u2,Friday,Rain,Saket Select Citywalk Mall,17,Medium,16
u2,Tuesday,Haze,Janakpuri Residential,19,Medium,19
u2,Wednesday,Clear,Saket Select Citywalk Mall,16,Medium,17
u2,Thursday,Haze,Janakpuri Residential,21,Medium,19
u2,Wednesday,Clear,Dwarka Sector 21 Metro Station,7,Medium,8
u2,Wednesday,Clouds,Dwarka Sector 21 Metro Station,7,Medium,8
u2,Wednesday,Clouds,Janakpuri Residential,19,Low,19
u2,Monday,Clear,Saket Select Citywalk Mall,17,Medium,17
u2,Wednesday,Drizzle,Janakpuri Residential,17,Medium,18
u2,Tuesday,Clouds,Dwarka Sector 21 Metro Station,6,Medium,8
u2,Friday,Clear,Janakpuri Residential,19,Low,19
u2,Monday,Haze,Saket Select Citywalk Mall,17,High,16
u2,Tuesday,Clouds,Saket Select Citywalk Mall,15,Medium,17
u2,Thursday,Clouds,Saket Select Citywalk Mall,19,Medium,17
u2,Friday,Rain,Janakpuri Residential,21,Medium,18
u2,Thursday,Clear,Saket Select Citywalk Mall,17,Medium,17
u2,Tuesday,Clear,Dwarka Sector 21 Metro Station,6,Medium,8
u2,Thursday,Clouds,Dwarka Sector 21 Metro Station,10,Medium,8
u2,Friday,Drizzle,Saket Select Citywalk Mall,17,Medium,16
u2,Sunday,Clouds,Saket Select Citywalk Mall,18,Medium,16
u2,Saturday,Clouds,Dwarka Sector 21 Metro Station,10,Low,9
u2,Friday,Clouds,Dwarka Sector 21 Metro Station,9,Medium,8
u2,Saturday,Clouds,Dwarka Sector 21 Metro Station,8,Low,9
u2,Tuesday,Clear,Dwarka Sector 21 Metro Station,8,Medium,8
u2,Thursday,Clear,Janakpuri Residential,19,Low,19
u2,Friday,Rain,Dwarka Sector 21 Metro Station,7,High,6
u2,Wednesday,Clear,Janakpuri Residential,18,Low,19
u2,Wednesday,Rain,Saket Select Citywalk Mall,17,Medium,16
u2,Saturday,Clear,Dwarka Sector 21 Metro Station,9,Low,9
u2,Thursday,Clear,Janakpuri Residential,17,Low,19
u2,Monday,Clear,Janakpuri Residential,18,Low,19
u2,Friday,Rain,Janakpuri Residential,21,Medium,18
u2,Wednesday,Rain,Dwarka Sector 21 Metro Station,8,High,6
u2,Friday,Clouds,Janakpuri Residential,20,Low,19
u2,Monday,Fog,Dwarka Sector 21 Metro Station,9,Medium,7
u2,Tuesday,Clouds,Dwarka Sector 21 Metro Station,6,Medium,8
u2,Friday,Rain,Dwarka Sector 21 Metro Station,10,Medium,7
u2,Friday,Drizzle,Dwarka Sector 21 Metro Station,8,Medium,7
u2,Tuesday,Drizzle,Saket Select Citywalk Mall,17,Medium,16
u2,Friday,Rain,Saket Select Citywalk Mall,17,Medium,16
u2,Sunday,Haze,Dwarka Sector 21 Metro Station,11,Medium,9
u2,Wednesday,Clouds,Saket Select Citywalk Mall,15,Medium,17
u2,Monday,Rain,Saket Select Citywalk Mall,19,Medium,16
u2,Friday,Clouds,Saket Select Citywalk Mall,17,Medium,17
u2,Sunday,Clear,Saket Select Citywalk Mall,17,Medium,16
u2,Tuesday,Rain,Dwarka Sector 21 Metro Station,8,High,6
u2,Tuesday,Clear,Saket Select Citywalk Mall,19,Medium,17
u2,Thursday,Fog,Dwarka Sector 21 Metro Station,10,Medium,7
u2,Friday,Clear,Saket Select Citywalk Mall,19,Medium,17
u2,Friday,Clear,Dwarka Sector 21 Metro Station,9,Medium,8
u2,Thursday,Clear,Dwarka Sector 21 Metro Station,8,Medium,8
u2,Friday,Clouds,Dwarka Sector 21 Metro Station,7,Medium,8
u2,Thursday,Clear,Dwarka Sector 21 Metro Station,8,Medium,8
u2,Tuesday,Clouds,Dwarka Sector 21 Metro Station,6,Medium,8
u2,Tuesday,Clouds,Dwarka Sector 21 Metro Station,10,Medium,8
u2,Saturday,Rain,Dwarka Sector 21 Metro Station,8,Medium,8
u2,Friday,Clear,Janakpuri Residential,21,Low,19
u2,Wednesday,Fog,Dwarka Sector 21 Metro Station,7,High,6
u2,Tuesday,Clear,Saket Select Citywalk Mall,16,Medium,17
u2,Sunday,Clear,Dwarka Sector 21 Metro Station,9,Low,9
u2,Monday,Fog,Saket Select Citywalk Mall,15,Medium,16
u2,Monday,Clear,Dwarka Sector 21 Metro Station,9,Medium,8
u2,Sunday,Fog,Dwarka Sector 21 Metro Station,9,Medium,8
u2,Thursday,Clouds,Dwarka Sector 21 Metro Station,7,Medium,8
u2,Sunday,Clear,Saket Select Citywalk Mall,17,Medium,16
u2,Tuesday,Rain,Saket Select Citywalk Mall,17,Medium,16
u2,Tuesday,Thunderstorm,Janakpuri Residential,17,Medium,19
u2,Thursday,Rain,Saket Select Citywalk Mall,15,Medium,16
u2,Monday,Fog,Janakpuri Residential,20,Medium,18
u2,Sunday,Clouds,Dwarka Sector 21 Metro Station,10,Low,9
u2,Thursday,Haze,Dwarka Sector 21 Metro Station,8,High,7
u2,Sunday,Fog,Janakpuri Residential,18,Medium,18
u2,Tuesday,Fog,Dwarka Sector 21 Metro Station,8,Medium,7
u2,Thursday,Clouds,Saket Select Citywalk Mall,15,Medium,17
u2,Tuesday,Clouds,Janakpuri Residential,20,Low,19
u2,Thursday,Clouds,Saket Select Citywalk Mall,18,Medium,17
u2,Friday,Clouds,Dwarka Sector 21 Metro Station,6,Medium,8
u2,Thursday,Rain,Dwarka Sector 21 Metro Station,10,Medium,7
u2,Monday,Clear,Dwarka Sector 21 Metro Station,6,Medium,8
u2,Thursday,Clear,Dwarka Sector 21 Metro Station,7,Medium,8
u2,Thursday,Drizzle,Saket Select Citywalk Mall,18,Medium,16
u2,Wednesday,Clouds,Dwarka Sector 21 Metro Station,7,Medium,8
u2,Thursday,Haze,Saket Select Citywalk Mall,15,Medium,17
u2,Wednesday,Fog,Janakpuri Residential,21,Medium,18
u2,Friday,Clear,Saket Select Citywalk Mall,19,Medium,17
u2,Saturday,Rain,Janakpuri Residential,19,Medium,18
u2,Friday,Clouds,Saket Select Citywalk Mall,18,Medium,17
u2,Wednesday,Thunderstorm,Saket Select Citywalk Mall,17,Medium,17
u2,Saturday,Clear,Dwarka Sector 21 Metro Station,8,Low,9
u2,Monday,Fog,Dwarka Sector 21 Metro Station,10,Medium,7
u2,Thursday,Clouds,Dwarka Sector 21 Metro Station,7,Medium,8
u2,Wednesday,Drizzle,Janakpuri Residential,17,Medium,18
u2,Friday,Clouds,Saket Select Citywalk Mall,17,Medium,17
u2,Thursday,Clouds,Dwarka Sector 21 Metro Station,8,Medium,8
u2,Friday,Clear,Dwarka Sector 21 Metro Station,9,Medium,8
u2,Monday,Clear,Saket Select Citywalk Mall,16,Medium,17
u2,Wednesday,Drizzle,Janakpuri Residential,18,Medium,18
u2,Sunday,Haze,Dwarka Sector 21 Metro Station,10,Medium,9
u2,Sunday,Clear,Dwarka Sector 21 Metro Station,7,Low,9
u2,Thursday,Drizzle,Saket Select Citywalk Mall,15,Medium,16
u2,Sunday,Drizzle,Dwarka Sector 21 Metro Station,9,Medium,8
u2,Monday,Thunderstorm,Saket Select Citywalk Mall,19,Medium,17
u2,Thursday,Clear,Janakpuri Residential,19,Low,19
u2,Monday,Clouds,Dwarka Sector 21 Metro Station,10,Medium,8
u2,Sunday,Rain,Dwarka Sector 21 Metro Station,10,Medium,8
u2,Saturday,Clouds,Dwarka Sector 21 Metro Station,11,Low,9
u2,Monday,Haze,Dwarka Sector 21 Metro Station,7,Medium,8
u2,Friday,Clouds,Dwarka Sector 21 Metro Station,8,Medium,8
u2,Monday,Clouds,Saket Select Citywalk Mall,15,Medium,17
u2,Wednesday,Haze,Dwarka Sector 21 Metro Station,9,Medium,8
u2,Wednesday,Rain,Dwarka Sector 21 Metro Station,8,High,6
u2,Sunday,Clouds,Dwarka Sector 21 Metro Station,10,Low,9
u2,Thursday,Fog,Saket Select Citywalk Mall,17,Medium,16
u2,Wednesday,Haze,Saket Select Citywalk Mall,17,Medium,17
u2,Thursday,Haze,Dwarka Sector 21 Metro Station,8,Medium,8
u2,Wednesday,Haze,Saket Select Citywalk Mall,17,Medium,17
u2,Thursday,Clouds,Janakpuri Residential,17,Low,19
u2,Thursday,Fog,Dwarka Sector 21 Metro Station,6,High,6
u2,Friday,Clear,Dwarka Sector 21 Metro Station,9,Medium,8
u2,Friday,Clear,Saket Select Citywalk Mall,15,Medium,17
u2,Wednesday,Clear,Dwarka Sector 21 Metro Station,10,Medium,8
u2,Friday,Clear,Saket Select Citywalk Mall,19,Medium,17
u2,Tuesday,Clouds,Dwarka Sector 21 Metro Station,6,Medium,8
u2,Tuesday,Fog,Janakpuri Residential,21,Medium,18
u2,Wednesday,Haze,Dwarka Sector 21 Metro Station,9,Medium,8
u2,Saturday,Clear,Janakpuri Residential,17,Low,19
u2,Wednesday,Clouds,Dwarka Sector 21 Metro Station,6,Medium,8
u2,Tuesday,Haze,Janakpuri Residential,21,Medium,19
u2,Friday,Clear,Janakpuri Residential,20,Low,19
u2,Sunday,Clear,Dwarka Sector 21 Metro Station,10,Low,9
u2,Tuesday,Clouds,Janakpuri Residential,17,Low,19
u2,Sunday,Clear,Dwarka Sector 21 Metro Station,9,Low,9
u2,Thursday,Clear,Saket Select Citywalk Mall,18,Medium,17
u2,Saturday,Clear,Saket Select Citywalk Mall,19,Medium,16
u2,Thursday,Rain,Janakpuri Residential,21,Medium,18
u2,Wednesday,Clear,Dwarka Sector 21 Metro Station,8,Medium,8
u2,Monday,Clear,Dwarka Sector 21 Metro Station,9,Medium,8
u2,Tuesday,Haze,Janakpuri Residential,17,Medium,19
u2,Tuesday,Fog,Janakpuri Residential,21,Medium,18
u2,Tuesday,Clear,Saket Select Citywalk Mall,15,Medium,17
u2,Friday,Fog,Saket Select Citywalk Mall,16,Medium,16
u2,Monday,Clear,Dwarka Sector 21 Metro Station,6,Medium,8
u2,Friday,Clouds,Saket Select Citywalk Mall,15,Medium,17
u2,Tuesday,Fog,Janakpuri Residential,18,Medium,18
u2,Wednesday,Haze,Dwarka Sector 21 Metro Station,8,Medium,8
u2,Tuesday,Clear,Saket Select Citywalk Mall,15,Medium,17
u2,Friday,Thunderstorm,Dwarka Sector 21 Metro Station,8,High,7
u2,Friday,Clouds,Dwarka Sector 21 Metro Station,8,Medium,8
u2,Saturday,Fog,Saket Select Citywalk Mall,17,Medium,15
u2,Wednesday,Clouds,Saket Select Citywalk Mall,19,Medium,17
u2,Wednesday,Rain,Saket Select Citywalk Mall,17,Medium,16
u2,Tuesday,Haze,Dwarka Sector 21 Metro Station,10,Medium,8
u2,Thursday,Rain,Dwarka Sector 21 Metro Station,10,High,6
u2,Monday,Clouds,Dwarka Sector 21 Metro Station,8,Medium,8
u2,Tuesday,Fog,Janakpuri Residential,19,Medium,18
u2,Tuesday,Clear,Dwarka Sector 21 Metro Station,7,Medium,8
u2,Tuesday,Haze,Dwarka Sector 21 Metro Station,8,High,7
u2,Saturday,Fog,Dwarka Sector 21 Metro Station,9,Medium,8
u2,Tuesday,Rain,Dwarka Sector 21 Metro Station,10,High,6
u2,Friday,Clouds,Saket Select Citywalk Mall,17,Medium,17
u2,Thursday,Haze,Dwarka Sector 21 Metro Station,7,Medium,8
u2,Monday,Haze,Saket Select Citywalk Mall,16,Medium,17
u2,Friday,Rain,Saket Select Citywalk Mall,17,Medium,16
u2,Saturday,Rain,Saket Select Citywalk Mall,17,High,14
u2,Tuesday,Clear,Saket Select Citywalk Mall,16,Medium,17
u2,Monday,Clouds,Saket Select Citywalk Mall,17,Medium,17
u2,Friday,Clouds,Saket Select Citywalk Mall,17,Medium,17
u2,Friday,Fog,Janakpuri Residential,18,Medium,18
u2,Tuesday,Clear,Janakpuri Residential,19,Low,19
u2,Monday,Haze,Saket Select Citywalk Mall,19,Medium,17
u2,Monday,Clear,Saket Select Citywalk Mall,19,Medium,17
u2,Monday,Clear,Dwarka Sector 21 Metro Station,8,Medium,8
u2,Thursday,Fog,Dwarka Sector 21 Metro Station,8,Medium,7
u2,Wednesday,Clear,Janakpuri Residential,20,Low,19
u2,Tuesday,Clear,Dwarka Sector 21 Metro Station,6,Medium,8
u2,Sunday,Clear,Dwarka Sector 21 Metro Station,8,Low,9
u2,Wednesday,Rain,Saket Select Citywalk Mall,17,Medium,16
u2,Monday,Clouds,Dwarka Sector 21 Metro Station,10,Medium,8
u2,Friday,Clear,Saket Select Citywalk Mall,16,Medium,17
u2,Tuesday,Clear,Dwarka Sector 21 Metro Station,7,Medium,8
u2,Monday,Clouds,Saket Select Citywalk Mall,17,Medium,17
u2,Wednesday,Clouds,Dwarka Sector 21 Metro Station,8,Medium,8
u2,Sunday,Rain,Janakpuri Residential,21,Medium,18
u2,Wednesday,Clear,Saket Select Citywalk Mall,16,Medium,17
u2,Saturday,Clouds,Dwarka Sector 21 Metro Station,7,Low,9
u2,Friday,Clear,Saket Select Citywalk Mall,17,Medium,17
u2,Wednesday,Clouds,Dwarka Sector 21 Metro Station,9,Medium,8
u2,Sunday,Clouds,Saket Select Citywalk Mall,18,Medium,16
u2,Tuesday,Clear,Dwarka Sector 21 Metro Station,9,Medium,8
u2,Tuesday,Clouds,Saket Select Citywalk Mall,17,Medium,17
u2,Saturday,Rain,Dwarka Sector 21 Metro Station,9,Medium,8
u2,Thursday,Clear,Saket Select Citywalk Mall,15,Medium,17
u2,Thursday,Clear,Saket Select Citywalk Mall,16,Medium,17
u2,Monday,Thunderstorm,Dwarka Sector 21 Metro Station,6,High,7
u2,Sunday,Clear,Dwarka Sector 21 Metro Station,10,Low,9
u2,Friday,Haze,Saket Select Citywalk Mall,17,Medium,17
u2,Wednesday,Clear,Janakpuri Residential,21,Low,19
u2,Tuesday,Clear,Janakpuri Residential,19,Low,19
u2,Monday,Clear,Dwarka Sector 21 Metro Station,10,Medium,8
u2,Thursday,Clouds,Dwarka Sector 21 Metro Station,7,Medium,8
u2,Friday,Clouds,Dwarka Sector 21 Metro Station,8,Medium,8
u2,Friday,Drizzle,Dwarka Sector 21 Metro Station,7,Medium,7
u2,Monday,Clear,Saket Select Citywalk Mall,17,Medium,17
u2,Sunday,Clear,Janakpuri Residential,21,Low,19
u2,Friday,Clear,Saket Select Citywalk Mall,19,Medium,17
u2,Wednesday,Rain,Saket Select Citywalk Mall,15,Medium,16
u2,Saturday,Clear,Dwarka Sector 21 Metro Station,9,Low,9
u2,Tuesday,Clouds,Dwarka Sector 21 Metro Station,6,Medium,8
u2,Saturday,Drizzle,Dwarka Sector 21 Metro Station,8,Medium,8
u2,Friday,Clear,Dwarka Sector 21 Metro Station,6,Medium,8
u2,Monday,Clear,Dwarka Sector 21 Metro Station,7,Medium,8
u2,Monday,Clear,Saket Select Citywalk Mall,15,Medium,17
u2,Tuesday,Clear,Dwarka Sector 21 Metro Station,7,Medium,8
u2,Friday,Clouds,Dwarka Sector 21 Metro Station,6,Medium,8
u2,Monday,Haze,Saket Select Citywalk Mall,18,Medium,17
u2,Tuesday,Clear,Janakpuri Residential,17,Low,19
u2,Wednesday,Drizzle,Saket Select Citywalk Mall,17,Medium,16
u2,Monday,Clouds,Dwarka Sector 21 Metro Station,6,Medium,8
u2,Tuesday,Clear,Dwarka Sector 21 Metro Station,7,Medium,8
u2,Saturday,Clouds,Janakpuri Residential,19,Low,19
u2,Thursday,Haze,Saket Select Citywalk Mall,17,Medium,17
u2,Monday,Drizzle,Dwarka Sector 21 Metro Station,6,Medium,7
u2,Monday,Rain,Dwarka Sector 21 Metro Station,8,High,6
u2,Monday,Rain,Saket Select Citywalk Mall,16,Medium,16
u2,Thursday,Fog,Janakpuri Residential,18,Medium,18
u2,Friday,Clear,Janakpuri Residential,20,Low,19
u2,Monday,Rain,Saket Select Citywalk Mall,15,Medium,16
u2,Monday,Rain,Saket Select Citywalk Mall,17,Medium,16
u2,Sunday,Rain,Dwarka Sector 21 Metro Station,11,Medium,8
u2,Monday,Clear,Saket Select Citywalk Mall,17,Medium,17
u2,Thursday,Clear,Dwarka Sector 21 Metro Station,10,Medium,8
u2,Tuesday,Fog,Janakpuri Residential,17,Medium,18
u2,Thursday,Haze,Dwarka Sector 21 Metro Station,6,High,7
u2,Thursday,Clouds,Dwarka Sector 21 Metro Station,6,Medium,8
u2,Saturday,Rain,Dwarka Sector 21 Metro Station,9,Medium,8
u2,Tuesday,Thunderstorm,Janakpuri Residential,17,Medium,19
u2,Saturday,Fog,Dwarka Sector 21 Metro Station,8,Medium,8
u2,Friday,Clouds,Janakpuri Residential,19,Low,19
u2,Friday,Clear,Saket Select Citywalk Mall,17,Medium,17
u2,Friday,Clouds,Dwarka Sector 21 Metro Station,7,Medium,8
u2,Monday,Haze,Dwarka Sector 21 Metro Station,9,Medium,8
u2,Tuesday,Clear,Dwarka Sector 21 Metro Station,6,Medium,8
u2,Friday,Drizzle,Janakpuri Residential,17,Medium,18
u2,Friday,Clear,Dwarka Sector 21 Metro Station,10,Medium,8
u2,Tuesday,Clear,Saket Select Citywalk Mall,17,Medium,17
u2,Monday,Clouds,Saket Select Citywalk Mall,16,Medium,17
u2,Monday,Clouds,Saket Select Citywalk Mall,19,Medium,17
u2,Friday,Clear,Janakpuri Residential,20,Low,19
u2,Monday,Fog,Saket Select Citywalk Mall,18,Medium,16
u2,Sunday,Clouds,Dwarka Sector 21 Metro Station,8,Low,9
u2,Saturday,Clear,Dwarka Sector 21 Metro Station,9,Low,9
u2,Tuesday,Thunderstorm,Saket Select Citywalk Mall,17,Medium,17
u2,Thursday,Clouds,Janakpuri Residential,18,Low,19
u2,Monday,Clouds,Dwarka Sector 21 Metro Station,7,Medium,8
u2,Thursday,Clear,Janakpuri Residential,20,Low,19
u2,Monday,Fog,Dwarka Sector 21 Metro Station,9,Medium,7
u2,Wednesday,Clouds,Dwarka Sector 21 Metro Station,8,Medium,8
u2,Monday,Clear,Janakpuri Residential,18,Low,19
u2,Monday,Clear,Saket Select Citywalk Mall,15,Medium,17
u2,Saturday,Clear,Saket Select Citywalk Mall,17,Medium,16
u2,Sunday,Drizzle,Janakpuri Residential,19,Medium,18
u2,Friday,Haze,Dwarka Sector 21 Metro Station,10,Medium,8
u2,Friday,Clear,Dwarka Sector 21 Metro Station,6,Medium,8
u2,Saturday,Fog,Janakpuri Residential,18,Medium,18
u2,Tuesday,Haze,Saket Select Citywalk Mall,17,Medium,17
u2,Monday,Clouds,Saket Select Citywalk Mall,18,Medium,17
u2,Thursday,Clouds,Dwarka Sector 21 Metro Station,6,Medium,8
u2,Monday,Clouds,Janakpuri Residential,21,Low,19
u2,Sunday,Clouds,Dwarka Sector 21 Metro Station,11,Low,9
u2,Sunday,Rain,Dwarka Sector 21 Metro Station,9,Medium,8
u2,Wednesday,Rain,Dwarka Sector 21 Metro Station,6,Medium,7
u2,Saturday,Clouds,Saket Select Citywalk Mall,17,Medium,16
u2,Monday,Clear,Dwarka Sector 21 Metro Station,7,Medium,8
u2,Tuesday,Clear,Saket Select Citywalk Mall,15,Medium,17
u2,Saturday,Rain,Dwarka Sector 21 Metro Station,9,Medium,8
u2,Friday,Clouds,Saket Select Citywalk Mall,18,Medium,17
u2,Wednesday,Clouds,Saket Select Citywalk Mall,15,Medium,17
u2,Saturday,Clear,Dwarka Sector 21 Metro Station,8,Low,9
u2,Sunday,Clouds,Saket Select Citywalk Mall,19,Medium,16
u2,Saturday,Haze,Dwarka Sector 21 Metro Station,7,Medium,9
u2,Thursday,Clouds,Dwarka Sector 21 Metro Station,10,Medium,8
u2,Saturday,Fog,Dwarka Sector 21 Metro Station,11,Medium,8
u2,Thursday,Clouds,Saket Select Citywalk Mall,17,Medium,17
u2,Sunday,Fog,Saket Select Citywalk Mall,16,Medium,15
u2,Sunday,Clear,Saket Select Citywalk Mall,19,Medium,16
u2,Tuesday,Clouds,Saket Select Citywalk Mall,18,Medium,17
u2,Monday,Fog,Dwarka Sector 21 Metro Station,8,Medium,7
u2,Thursday,Clear,Dwarka Sector 21 Metro Station,8,Medium,8
u2,Friday,Haze,Dwarka Sector 21 Metro Station,10,High,7
u2,Saturday,Clear,Saket Select Citywalk Mall,15,Medium,16
u2,Friday,Rain,Dwarka Sector 21 Metro Station,7,High,6
u2,Sunday,Haze,Dwarka Sector 21 Metro Station,8,Medium,9
u2,Friday,Clear,Dwarka Sector 21 Metro Station,8,Medium,8
u2,Friday,Rain,Dwarka Sector 21 Metro Station,8,High,6
u2,Sunday,Rain,Dwarka Sector 21 Metro Station,9,Medium,8
u2,Monday,Clear,Dwarka Sector 21 Metro Station,8,Medium,8
u2,Friday,Clouds,Saket Select Citywalk Mall,15,Medium,17
u2,Tuesday,Haze,Dwarka Sector 21 Metro Station,6,Medium,8
u2,Monday,Clouds,Janakpuri Residential,19,Low,19
u2,Tuesday,Fog,Janakpuri Residential,19,Medium,18
u2,Saturday,Clear,Saket Select Citywalk Mall,17,Medium,16
u2,Saturday,Rain,Janakpuri Residential,18,Medium,18
u2,Thursday,Clear,Dwarka Sector 21 Metro Station,9,Medium,8
u2,Saturday,Thunderstorm,Janakpuri Residential,20,Medium,19
u2,Wednesday,Clear,Janakpuri Residential,19,Low,19
u2,Friday,Clear,Saket Select Citywalk Mall,16,Medium,17
u2,Tuesday,Clear,Janakpuri Residential,21,Low,19
u2,Wednesday,Rain,Dwarka Sector 21 Metro Station,10,High,6
u2,Saturday,Rain,Dwarka Sector 21 Metro Station,8,Medium,8
u2,Wednesday,Clear,Saket Select Citywalk Mall,19,Medium,17
u2,Friday,Clouds,Saket Select Citywalk Mall,15,Medium,17
u2,Tuesday,Clear,Saket Select Citywalk Mall,15,Medium,17
u2,Thursday,Clouds,Dwarka Sector 21 Metro Station,9,Medium,8
u2,Wednesday,Clear,Janakpuri Residential,17,Low,19
u2,Friday,Clear,Janakpuri Residential,17,Low,19
u2,Wednesday,Haze,Dwarka Sector 21 Metro Station,6,Medium,8
u2,Saturday,Clouds,Dwarka Sector 21 Metro Station,10,Medium,9
u2,Monday,Clear,Janakpuri Residential,20,Low,19
u2,Friday,Rain,Dwarka Sector 21 Metro Station,7,High,6
u2,Thursday,Rain,Janakpuri Residential,19,Medium,18
u2,Wednesday,Haze,Dwarka Sector 21 Metro Station,7,Medium,8
u2,Tuesday,Clear,Dwarka Sector 21 Metro Station,8,Medium,8
u2,Tuesday,Clear,Saket Select Citywalk Mall,17,Medium,17
u2,Monday,Clear,Dwarka Sector 21 Metro Station,6,Medium,8
u2,Tuesday,Clouds,Saket Select Citywalk Mall,17,Medium,17
u2,Sunday,Rain,Dwarka Sector 21 Metro Station,9,Medium,8
u2,Monday,Clear,Janakpuri Residential,17,Low,19
u2,Tuesday,Clear,Janakpuri Residential,21,Low,19
u2,Tuesday,Clouds,Dwarka Sector 21 Metro Station,9,Medium,8
u2,Thursday,Rain,Janakpuri Residential,19,Medium,18
u2,Wednesday,Clear,Saket Select Citywalk Mall,19,Medium,17
u2,Sunday,Clear,Janakpuri Residential,19,Low,19
u2,Wednesday,Rain,Janakpuri Residential,20,Medium,18
u2,Sunday,Clear,Dwarka Sector 21 Metro Station,9,Low,9
u2,Sunday,Clear,Dwarka Sector 21 Metro Station,10,Low,9
u2,Saturday,Fog,Dwarka Sector 21 Metro Station,11,Medium,8
u2,Monday,Clear,Dwarka Sector 21 Metro Station,8,Medium,8
u2,Wednesday,Rain,Dwarka Sector 21 Metro Station,8,High,6
u2,Sunday,Drizzle,Saket Select Citywalk Mall,15,Medium,15
u2,Wednesday,Clear,Dwarka Sector 21 Metro Station,9,Medium,8
u2,Tuesday,Clouds,Janakpuri Residential,19,Low,19
u2,Monday,Clear,Dwarka Sector 21 Metro Station,7,Medium,8
u2,Thursday,Haze,Janakpuri Residential,17,Medium,19
u2,Wednesday,Haze,Dwarka Sector 21 Metro Station,9,Medium,8
u2,Sunday,Clouds,Saket Select Citywalk Mall,17,Medium,16
u2,Saturday,Clear,Saket Select Citywalk Mall,17,Medium,16
u2,Tuesday,Thunderstorm,Dwarka Sector 21 Metro Station,7,High,7
u2,Tuesday,Clear,Janakpuri Residential,19,Low,19
u2,Sunday,Rain,Janakpuri Residential,19,Medium,18
u2,Tuesday,Drizzle,Dwarka Sector 21 Metro Station,6,Medium,7
u2,Friday,Haze,Saket Select Citywalk Mall,15,Medium,17
u2,Wednesday,Clouds,Saket Select Citywalk Mall,17,Medium,17
u2,Friday,Clear,Saket Select Citywalk Mall,18,Medium,17
u2,Sunday,Rain,Saket Select Citywalk Mall,16,High,14
u2,Monday,Clear,Janakpuri Residential,19,Low,19
u2,Saturday,Haze,Janakpuri Residential,19,Medium,19
u2,Thursday,Clouds,Saket Select Citywalk Mall,19,Medium,17
u2,Monday,Thunderstorm,Janakpuri Residential,17,Medium,19
u2,Tuesday,Fog,Dwarka Sector 21 Metro Station,7,Medium,7
u2,Monday,Fog,Dwarka Sector 21 Metro Station,10,Medium,7
u2,Friday,Rain,Dwarka Sector 21 Metro Station,8,Medium,7
u2,Wednesday,Clear,Dwarka Sector 21 Metro Station,10,Medium,8
u2,Friday,Thunderstorm,Janakpuri Residential,19,Medium,19
u2,Tuesday,Clear,Dwarka Sector 21 Metro Station,9,Medium,8
u2,Tuesday,Clear,Dwarka Sector 21 Metro Station,6,Medium,8
u2,Sunday,Rain,Janakpuri Residential,21,Medium,18
u2,Wednesday,Haze,Janakpuri Residential,19,Medium,19
u2,Wednesday,Fog,Saket Select Citywalk Mall,18,Medium,16
u2,Monday,Clouds,Dwarka Sector 21 Metro Station,8,Medium,8
u2,Saturday,Clear,Janakpuri Residential,21,Low,19
u2,Wednesday,Fog,Dwarka Sector 21 Metro Station,10,Medium,7
u2,Wednesday,Rain,Dwarka Sector 21 Metro Station,8,High,6
u2,Saturday,Fog,Saket Select Citywalk Mall,19,Medium,15
u2,Thursday,Clouds,Dwarka Sector 21 Metro Station,7,Medium,8
u2,Wednesday,Clouds,Dwarka Sector 21 Metro Station,8,Medium,8
u2,Friday,Clear,Dwarka Sector 21 Metro Station,10,Medium,8
u2,Saturday,Fog,Janakpuri Residential,20,Medium,18
u2,Wednesday,Rain,Dwarka Sector 21 Metro Station,8,High,6
u2,Thursday,Clouds,Dwarka Sector 21 Metro Station,8,Medium,8
u2,Thursday,Rain,Janakpuri Residential,19,Medium,18
u2,Saturday,Haze,Dwarka Sector 21 Metro Station,8,Medium,9
u2,Sunday,Rain,Dwarka Sector 21 Metro Station,9,Medium,8
u2,Tuesday,Clear,Janakpuri Residential,20,Low,19
u2,Sunday,Clouds,Dwarka Sector 21 Metro Station,9,Low,9
u2,Thursday,Haze,Janakpuri Residential,19,Medium,19
u2,Thursday,Clouds,Saket Select Citywalk Mall,17,Medium,17
u2,Monday,Clear,Saket Select Citywalk Mall,19,Medium,17
u2,Monday,Clouds,Saket Select Citywalk Mall,16,Medium,17
u2,Wednesday,Fog,Dwarka Sector 21 Metro Station,7,Medium,7
u2,Sunday,Clear,Dwarka Sector 21 Metro Station,8,Low,9
u2,Saturday,Clear,Saket Select Citywalk Mall,17,Medium,16
u2,Saturday,Clear,Janakpuri Residential,18,Low,19
u2,Tuesday,Clouds,Dwarka Sector 21 Metro Station,7,Medium,8
u2,Tuesday,Clouds,Saket Select Citywalk Mall,19,Medium,17
u2,Thursday,Rain,Janakpuri Residential,19,Medium,18
u2,Sunday,Clear,Dwarka Sector 21 Metro Station,7,Low,9
u2,Thursday,Clear,Dwarka Sector 21 Metro Station,10,Medium,8
u2,Tuesday,Clear,Dwarka Sector 21 Metro Station,8,Medium,8
u2,Thursday,Clouds,Dwarka Sector 21 Metro Station,8,Medium,8
u2,Wednesday,Rain,Janakpuri Residential,19,Medium,18
u2,Sunday,Clear,Janakpuri Residential,21,Low,19
u2,Tuesday,Clouds,Janakpuri Residential,20,Low,19
u2,Tuesday,Clear,Dwarka Sector 21 Metro Station,8,Medium,8
u2,Monday,Clear,Saket Select Citywalk Mall,17,Medium,17
u2,Thursday,Clear,Saket Select Citywalk Mall,19,Medium,17
u2,Tuesday,Haze,Dwarka Sector 21 Metro Station,8,Medium,8
u2,Sunday,Clear,Janakpuri Residential,21,Low,19
u2,Friday,Fog,Dwarka Sector 21 Metro Station,8,Medium,7
u2,Monday,Rain,Saket Select Citywalk Mall,17,Medium,16
u2,Friday,Drizzle,Saket Select Citywalk Mall,16,Medium,16
u2,Sunday,Haze,Dwarka Sector 21 Metro Station,7,Medium,9
u2,Monday,Rain,Dwarka Sector 21 Metro Station,8,High,6
u2,Monday,Drizzle,Dwarka Sector 21 Metro Station,8,High,6
u2,Wednesday,Fog,Dwarka Sector 21 Metro Station,9,Medium,7
u2,Friday,Rain,Saket Select Citywalk Mall,17,Medium,16
u2,Tuesday,Haze,Janakpuri Residential,19,Medium,19
u2,Monday,Clouds,Dwarka Sector 21 Metro Station,8,Medium,8
u2,Monday,Clear,Dwarka Sector 21 Metro Station,8,Medium,8
u2,Thursday,Fog,Janakpuri Residential,19,Medium,18
u2,Monday,Clouds,Saket Select Citywalk Mall,18,Medium,17
u2,Tuesday,Clear,Janakpuri Residential,17,Low,19
u2,Tuesday,Haze,Saket Select Citywalk Mall,16,Medium,17
u2,Tuesday,Rain,Saket Select Citywalk Mall,15,Medium,16
u2,Friday,Clear,Saket Select Citywalk Mall,18,Medium,17
u2,Wednesday,Clouds,Janakpuri Residential,17,Low,19
u2,Tuesday,Clear,Dwarka Sector 21 Metro Station,10,Medium,8
u2,Wednesday,Clear,Janakpuri Residential,19,Low,19
u2,Wednesday,Fog,Dwarka Sector 21 Metro Station,8,Medium,7
u2,Saturday,Clear,Dwarka Sector 21 Metro Station,7,Low,9
u2,Tuesday,Clear,Dwarka Sector 21 Metro Station,7,Medium,8
u2,Monday,Clear,Saket Select Citywalk Mall,16,Medium,17
u2,Friday,Fog,Saket Select Citywalk Mall,19,Medium,16
u2,Thursday,Clouds,Janakpuri Residential,20,Low,19
u2,Friday,Clear,Janakpuri Residential,18,Low,19
u2,Friday,Clouds,Dwarka Sector 21 Metro Station,8,Medium,8
u2,Wednesday,Drizzle,Dwarka Sector 21 Metro Station,7,Medium,7
u2,Wednesday,Clear,Dwarka Sector 21 Metro Station,10,Medium,8
u2,Sunday,Clear,Janakpuri Residential,20,Low,19
u2,Tuesday,Fog,Dwarka Sector 21 Metro Station,8,Medium,7
u2,Friday,Haze,Dwarka Sector 21 Metro Station,10,Medium,8
u2,Friday,Rain,Dwarka Sector 21 Metro Station,8,Medium,7
u2,Monday,Rain,Dwarka Sector 21 Metro Station,8,High,6
u2,Monday,Haze,Dwarka Sector 21 Metro Station,9,Medium,8
u2,Wednesday,Clouds,Dwarka Sector 21 Metro Station,10,Medium,8
u2,Tuesday,Fog,Dwarka Sector 21 Metro Station,8,Medium,7
u2,Sunday,Rain,Dwarka Sector 21 Metro Station,11,Medium,8
u2,Friday,Clouds,Janakpuri Residential,19,Low,19
u2,Wednesday,Clear,Dwarka Sector 21 Metro Station,7,Medium,8
u2,Monday,Clear,Janakpuri Residential,17,Low,19
u2,Tuesday,Fog,Saket Select Citywalk Mall,17,Medium,16
u2,Sunday,Clouds,Janakpuri Residential,19,Low,19
u2,Monday,Clear,Dwarka Sector 21 Metro Station,7,Medium,8
u2,Wednesday,Clear,Dwarka Sector 21 Metro Station,10,Medium,8
u2,Saturday,Clouds,Dwarka Sector 21 Metro Station,11,Low,9
u2,Wednesday,Clear,Dwarka Sector 21 Metro Station,6,Medium,8
u2,Tuesday,Clear,Dwarka Sector 21 Metro Station,10,Medium,8
u2,Wednesday,Fog,Dwarka Sector 21 Metro Station,6,Medium,7
u2,Saturday,Drizzle,Janakpuri Residential,18,Medium,18
u2,Wednesday,Clouds,Dwarka Sector 21 Metro Station,8,Medium,8
u2,Wednesday,Fog,Dwarka Sector 21 Metro Station,8,Medium,7
u2,Friday,Rain,Dwarka Sector 21 Metro Station,9,Medium,7
u2,Tuesday,Haze,Dwarka Sector 21 Metro Station,9,High,7
u2,Monday,Rain,Janakpuri Residential,19,Medium,18
u2,Monday,Clear,Dwarka Sector 21 Metro Station,10,Medium,8
u2,Sunday,Clouds,Saket Select Citywalk Mall,19,Medium,16
u2,Tuesday,Fog,Dwarka Sector 21 Metro Station,8,Medium,7
u2,Friday,Drizzle,Saket Select Citywalk Mall,17,Medium,16
u2,Monday,Fog,Dwarka Sector 21 Metro Station,7,High,6
u2,Wednesday,Clear,Dwarka Sector 21 Metro Station,9,Medium,8
u2,Thursday,Rain,Saket Select Citywalk Mall,17,Medium,16
u2,Friday,Rain,Dwarka Sector 21 Metro Station,6,Medium,7
u2,Wednesday,Clear,Dwarka Sector 21 Metro Station,7,Medium,8
u2,Saturday,Clear,Dwarka Sector 21 Metro Station,10,Low,9
u2,Friday,Rain,Dwarka Sector 21 Metro Station,9,High,6
u2,Sunday,Fog,Dwarka Sector 21 Metro Station,8,Medium,8
u2,Sunday,Drizzle,Dwarka Sector 21 Metro Station,7,Medium,8
u2,Thursday,Haze,Saket Select Citywalk Mall,19,Medium,17
u2,Wednesday,Clouds,Janakpuri Residential,18,Low,19
u2,Monday,Clear,Dwarka Sector 21 Metro Station,9,Medium,8
u2,Monday,Rain,Saket Select Citywalk Mall,16,Medium,16
u2,Monday,Rain,Janakpuri Residential,18,Medium,18
u2,Tuesday,Fog,Janakpuri Residential,21,Medium,18
u2,Thursday,Fog,Saket Select Citywalk Mall,17,Medium,16
u2,Saturday,Clouds,Janakpuri Residential,20,Low,19
u2,Monday,Clouds,Janakpuri Residential,19,Low,19
u2,Thursday,Clear,Dwarka Sector 21 Metro Station,6,Medium,8
u2,Friday,Rain,Dwarka Sector 21 Metro Station,8,High,6
u2,Tuesday,Clear,Saket Select Citywalk Mall,18,Medium,17
u2,Friday,Clouds,Dwarka Sector 21 Metro Station,6,Medium,8
u2,Monday,Clouds,Janakpuri Residential,19,Low,19
u2,Saturday,Clear,Saket Select Citywalk Mall,17,Medium,16
u2,Friday,Clouds,Saket Select Citywalk Mall,17,Medium,17
u2,Saturday,Clear,Dwarka Sector 21 Metro Station,9,Low,9
u2,Wednesday,Clouds,Janakpuri Residential,20,Low,19
u2,Sunday,Clouds,Dwarka Sector 21 Metro Station,8,Low,9
u2,Monday,Rain,Saket Select Citywalk Mall,19,Medium,16
u2,Monday,Clouds,Dwarka Sector 21 Metro Station,8,Medium,8
u2,Tuesday,Clouds,Saket Select Citywalk Mall,15,Medium,17
u2,Friday,Rain,Janakpuri Residential,21,Medium,18
u2,Friday,Fog,Janakpuri Residential,19,Medium,18
u2,Monday,Haze,Saket Select Citywalk Mall,17,Medium,17
u2,Wednesday,Clear,Janakpuri Residential,17,Low,19
u2,Wednesday,Rain,Janakpuri Residential,21,Medium,18
u2,Thursday,Clouds,Janakpuri Residential,21,Low,19
u2,Monday,Rain,Janakpuri Residential,17,Medium,18
u2,Thursday,Clear,Saket Select Citywalk Mall,18,Medium,17
u2,Thursday,Haze,Dwarka Sector 21 Metro Station,7,Medium,8
u2,Friday,Drizzle,Dwarka Sector 21 Metro Station,7,Medium,7
u2,Sunday,Haze,Dwarka Sector 21 Metro Station,8,Medium,9
u2,Friday,Clouds,Saket Select Citywalk Mall,17,Medium,17
u2,Tuesday,Rain,Janakpuri Residential,17,Medium,18
u2,Sunday,Clouds,Janakpuri Residential,19,Low,19
u2,Friday,Fog,Dwarka Sector 21 Metro Station,9,Medium,7
u2,Saturday,Clear,Saket Select Citywalk Mall,17,Medium,16
u2,Thursday,Clear,Saket Select Citywalk Mall,15,Medium,17
u2,Friday,Clear,Dwarka Sector 21 Metro Station,9,Medium,8
u2,Sunday,Haze,Janakpuri Residential,19,Medium,19
u2,Monday,Fog,Saket Select Citywalk Mall,17,Medium,16
u2,Thursday,Clear,Dwarka Sector 21 Metro Station,9,Medium,8
u2,Friday,Clear,Saket Select Citywalk Mall,17,Medium,17
u2,Thursday,Thunderstorm,Saket Select Citywalk Mall,18,Medium,17
u2,Monday,Haze,Dwarka Sector 21 Metro Station,6,Medium,8
u2,Monday,Clouds,Saket Select Citywalk Mall,15,Medium,17
u2,Friday,Clouds,Saket Select Citywalk Mall,19,Medium,17
u2,Wednesday,Clear,Janakpuri Residential,21,Low,19
u2,Monday,Clouds,Dwarka Sector 21 Metro Station,10,Medium,8
u2,Saturday,Haze,Janakpuri Residential,19,Medium,19
u2,Thursday,Rain,Dwarka Sector 21 Metro Station,7,High,6
u2,Tuesday,Clear,Dwarka Sector 21 Metro Station,6,Medium,8
u2,Wednesday,Clear,Saket Select Citywalk Mall,16,Medium,17
u2,Sunday,Clouds,Dwarka Sector 21 Metro Station,9,Medium,9
u2,Wednesday,Clouds,Dwarka Sector 21 Metro Station,9,Medium,8
u2,Monday,Clear,Janakpuri Residential,19,Low,19
u2,Saturday,Haze,Janakpuri Residential,21,Medium,19
u2,Thursday,Drizzle,Dwarka Sector 21 Metro Station,6,Medium,7
u2,Sunday,Clear,Dwarka Sector 21 Metro Station,9,Low,9
u2,Wednesday,Fog,Saket Select Citywalk Mall,17,Medium,16
u2,Wednesday,Clouds,Janakpuri Residential,20,Low,19
u2,Tuesday,Clear,Saket Select Citywalk Mall,17,Medium,17
u2,Tuesday,Clear,Saket Select Citywalk Mall,17,Medium,17
u2,Sunday,Clouds,Saket Select Citywalk Mall,17,Medium,16
u2,Tuesday,Haze,Dwarka Sector 21 Metro Station,8,Medium,8
u2,Wednesday,Clear,Dwarka Sector 21 Metro Station,9,Medium,8
u2,Thursday,Clear,Janakpuri Residential,19,Low,19
u2,Tuesday,Rain,Janakpuri Residential,19,Medium,18
u2,Monday,Clear,Saket Select Citywalk Mall,18,Medium,17
u2,Wednesday,Clouds,Saket Select Citywalk Mall,17,Medium,17
u2,Friday,Haze,Dwarka Sector 21 Metro Station,7,Medium,8
u2,Wednesday,Haze,Janakpuri Residential,17,Medium,19
u2,Tuesday,Drizzle,Saket Select Citywalk Mall,18,Medium,16
u2,Thursday,Rain,Dwarka Sector 21 Metro Station,6,Medium,7
u2,Thursday,Clear,Saket Select Citywalk Mall,16,Medium,17
u2,Monday,Clear,Dwarka Sector 21 Metro Station,9,Medium,8
u2,Monday,Clear,Saket Select Citywalk Mall,17,Medium,17
u2,Wednesday,Clear,Saket Select Citywalk Mall,17,Medium,17
u2,Monday,Clear,Dwarka Sector 21 Metro Station,10,Medium,8
u2,Wednesday,Clear,Saket Select Citywalk Mall,18,Medium,17
u2,Saturday,Rain,Saket Select Citywalk Mall,17,Medium,15
u2,Friday,Rain,Janakpuri Residential,19,Medium,18
u2,Saturday,Clear,Janakpuri Residential,20,Low,19
u2,Tuesday,Fog,Dwarka Sector 21 Metro Station,8,Medium,7
u2,Sunday,Clear,Janakpuri Residential,18,Low,19
u2,Wednesday,Clouds,Saket Select Citywalk Mall,18,Medium,17
u2,Thursday,Clouds,Janakpuri Residential,17,Low,19
u2,Sunday,Rain,Dwarka Sector 21 Metro Station,7,Medium,8
u2,Thursday,Clear,Saket Select Citywalk Mall,15,Medium,17
u2,Friday,Clouds,Dwarka Sector 21 Metro Station,6,Medium,8
u2,Thursday,Clouds,Dwarka Sector 21 Metro Station,9,Medium,8
u2,Thursday,Clouds,Saket Select Citywalk Mall,16,Medium,17
u2,Sunday,Clouds,Saket Select Citywalk Mall,19,Medium,16
u2,Thursday,Haze,Dwarka Sector 21 Metro Station,7,Medium,8
u2,Friday,Clear,Dwarka Sector 21 Metro Station,9,Medium,8
u2,Thursday,Clouds,Janakpuri Residential,18,Low,19
u2,Sunday,Clear,Dwarka Sector 21 Metro Station,9,Low,9
u2,Thursday,Clear,Dwarka Sector 21 Metro Station,8,Medium,8
u2,Thursday,Haze,Janakpuri Residential,17,Medium,19
u2,Wednesday,Fog,Dwarka Sector 21 Metro Station,6,Medium,7
u2,Saturday,Rain,Janakpuri Residential,20,Medium,18
u2,Tuesday,Clouds,Dwarka Sector 21 Metro Station,10,Medium,8
u2,Wednesday,Clear,Janakpuri Residential,18,Low,19
u2,Thursday,Rain,Dwarka Sector 21 Metro Station,9,High,6
u2,Friday,Drizzle,Janakpuri Residential,18,Medium,18
u2,Friday,Clear,Dwarka Sector 21 Metro Station,8,Medium,8
u2,Friday,Clouds,Saket Select Citywalk Mall,15,Medium,17
u2,Monday,Fog,Janakpuri Residential,20,Medium,18
u2,Tuesday,Haze,Dwarka Sector 21 Metro Station,8,Medium,8
u2,Saturday,Fog,Janakpuri Residential,18,Medium,18
u2,Thursday,Haze,Dwarka Sector 21 Metro Station,7,Medium,8
u2,Sunday,Clouds,Dwarka Sector 21 Metro Station,7,Low,9
u2,Thursday,Haze,Saket Select Citywalk Mall,18,Medium,17
u2,Monday,Rain,Janakpuri Residential,19,Medium,18
u2,Tuesday,Clear,Dwarka Sector 21 Metro Station,9,Medium,8
u2,Thursday,Clouds,Saket Select Citywalk Mall,18,Medium,17
u2,Wednesday,Rain,Saket Select Citywalk Mall,16,Medium,16
u2,Friday,Clouds,Dwarka Sector 21 Metro Station,9,Medium,8
u2,Wednesday,Clouds,Dwarka Sector 21 Metro Station,6,Medium,8
u2,Wednesday,Haze,Dwarka Sector 21 Metro Station,8,Medium,8
u2,Tuesday,Clouds,Dwarka Sector 21 Metro Station,8,Medium,8
u2,Monday,Haze,Janakpuri Residential,19,Medium,19
u2,Saturday,Rain,Saket Select Citywalk Mall,19,Medium,15
u2,Thursday,Clear,Dwarka Sector 21 Metro Station,8,Medium,8
u2,Wednesday,Clouds,Dwarka Sector 21 Metro Station,8,Medium,8
u2,Friday,Clear,Janakpuri Residential,19,Low,19
u2,Tuesday,Clouds,Janakpuri Residential,21,Low,19
u2,Monday,Clear,Dwarka Sector 21 Metro Station,9,Medium,8
u2,Tuesday,Drizzle,Dwarka Sector 21 Metro Station,6,High,6
u2,Saturday,Clouds,Saket Select Citywalk Mall,18,Medium,16
u2,Thursday,Clear,Dwarka Sector 21 Metro Station,9,Medium,8
u2,Wednesday,Clear,Saket Select Citywalk Mall,15,Medium,17
u2,Friday,Clouds,Janakpuri Residential,18,Low,19
u2,Wednesday,Clear,Saket Select Citywalk Mall,17,Medium,17
u2,Friday,Rain,Janakpuri Residential,19,Medium,18
u2,Thursday,Clouds,Dwarka Sector 21 Metro Station,6,Medium,8
u2,Monday,Fog,Janakpuri Residential,20,Medium,18
u2,Monday,Fog,Janakpuri Residential,17,Medium,18
u2,Friday,Clouds,Dwarka Sector 21 Metro Station,10,Medium,8
u2,Wednesday,Clouds,Dwarka Sector 21 Metro Station,6,Medium,8
u2,Friday,Rain,Dwarka Sector 21 Metro Station,8,High,6
u2,Monday,Rain,Saket Select Citywalk Mall,15,Medium,16
u2,Tuesday,Fog,Dwarka Sector 21 Metro Station,10,Medium,7
u2,Monday,Clear,Janakpuri Residential,19,Low,19
u2,Wednesday,Clouds,Dwarka Sector 21 Metro Station,8,Medium,8
u2,Sunday,Fog,Janakpuri Residential,20,Medium,18
u2,Friday,Fog,Dwarka Sector 21 Metro Station,7,Medium,7
u2,Wednesday,Clouds,Dwarka Sector 21 Metro Station,9,Medium,8
u2,Saturday,Fog,Saket Select Citywalk Mall,15,Medium,15
u2,Friday,Rain,Dwarka Sector 21 Metro Station,7,Medium,7
u2,Friday,Clear,Saket Select Citywalk Mall,17,Medium,17
u2,Saturday,Clear,Saket Select Citywalk Mall,15,Medium,16
u2,Sunday,Rain,Janakpuri Residential,21,Medium,18
u2,Monday,Clouds,Dwarka Sector 21 Metro Station,6,Medium,8
u2,Monday,Clear,Janakpuri Residential,18,Low,19
u2,Tuesday,Drizzle,Saket Select Citywalk Mall,16,Medium,16
u2,Thursday,Clear,Saket Select Citywalk Mall,17,Medium,17
u2,Tuesday,Haze,Saket Select Citywalk Mall,17,Medium,17
u2,Wednesday,Clouds,Dwarka Sector 21 Metro Station,7,Medium,8
u2,Tuesday,Clouds,Dwarka Sector 21 Metro Station,9,Medium,8
u2,Thursday,Clouds,Dwarka Sector 21 Metro Station,9,Medium,8
u2,Monday,Clear,Janakpuri Residential,20,Low,19
u2,Tuesday,Clear,Janakpuri Residential,19,Low,19
u2,Monday,Haze,Dwarka Sector 21 Metro Station,8,Medium,8
u2,Monday,Clear,Saket Select Citywalk Mall,16,Medium,17
u2,Tuesday,Clear,Janakpuri Residential,19,Low,19
u2,Saturday,Clear,Janakpuri Residential,17,Low,19
u2,Sunday,Clear,Dwarka Sector 21 Metro Station,7,Low,9
u2,Tuesday,Clear,Saket Select Citywalk Mall,17,Medium,17
u2,Friday,Rain,Dwarka Sector 21 Metro Station,6,High,6
u2,Tuesday,Rain,Dwarka Sector 21 Metro Station,6,Medium,7
u2,Friday,Clear,Dwarka Sector 21 Metro Station,7,Medium,8
u2,Friday,Clear,Dwarka Sector 21 Metro Station,9,Medium,8
u2,Tuesday,Fog,Dwarka Sector 21 Metro Station,7,Medium,7
u2,Tuesday,Clear,Dwarka Sector 21 Metro Station,8,Medium,8
u2,Monday,Clouds,Saket Select Citywalk Mall,19,Medium,17
u2,Thursday,Clear,Saket Select Citywalk Mall,17,Medium,17
u2,Monday,Clear,Dwarka Sector 21 Metro Station,8,Medium,8
u2,Saturday,Clouds,Janakpuri Residential,21,Low,19
u2,Thursday,Rain,Saket Select Citywalk Mall,15,Medium,16
u2,Tuesday,Clouds,Janakpuri Residential,17,Low,19
u2,Thursday,Clouds,Dwarka Sector 21 Metro Station,6,Medium,8
u2,Wednesday,Clouds,Saket Select Citywalk Mall,16,Medium,17
u2,Tuesday,Thunderstorm,Saket Select Citywalk Mall,19,Medium,17
u2,Sunday,Fog,Dwarka Sector 21 Metro Station,10,Medium,8
u2,Monday,Fog,Janakpuri Residential,17,Medium,18
u2,Saturday,Clear,Dwarka Sector 21 Metro Station,7,Low,9
u2,Friday,Clouds,Dwarka Sector 21 Metro Station,6,Medium,8
u2,Tuesday,Rain,Dwarka Sector 21 Metro Station,10,High,6
u2,Saturday,Clear,Dwarka Sector 21 Metro Station,7,Medium,9
u2,Sunday,Fog,Dwarka Sector 21 Metro Station,8,Medium,8
u2,Wednesday,Clear,Dwarka Sector 21 Metro Station,7,Medium,8
u2,Monday,Fog,Janakpuri Residential,19,Medium,18
u2,Thursday,Clouds,Saket Select Citywalk Mall,19,Medium,17
u2,Wednesday,Clear,Dwarka Sector 21 Metro Station,9,Medium,8
u2,Tuesday,Fog,Saket Select Citywalk Mall,18,Medium,16
u2,Friday,Haze,Saket Select Citywalk Mall,19,High,16
u2,Thursday,Clouds,Dwarka Sector 21 Metro Station,9,Medium,8
u2,Saturday,Clear,Dwarka Sector 21 Metro Station,8,Low,9
u2,Thursday,Clouds,Saket Select Citywalk Mall,16,Medium,17
u2,Wednesday,Clear,Dwarka Sector 21 Metro Station,9,Medium,8
u2,Monday,Clear,Saket Select Citywalk Mall,19,Medium,17
u2,Wednesday,Haze,Janakpuri Residential,19,Medium,19
u2,Monday,Rain,Dwarka Sector 21 Metro Station,8,High,6
u2,Tuesday,Fog,Saket Select Citywalk Mall,17,Medium,16
u2,Saturday,Rain,Janakpuri Residential,20,Medium,18
u2,Wednesday,Thunderstorm,Janakpuri Residential,18,Medium,19
u2,Tuesday,Clouds,Saket Select Citywalk Mall,15,Medium,17
u2,Sunday,Drizzle,Dwarka Sector 21 Metro Station,10,Medium,8
u2,Tuesday,Clear,Saket Select Citywalk Mall,17,Medium,17
u2,Thursday,Fog,Dwarka Sector 21 Metro Station,10,Medium,7
u2,Tuesday,Clouds,Janakpuri Residential,20,Low,19
u2,Tuesday,Clouds,Janakpuri Residential,18,Low,19
u2,Wednesday,Clear,Dwarka Sector 21 Metro Station,6,Medium,8
u2,Tuesday,Haze,Janakpuri Residential,20,Medium,19
u2,Tuesday,Fog,Dwarka Sector 21 Metro Station,6,Medium,7
u2,Sunday,Rain,Janakpuri Residential,18,Medium,18
u2,Monday,Rain,Janakpuri Residential,17,Medium,18
u2,Monday,Fog,Dwarka Sector 21 Metro Station,7,Medium,7
u2,Wednesday,Clear,Janakpuri Residential,17,Low,19
u2,Tuesday,Clear,Dwarka Sector 21 Metro Station,6,Medium,8
u2,Thursday,Rain,Dwarka Sector 21 Metro Station,8,Medium,7
u2,Saturday,Clouds,Saket Select Citywalk Mall,15,Medium,16
u2,Saturday,Haze,Dwarka Sector 21 Metro Station,7,Medium,9
u2,Friday,Rain,Janakpuri Residential,20,Medium,18
u2,Saturday,Clear,Janakpuri Residential,19,Low,19
u2,Wednesday,Clear,Dwarka Sector 21 Metro Station,9,Medium,8
u2,Wednesday,Clouds,Dwarka Sector 21 Metro Station,7,Medium,8
u2,Thursday,Clear,Dwarka Sector 21 Metro Station,8,Medium,8
u2,Friday,Drizzle,Saket Select Citywalk Mall,17,Medium,16
u2,Monday,Rain,Dwarka Sector 21 Metro Station,9,Medium,7
u2,Wednesday,Fog,Janakpuri Residential,18,Medium,18
u2,Thursday,Clear,Dwarka Sector 21 Metro Station,10,Medium,8
u2,Sunday,Thunderstorm,Janakpuri Residential,19,Medium,19
u2,Wednesday,Drizzle,Saket Select Citywalk Mall,18,Medium,16
u2,Monday,Fog,Saket Select Citywalk Mall,17,Medium,16
u2,Tuesday,Clouds,Saket Select Citywalk Mall,16,Medium,17
u2,Thursday,Clear,Janakpuri Residential,19,Low,19
u2,Tuesday,Drizzle,Dwarka Sector 21 Metro Station,9,Medium,7
u2,Wednesday,Haze,Janakpuri Residential,19,Medium,19
u2,Thursday,Fog,Janakpuri Residential,20,Medium,18
u2,Sunday,Haze,Saket Select Citywalk Mall,16,Medium,16
u2,Wednesday,Clear,Janakpuri Residential,19,Low,19
u2,Wednesday,Clouds,Dwarka Sector 21 Metro Station,10,Medium,8
u2,Tuesday,Clear,Janakpuri Residential,17,Low,19
u2,Saturday,Clear,Dwarka Sector 21 Metro Station,11,Low,9
u2,Wednesday,Clear,Dwarka Sector 21 Metro Station,6,Medium,8
u2,Friday,Rain,Janakpuri Residential,21,Medium,18
u2,Friday,Clear,Saket Select Citywalk Mall,16,Medium,17
u2,Tuesday,Clear,Dwarka Sector 21 Metro Station,8,Medium,8
u2,Thursday,Rain,Saket Select Citywalk Mall,15,Medium,16
u2,Tuesday,Drizzle,Dwarka Sector 21 Metro Station,10,Medium,7
u2,Saturday,Clear,Dwarka Sector 21 Metro Station,8,Low,9
u2,Monday,Clear,Janakpuri Residential,21,Low,19
u2,Monday,Clouds,Saket Select Citywalk Mall,18,Medium,17
u2,Friday,Rain,Saket Select Citywalk Mall,19,Medium,16
u2,Monday,Clouds,Saket Select Citywalk Mall,17,Medium,17
u2,Thursday,Rain,Janakpuri Residential,20,Medium,18
u2,Sunday,Clear,Saket Select Citywalk Mall,16,Medium,16
u2,Monday,Rain,Saket Select Citywalk Mall,17,Medium,16
u2,Thursday,Clear,Dwarka Sector 21 Metro Station,6,Medium,8
u2,Wednesday,Clouds,Dwarka Sector 21 Metro Station,6,Medium,8
u2,Friday,Haze,Dwarka Sector 21 Metro Station,6,Medium,8
u2,Wednesday,Rain,Dwarka Sector 21 Metro Station,10,High,6
u2,Monday,Clouds,Janakpuri Residential,20,Low,19
u2,Tuesday,Clouds,Dwarka Sector 21 Metro Station,6,Medium,8
u2,Monday,Clouds,Saket Select Citywalk Mall,17,Medium,17
u2,Friday,Clouds,Janakpuri Residential,19,Low,19
u2,Tuesday,Clouds,Saket Select Citywalk Mall,15,Medium,17
u2,Friday,Haze,Janakpuri Residential,19,Medium,19
u2,Tuesday,Clear,Saket Select Citywalk Mall,19,Medium,17
u2,Wednesday,Clouds,Saket Select Citywalk Mall,19,Medium,17
u2,Saturday,Clouds,Saket Select Citywalk Mall,17,Medium,16
u2,Tuesday,Clouds,Dwarka Sector 21 Metro Station,7,Medium,8
u2,Friday,Rain,Dwarka Sector 21 Metro Station,8,High,6
u2,Wednesday,Clouds,Saket Select Citywalk Mall,19,Medium,17
u2,Thursday,Clear,Dwarka Sector 21 Metro Station,6,Medium,8
u2,Friday,Clear,Dwarka Sector 21 Metro Station,6,Medium,8
u2,Sunday,Rain,Janakpuri Residential,21,Medium,18
u2,Wednesday,Clear,Dwarka Sector 21 Metro Station,9,Medium,8
u2,Friday,Thunderstorm,Janakpuri Residential,18,Medium,19
u2,Wednesday,Clear,Dwarka Sector 21 Metro Station,7,Medium,8
u2,Friday,Clouds,Dwarka Sector 21 Metro Station,7,Medium,8
u2,Monday,Clear,Dwarka Sector 21 Metro Station,8,Medium,8
u2,Wednesday,Rain,Janakpuri Residential,21,Medium,18
u2,Tuesday,Clear,Dwarka Sector 21 Metro Station,10,Medium,8
u2,Friday,Clear,Saket Select Citywalk Mall,17,Medium,17
u2,Wednesday,Drizzle,Janakpuri Residential,19,Medium,18
u2,Friday,Clear,Dwarka Sector 21 Metro Station,7,Medium,8
u2,Tuesday,Clear,Dwarka Sector 21 Metro Station,10,Medium,8
u2,Thursday,Haze,Saket Select Citywalk Mall,16,Medium,17
u2,Wednesday,Clouds,Saket Select Citywalk Mall,15,Medium,17
u2,Thursday,Clouds,Janakpuri Residential,18,Low,19
u2,Friday,Clouds,Janakpuri Residential,21,Low,19
u2,Wednesday,Clouds,Saket Select Citywalk Mall,17,Medium,17
u2,Thursday,Rain,Saket Select Citywalk Mall,17,Medium,16
u2,Friday,Clouds,Dwarka Sector 21 Metro Station,8,Medium,8
u2,Saturday,Haze,Dwarka Sector 21 Metro Station,11,Medium,9
u2,Friday,Clear,Janakpuri Residential,21,Low,19
u2,Wednesday,Rain,Dwarka Sector 21 Metro Station,9,High,6
u2,Tuesday,Fog,Saket Select Citywalk Mall,17,Medium,16
u2,Friday,Clouds,Saket Select Citywalk Mall,18,Medium,17
u2,Thursday,Thunderstorm,Dwarka Sector 21 Metro Station,10,High,7
u2,Tuesday,Haze,Saket Select Citywalk Mall,17,Medium,17
u2,Tuesday,Haze,Saket Select Citywalk Mall,18,High,16
u2,Tuesday,Clear,Saket Select Citywalk Mall,17,Medium,17
u2,Thursday,Clear,Janakpuri Residential,20,Low,19
u2,Saturday,Clear,Dwarka Sector 21 Metro Station,9,Low,9
u2,Tuesday,Clouds,Saket Select Citywalk Mall,17,Medium,17
u2,Tuesday,Clear,Dwarka Sector 21 Metro Station,7,Medium,8
u2,Monday,Clear,Dwarka Sector 21 Metro Station,6,Medium,8
u2,Monday,Clear,Janakpuri Residential,18,Low,19
u2,Thursday,Clouds,Saket Select Citywalk Mall,16,Medium,17
u2,Thursday,Haze,Dwarka Sector 21 Metro Station,9,Medium,8
u2,Wednesday,Clear,Dwarka Sector 21 Metro Station,7,Medium,8
u2,Wednesday,Haze,Dwarka Sector 21 Metro Station,6,Medium,8
u2,Wednesday,Haze,Saket Select Citywalk Mall,16,Medium,17
u2,Sunday,Rain,Saket Select Citywalk Mall,17,High,14
u2,Monday,Clear,Janakpuri Residential,17,Low,19
u2,Wednesday,Haze,Dwarka Sector 21 Metro Station,8,Medium,8
u2,Friday,Rain,Dwarka Sector 21 Metro Station,9,High,6
u2,Monday,Haze,Janakpuri Residential,19,Medium,19
u2,Monday,Clear,Saket Select Citywalk Mall,19,Medium,17
u2,Tuesday,Clear,Dwarka Sector 21 Metro Station,8,Medium,8
u2,Monday,Rain,Janakpuri Residential,21,Medium,18
u2,Saturday,Clouds,Saket Select Citywalk Mall,16,Medium,16
u2,Friday,Clear,Dwarka Sector 21 Metro Station,6,Medium,8
u2,Wednesday,Rain,Janakpuri Residential,18,Medium,18
u2,Wednesday,Clear,Dwarka Sector 21 Metro Station,7,Medium,8
u2,Wednesday,Haze,Dwarka Sector 21 Metro Station,8,Medium,8
u2,Wednesday,Clouds,Dwarka Sector 21 Metro Station,6,Medium,8
u2,Wednesday,Fog,Dwarka Sector 21 Metro Station,10,Medium,7
u2,Monday,Clear,Dwarka Sector 21 Metro Station,7,Medium,8
u2,Saturday,Drizzle,Janakpuri Residential,18,Medium,18
u2,Friday,Rain,Saket Select Citywalk Mall,17,Medium,16
u2,Thursday,Rain,Dwarka Sector 21 Metro Station,9,Medium,7
u2,Monday,Drizzle,Dwarka Sector 21 Metro Station,10,High,6
u2,Friday,Clear,Janakpuri Residential,19,Low,19
u2,Saturday,Clear,Janakpuri Residential,17,Low,19
u2,Tuesday,Clouds,Dwarka Sector 21 Metro Station,8,Medium,8
u2,Wednesday,Clouds,Dwarka Sector 21 Metro Station,6,Medium,8
u2,Tuesday,Haze,Saket Select Citywalk Mall,19,High,16
u2,Tuesday,Haze,Saket Select Citywalk Mall,16,Medium,17
u2,Friday,Thunderstorm,Saket Select Citywalk Mall,19,Medium,17
u2,Thursday,Fog,Dwarka Sector 21 Metro Station,8,Medium,7
u2,Wednesday,Rain,Janakpuri Residential,19,Medium,18
u2,Saturday,Clear,Janakpuri Residential,17,Low,19
u2,Friday,Clouds,Janakpuri Residential,18,Low,19
u2,Thursday,Clouds,Dwarka Sector 21 Metro Station,8,Medium,8
u2,Wednesday,Clear,Janakpuri Residential,19,Low,19
u2,Friday,Clear,Dwarka Sector 21 Metro Station,8,Medium,8
u2,Saturday,Drizzle,Janakpuri Residential,19,Medium,18
u2,Thursday,Clear,Dwarka Sector 21 Metro Station,8,Medium,8
u2,Thursday,Haze,Dwarka Sector 21 Metro Station,8,Medium,8
u2,Friday,Clouds,Dwarka Sector 21 Metro Station,9,Medium,8
u2,Friday,Clear,Dwarka Sector 21 Metro Station,8,Medium,8
u2,Sunday,Rain,Janakpuri Residential,19,Medium,18
u2,Thursday,Clouds,Dwarka Sector 21 Metro Station,8,Medium,8
u2,Thursday,Clouds,Dwarka Sector 21 Metro Station,6,Medium,8
u2,Wednesday,Haze,Saket Select Citywalk Mall,15,Medium,17
u2,Friday,Rain,Janakpuri Residential,20,Medium,18
u2,Monday,Haze,Dwarka Sector 21 Metro Station,9,Medium,8
u2,Monday,Rain,Saket Select Citywalk Mall,18,Medium,16
u2,Tuesday,Haze,Janakpuri Residential,18,Medium,19
u2,Thursday,Clear,Janakpuri Residential,19,Low,19
u2,Tuesday,Clear,Janakpuri Residential,19,Low,19
u2,Monday,Clear,Dwarka Sector 21 Metro Station,8,Medium,8
u2,Thursday,Clouds,Janakpuri Residential,17,Low,19
u2,Thursday,Thunderstorm,Dwarka Sector 21 Metro Station,8,High,7
u2,Friday,Clear,Janakpuri Residential,19,Low,19
u2,Wednesday,Clouds,Dwarka Sector 21 Metro Station,8,Medium,8
u2,Monday,Clear,Janakpuri Residential,17,Low,19
u2,Saturday,Clouds,Dwarka Sector 21 Metro Station,8,Low,9
u2,Saturday,Clouds,Saket Select Citywalk Mall,17,Medium,16
u2,Wednesday,Clear,Dwarka Sector 21 Metro Station,9,Medium,8
u2,Thursday,Haze,Saket Select Citywalk Mall,17,Medium,17
u2,Saturday,Clear,Janakpuri Residential,19,Low,19
u2,Tuesday,Clouds,Saket Select Citywalk Mall,17,Medium,17
u2,Saturday,Clear,Dwarka Sector 21 Metro Station,7,Low,9
u2,Tuesday,Clear,Dwarka Sector 21 Metro Station,6,Medium,8
u2,Friday,Clouds,Dwarka Sector 21 Metro Station,6,Medium,8
u2,Thursday,Clouds,Saket Select Citywalk Mall,19,Medium,17
u2,Tuesday,Clear,Janakpuri Residential,17,Low,19
u2,Thursday,Rain,Janakpuri Residential,17,Medium,18
u2,Thursday,Clear,Janakpuri Residential,20,Low,19
u2,Tuesday,Drizzle,Dwarka Sector 21 Metro Station,7,Medium,7
u2,Wednesday,Clouds,Dwarka Sector 21 Metro Station,8,Medium,8
u2,Thursday,Drizzle,Dwarka Sector 21 Metro Station,6,Medium,7
u2,Saturday,Clouds,Saket Select Citywalk Mall,19,Medium,16
u2,Thursday,Rain,Janakpuri Residential,20,Medium,18
u2,Thursday,Rain,Saket Select Citywalk Mall,18,Medium,16
u3,Thursday,Haze,Karol Bagh Market,15,Medium,17
u3,Tuesday,Rain,Chandni Chowk Market,17,Medium,17
u3,Tuesday,Clear,Chandni Chowk Market,16,Medium,18
u3,Saturday,Clear,Karol Bagh Market,17,Medium,16
u3,Sunday,Clouds,Karol Bagh Market,19,Medium,16
u3,Saturday,Clouds,Lajpat Nagar Market,16,Medium,15
u3,Monday,Clouds,Chandni Chowk Market,18,Medium,18
u3,Monday,Fog,Karol Bagh Market,15,Medium,16
u3,Thursday,Clear,Chandni Chowk Market,16,Medium,18
u3,Monday,Clouds,Karol Bagh Market,16,Medium,17
u3,Monday,Clear,Karol Bagh Market,15,Medium,17
u3,Monday,Fog,Lajpat Nagar Market,16,Medium,15
u3,Monday,Clear,Lajpat Nagar Market,16,Low,16
u3,Sunday,Fog,Lajpat Nagar Market,16,Medium,14
u3,Friday,Fog,Lajpat Nagar Market,15,Medium,15
u3,Wednesday,Haze,Chandni Chowk Market,16,Medium,18
u3,Monday,Haze,Karol Bagh Market,16,Medium,17
u3,Tuesday,Haze,Karol Bagh Market,19,Medium,17
u3,Thursday,Clear,Karol Bagh Market,19,Medium,17
u3,Monday,Rain,Karol Bagh Market,16,Medium,16
u3,Saturday,Rain,Karol Bagh Market,19,Medium,15
u3,Monday,Clouds,Lajpat Nagar Market,16,Low,16
u3,Sunday,Clear,Karol Bagh Market,19,Medium,16
u3,Saturday,Clear,Karol Bagh Market,17,Medium,16
u3,Friday,Rain,Chandni Chowk Market,18,Medium,17
u3,Wednesday,Haze,Karol Bagh Market,16,Medium,17
u3,Saturday,Clouds,Lajpat Nagar Market,16,Medium,15
u3,Wednesday,Drizzle,Chandni Chowk Market,19,Medium,17
u3,Sunday,Drizzle,Chandni Chowk Market,17,Medium,16
u3,Sunday,Clear,Karol Bagh Market,16,Medium,16
u3,Friday,Clouds,Lajpat Nagar Market,17,Low,16
u3,Friday,Clear,Karol Bagh Market,17,Medium,17
u3,Monday,Clouds,Karol Bagh Market,18,Medium,17
u3,Wednesday,Clouds,Chandni Chowk Market,17,Medium,18
u3,Sunday,Clouds,Chandni Chowk Market,16,Medium,17
u3,Thursday,Clouds,Chandni Chowk Market,20,Medium,18
u3,Monday,Clear,Chandni Chowk Market,18,Medium,18
u3,Tuesday,Clear,Chandni Chowk Market,18,Medium,18
u3,Saturday,Drizzle,Chandni Chowk Market,18,Medium,16
u3,Thursday,Clear,Lajpat Nagar Market,16,Low,16
u3,Friday,Fog,Karol Bagh Market,15,Medium,16
u3,Saturday,Haze,Chandni Chowk Market,18,Medium,17
u3,Thursday,Thunderstorm,Lajpat Nagar Market,15,Medium,16
u3,Monday,Rain,Chandni Chowk Market,20,Medium,17
u3,Wednesday,Clear,Lajpat Nagar Market,18,Low,16
u3,Friday,Haze,Lajpat Nagar Market,18,Medium,16
u3,Monday,Rain,Lajpat Nagar Market,16,Medium,15
u3,Sunday,Haze,Karol Bagh Market,18,Medium,16
u3,Wednesday,Clouds,Chandni Chowk Market,17,Medium,18
u3,Thursday,Clear,Karol Bagh Market,17,Medium,17
u3,Tuesday,Clear,Chandni Chowk Market,17,Medium,18
u3,Thursday,Drizzle,Lajpat Nagar Market,16,Medium,15
u3,Saturday,Drizzle,Lajpat Nagar Market,16,Medium,14
u3,Monday,Fog,Chandni Chowk Market,20,High,16
u3,Sunday,Clear,Chandni Chowk Market,18,Medium,17
u3,Wednesday,Clouds,Chandni Chowk Market,19,Medium,18
u3,Saturday,Clouds,Chandni Chowk Market,19,Medium,17
u3,Friday,Clouds,Chandni Chowk Market,19,Medium,18
u3,Friday,Clouds,Karol Bagh Market,16,Medium,17
u3,Friday,Clear,Karol Bagh Market,18,Medium,17
u3,Monday,Drizzle,Karol Bagh Market,17,High,15
u3,Saturday,Clear,Karol Bagh Market,15,Medium,16
u3,Thursday,Clouds,Lajpat Nagar Market,17,Low,16
u3,Thursday,Clear,Lajpat Nagar Market,18,Low,16
u3,Tuesday,Haze,Chandni Chowk Market,18,Medium,18
u3,Sunday,Rain,Karol Bagh Market,15,Medium,15
u3,Tuesday,Clear,Chandni Chowk Market,19,Medium,18
u3,Tuesday,Clouds,Chandni Chowk Market,20,Medium,18
u3,Saturday,Rain,Chandni Chowk Market,16,High,15
u3,Thursday,Rain,Karol Bagh Market,19,Medium,16
u3,Wednesday,Clouds,Chandni Chowk Market,20,Medium,18
u3,Monday,Haze,Chandni Chowk Market,17,Medium,18
u3,Thursday,Clear,Chandni Chowk Market,18,Medium,18
u3,Monday,Fog,Chandni Chowk Market,18,Medium,17
u3,Monday,Rain,Chandni Chowk Market,18,Medium,17
u3,Sunday,Clouds,Chandni Chowk Market,18,Medium,17
u3,Wednesday,Clear,Lajpat Nagar Market,14,Low,16
u3,Tuesday,Haze,Chandni Chowk Market,17,Medium,18
u3,Wednesday,Clouds,Chandni Chowk Market,18,Medium,18
u3,Wednesday,Clear,Karol Bagh Market,15,Medium,17
u3,Thursday,Clear,Karol Bagh Market,15,Medium,17
u3,Saturday,Clouds,Karol Bagh Market,17,Medium,16
u3,Wednesday,Clear,Karol Bagh Market,17,Medium,17
u3,Sunday,Rain,Chandni Chowk Market,19,High,15
u3,Thursday,Haze,Chandni Chowk Market,16,Medium,18
u3,Tuesday,Haze,Lajpat Nagar Market,16,Medium,16
u3,Monday,Clouds,Karol Bagh Market,16,Medium,17
u3,Thursday,Clear,Chandni Chowk Market,17,Medium,18
u3,Saturday,Thunderstorm,Chandni Chowk Market,17,High,16
u3,Friday,Clear,Lajpat Nagar Market,15,Medium,16
u3,Saturday,Clear,Lajpat Nagar Market,18,Medium,15
u3,Friday,Drizzle,Lajpat Nagar Market,17,Medium,15
u3,Friday,Thunderstorm,Chandni Chowk Market,16,Medium,18
u3,Monday,Clouds,Chandni Chowk Market,18,Medium,18
u3,Tuesday,Rain,Chandni Chowk Market,18,High,16
u3,Wednesday,Clear,Chandni Chowk Market,16,Medium,18
u3,Tuesday,Rain,Chandni Chowk Market,18,Medium,17
u3,Monday,Rain,Karol Bagh Market,19,Medium,16
u3,Saturday,Clouds,Chandni Chowk Market,16,Medium,17
u3,Thursday,Clouds,Karol Bagh Market,19,Medium,17
u3,Sunday,Haze,Chandni Chowk Market,18,Medium,17
u3,Thursday,Fog,Chandni Chowk Market,16,Medium,17
u3,Monday,Clouds,Chandni Chowk Market,18,Medium,18
u3,Thursday,Clouds,Lajpat Nagar Market,17,Low,16
u3,Thursday,Clouds,Karol Bagh Market,18,Medium,17
u3,Saturday,Haze,Lajpat Nagar Market,14,Medium,15
u3,Saturday,Rain,Karol Bagh Market,17,High,14
u3,Thursday,Clouds,Lajpat Nagar Market,16,Low,16
u3,Sunday,Clouds,Lajpat Nagar Market,16,Medium,15
u3,Monday,Clear,Karol Bagh Market,19,Medium,17
u3,Thursday,Rain,Chandni Chowk Market,20,Medium,17
u3,Tuesday,Clear,Lajpat Nagar Market,15,Low,16
u3,Saturday,Clouds,Lajpat Nagar Market,17,Medium,15
u3,Thursday,Clear,Lajpat Nagar Market,18,Low,16
u3,Tuesday,Clouds,Chandni Chowk Market,18,Medium,18
u3,Tuesday,Fog,Karol Bagh Market,15,Medium,16
u3,Tuesday,Fog,Chandni Chowk Market,18,Medium,17
u3,Monday,Clear,Chandni Chowk Market,16,Medium,18
u3,Saturday,Clear,Lajpat Nagar Market,15,Medium,15
u3,Thursday,Clear,Chandni Chowk Market,17,Medium,18
u3,Thursday,Haze,Karol Bagh Market,16,Medium,17
u3,Sunday,Clear,Karol Bagh Market,16,Medium,16
u3,Tuesday,Clear,Chandni Chowk Market,19,Medium,18
u3,Saturday,Clouds,Chandni Chowk Market,17,Medium,17
u3,Tuesday,Clear,Karol Bagh Market,15,Medium,17
u3,Wednesday,Drizzle,Chandni Chowk Market,18,Medium,17
u3,Sunday,Clear,Chandni Chowk Market,17,Medium,17
u3,Wednesday,Clear,Karol Bagh Market,18,Medium,17
u3,Friday,Clear,Karol Bagh Market,19,Medium,17
u3,Thursday,Clouds,Chandni Chowk Market,19,Medium,18
u3,Tuesday,Drizzle,Karol Bagh Market,16,Medium,16
u3,Saturday,Drizzle,Chandni Chowk Market,18,Medium,16
u3,Wednesday,Clear,Lajpat Nagar Market,14,Low,16
u3,Thursday,Clear,Karol Bagh Market,19,Medium,17
u3,Monday,Drizzle,Karol Bagh Market,19,Medium,16
u3,Wednesday,Rain,Chandni Chowk Market,17,Medium,17
u3,Tuesday,Fog,Chandni Chowk Market,17,Medium,17
u3,Wednesday,Clouds,Chandni Chowk Market,16,Medium,18
u3,Monday,Clear,Chandni Chowk Market,18,Medium,18
u3,Tuesday,Clear,Chandni Chowk Market,18,Medium,18
u3,Monday,Haze,Karol Bagh Market,17,Medium,17
u3,Tuesday,Clouds,Chandni Chowk Market,17,Medium,18
u3,Thursday,Fog,Chandni Chowk Market,16,Medium,17
u3,Thursday,Haze,Chandni Chowk Market,18,Medium,18
u3,Wednesday,Haze,Karol Bagh Market,17,Medium,17
u3,Monday,Fog,Chandni Chowk Market,20,Medium,17
u3,Thursday,Rain,Chandni Chowk Market,18,Medium,17
u3,Sunday,Clouds,Karol Bagh Market,17,Medium,16
u3,Saturday,Clear,Karol Bagh Market,17,Medium,16
u3,Thursday,Clouds,Chandni Chowk Market,16,Medium,18
u3,Friday,Fog,Chandni Chowk Market,18,Medium,17
u3,Thursday,Clear,Karol Bagh Market,15,Medium,17
u3,Tuesday,Fog,Chandni Chowk Market,17,Medium,17
u3,Friday,Clear,Chandni Chowk Market,18,Medium,18
u3,Thursday,Clouds,Chandni Chowk Market,16,Medium,18
u3,Monday,Clouds,Lajpat Nagar Market,17,Low,16
u3,Tuesday,Clouds,Lajpat Nagar Market,14,Low,16
u3,Wednesday,Haze,Chandni Chowk Market,20,Medium,18
u3,Sunday,Clear,Chandni Chowk Market,16,Medium,17
u3,Monday,Clear,Chandni Chowk Market,19,Medium,18
u3,Sunday,Thunderstorm,Chandni Chowk Market,18,High,16
u3,Monday,Clear,Lajpat Nagar Market,18,Low,16
u3,Monday,Clear,Chandni Chowk Market,17,Medium,18
u3,Tuesday,Rain,Karol Bagh Market,18,Medium,16
u3,Tuesday,Clear,Chandni Chowk Market,19,Medium,18
u3,Tuesday,Fog,Chandni Chowk Market,17,Medium,17
u3,Friday,Clouds,Karol Bagh Market,17,Medium,17
u3,Tuesday,Rain,Karol Bagh Market,17,Medium,16
u3,Tuesday,Clouds,Lajpat Nagar Market,18,Low,16
u3,Wednesday,Clouds,Karol Bagh Market,19,Medium,17
u3,Monday,Clear,Karol Bagh Market,17,Medium,17
u3,Saturday,Clouds,Lajpat Nagar Market,14,Medium,15
u3,Thursday,Clear,Lajpat Nagar Market,14,Low,16
u3,Wednesday,Rain,Chandni Chowk Market,16,Medium,17
u3,Saturday,Clear,Chandni Chowk Market,18,Medium,17
u3,Tuesday,Clear,Karol Bagh Market,17,Medium,17
u3,Tuesday,Haze,Chandni Chowk Market,20,Medium,18
u3,Thursday,Clear,Lajpat Nagar Market,15,Low,16
u3,Sunday,Clouds,Chandni Chowk Market,19,Medium,17
u3,Monday,Drizzle,Chandni Chowk Market,19,Medium,17
u3,Thursday,Clouds,Karol Bagh Market,19,Medium,17
u3,Wednesday,Clouds,Chandni Chowk Market,16,Medium,18
u3,Thursday,Haze,Chandni Chowk Market,17,Medium,18
u3,Tuesday,Rain,Chandni Chowk Market,17,Medium,17
u3,Monday,Clear,Chandni Chowk Market,16,Medium,18
u3,Wednesday,Clear,Lajpat Nagar Market,15,Low,16
u3,Saturday,Clouds,Karol Bagh Market,19,Medium,16
u3,Wednesday,Haze,Chandni Chowk Market,20,Medium,18
u3,Tuesday,Clear,Chandni Chowk Market,16,Medium,18
u3,Friday,Clouds,Karol Bagh Market,17,Medium,17
u3,Thursday,Haze,Lajpat Nagar Market,16,Medium,16
u3,Thursday,Fog,Chandni Chowk Market,17,Medium,17
u3,Thursday,Clear,Chandni Chowk Market,18,Medium,18
u3,Friday,Clear,Karol Bagh Market,17,Medium,17
u3,Monday,Rain,Karol Bagh Market,18,Medium,16
u3,Tuesday,Clear,Lajpat Nagar Market,15,Low,16
u3,Friday,Rain,Lajpat Nagar Market,14,Medium,15
u3,Friday,Clear,Chandni Chowk Market,17,Medium,18
u3,Sunday,Clear,Lajpat Nagar Market,18,Medium,15
u3,Thursday,Clouds,Karol Bagh Market,18,Medium,17
u3,Thursday,Rain,Lajpat Nagar Market,17,Medium,15
u3,Friday,Haze,Karol Bagh Market,17,Medium,17
u3,Monday,Haze,Chandni Chowk Market,19,High,17
u3,Friday,Clear,Karol Bagh Market,19,Medium,17
u3,Thursday,Drizzle,Chandni Chowk Market,18,Medium,17
u3,Thursday,Clouds,Chandni Chowk Market,18,Medium,18
u3,Monday,Clear,Lajpat Nagar Market,16,Low,16
u3,Wednesday,Clouds,Karol Bagh Market,19,Medium,17
u3,Wednesday,Rain,Chandni Chowk Market,18,Medium,17
u3,Monday,Fog,Chandni Chowk Market,19,Medium,17
u3,Thursday,Rain,Karol Bagh Market,18,Medium,16
u3,Sunday,Rain,Chandni Chowk Market,16,Medium,16
u3,Tuesday,Clouds,Chandni Chowk Market,19,Medium,18
u3,Friday,Haze,Karol Bagh Market,15,Medium,17
u3,Thursday,Clear,Karol Bagh Market,18,Medium,17
u3,Wednesday,Haze,Chandni Chowk Market,20,Medium,18
u3,Friday,Clear,Chandni Chowk Market,16,Medium,18
u3,Wednesday,Rain,Chandni Chowk Market,20,Medium,17
u3,Monday,Fog,Chandni Chowk Market,19,Medium,17
u3,Monday,Fog,Karol Bagh Market,15,High,15
u3,Thursday,Clear,Chandni Chowk Market,17,Medium,18
u3,Sunday,Clouds,Chandni Chowk Market,19,Medium,17
u3,Thursday,Clear,Lajpat Nagar Market,16,Low,16
u3,Monday,Clouds,Karol Bagh Market,19,Medium,17
u3,Wednesday,Clear,Chandni Chowk Market,17,Medium,18
u3,Tuesday,Clear,Chandni Chowk Market,19,Medium,18
u3,Saturday,Rain,Chandni Chowk Market,18,High,15
u3,Thursday,Fog,Chandni Chowk Market,18,Medium,17
u3,Thursday,Clear,Lajpat Nagar Market,18,Low,16
u3,Saturday,Clouds,Chandni Chowk Market,20,Medium,17
u3,Sunday,Clouds,Karol Bagh Market,17,Medium,16
u3,Monday,Fog,Chandni Chowk Market,18,High,16
u3,Thursday,Haze,Chandni Chowk Market,17,Medium,18
u3,Friday,Clear,Chandni Chowk Market,18,Medium,18
u3,Thursday,Rain,Chandni Chowk Market,17,Medium,17
u3,Tuesday,Rain,Chandni Chowk Market,17,High,16
u3,Friday,Clear,Chandni Chowk Market,16,Medium,18
u3,Wednesday,Clear,Lajpat Nagar Market,17,Low,16
u3,Thursday,Haze,Karol Bagh Market,17,Medium,17
u3,Thursday,Clouds,Karol Bagh Market,15,Medium,17
u3,Thursday,Haze,Chandni Chowk Market,20,Medium,18
u3,Thursday,Rain,Chandni Chowk Market,19,Medium,17
u3,Monday,Clear,Lajpat Nagar Market,17,Low,16
u3,Saturday,Clear,Karol Bagh Market,15,Medium,16
u3,Tuesday,Fog,Chandni Chowk Market,19,Medium,17
u3,Thursday,Fog,Karol Bagh Market,15,Medium,16
u3,Sunday,Clear,Lajpat Nagar Market,14,Medium,15
u3,Monday,Rain,Chandni Chowk Market,20,Medium,17
u3,Thursday,Clouds,Chandni Chowk Market,18,Medium,18
u3,Tuesday,Rain,Lajpat Nagar Market,15,Medium,15
u3,Thursday,Drizzle,Chandni Chowk Market,19,Medium,17
u3,Friday,Clear,Chandni Chowk Market,16,Medium,18
u3,Sunday,Haze,Chandni Chowk Market,18,Medium,17
u3,Thursday,Haze,Lajpat Nagar Market,16,Medium,16
u3,Monday,Clouds,Karol Bagh Market,16,Medium,17
u3,Wednesday,Drizzle,Karol Bagh Market,16,Medium,16
u3,Tuesday,Rain,Karol Bagh Market,16,Medium,16
u3,Monday,Drizzle,Chandni Chowk Market,17,Medium,17
u3,Tuesday,Clouds,Chandni Chowk Market,16,Medium,18
u3,Friday,Clouds,Karol Bagh Market,18,Medium,17
u3,Sunday,Clear,Chandni Chowk Market,19,Medium,17
u3,Friday,Rain,Chandni Chowk Market,18,Medium,17
u3,Sunday,Clouds,Karol Bagh Market,16,Medium,16
u3,Tuesday,Haze,Karol Bagh Market,16,Medium,17
u3,Tuesday,Clear,Karol Bagh Market,17,Medium,17
u3,Thursday,Rain,Lajpat Nagar Market,15,Medium,15
u3,Wednesday,Clear,Karol Bagh Market,15,Medium,17
u3,Friday,Haze,Lajpat Nagar Market,17,Medium,16
u3,Tuesday,Clear,Chandni Chowk Market,16,Medium,18
u3,Tuesday,Haze,Karol Bagh Market,19,Medium,17
u3,Wednesday,Clear,Lajpat Nagar Market,14,Low,16
u3,Thursday,Clear,Chandni Chowk Market,20,Medium,18
u3,Wednesday,Clouds,Karol Bagh Market,18,Medium,17
u3,Monday,Clear,Karol Bagh Market,15,Medium,17
u3,Thursday,Clear,Karol Bagh Market,17,Medium,17
u3,Tuesday,Rain,Karol Bagh Market,16,Medium,16
u3,Friday,Haze,Chandni Chowk Market,20,Medium,18
u3,Thursday,Drizzle,Lajpat Nagar Market,15,Medium,15
u3,Thursday,Clear,Chandni Chowk Market,18,Medium,18
u3,Thursday,Clouds,Chandni Chowk Market,18,Medium,18
u3,Saturday,Clear,Karol Bagh Market,17,Medium,16
u3,Sunday,Clear,Chandni Chowk Market,19,Medium,17
u3,Thursday,Haze,Lajpat Nagar Market,16,Medium,16
u3,Wednesday,Clouds,Karol Bagh Market,17,Medium,17
u3,Friday,Fog,Chandni Chowk Market,17,Medium,17
u3,Monday,Clouds,Lajpat Nagar Market,18,Low,16
u3,Friday,Haze,Lajpat Nagar Market,16,Medium,16
u3,Thursday,Clear,Lajpat Nagar Market,16,Medium,16
u3,Monday,Drizzle,Chandni Chowk Market,20,Medium,17
u3,Saturday,Rain,Karol Bagh Market,16,High,14
u3,Saturday,Clear,Chandni Chowk Market,18,Medium,17
u3,Thursday,Clouds,Chandni Chowk Market,18,Medium,18
u3,Friday,Clouds,Chandni Chowk Market,16,Medium,18
u3,Wednesday,Clouds,Chandni Chowk Market,17,Medium,18
u3,Tuesday,Drizzle,Karol Bagh Market,18,Medium,16
u3,Monday,Drizzle,Chandni Chowk Market,17,Medium,17
u3,Monday,Clear,Chandni Chowk Market,18,Medium,18
u3,Monday,Clear,Lajpat Nagar Market,16,Low,16
u3,Thursday,Clear,Chandni Chowk Market,18,Medium,18
u3,Sunday,Rain,Karol Bagh Market,17,High,14
u3,Thursday,Clear,Lajpat Nagar Market,17,Low,16
u3,Friday,Clear,Chandni Chowk Market,18,Medium,18
u3,Monday,Clear,Lajpat Nagar Market,17,Medium,16
u3,Wednesday,Clear,Lajpat Nagar Market,16,Low,16
u3,Tuesday,Rain,Chandni Chowk Market,17,Medium,17
u3,Wednesday,Haze,Karol Bagh Market,17,Medium,17
u3,Sunday,Clear,Chandni Chowk Market,16,Medium,17
u3,Tuesday,Rain,Karol Bagh Market,18,Medium,16
u3,Wednesday,Clear,Karol Bagh Market,17,Medium,17
u3,Wednesday,Haze,Karol Bagh Market,18,Medium,17
u3,Wednesday,Clear,Chandni Chowk Market,18,Medium,18
u3,Thursday,Haze,Chandni Chowk Market,19,Medium,18
u3,Monday,Clear,Lajpat Nagar Market,16,Low,16
u3,Tuesday,Clear,Chandni Chowk Market,20,Medium,18
u3,Tuesday,Rain,Chandni Chowk Market,18,Medium,17
u3,Wednesday,Clear,Chandni Chowk Market,20,Medium,18
u3,Sunday,Clear,Chandni Chowk Market,17,Medium,17
u3,Saturday,Clouds,Chandni Chowk Market,16,Medium,17
u3,Tuesday,Clear,Chandni Chowk Market,17,Medium,18
u3,Thursday,Haze,Karol Bagh Market,17,High,16
u3,Tuesday,Clear,Lajpat Nagar Market,15,Low,16
u3,Sunday,Clouds,Chandni Chowk Market,17,Medium,17
u3,Friday,Clouds,Chandni Chowk Market,19,Medium,18
u3,Saturday,Clouds,Lajpat Nagar Market,14,Medium,15
u3,Saturday,Thunderstorm,Karol Bagh Market,18,High,15
u3,Thursday,Clear,Chandni Chowk Market,16,Medium,18
u3,Sunday,Rain,Lajpat Nagar Market,14,Medium,14
u3,Monday,Rain,Karol Bagh Market,19,Medium,16
u3,Tuesday,Drizzle,Chandni Chowk Market,16,Medium,17
u3,Monday,Clear,Chandni Chowk Market,19,Medium,18
u3,Friday,Clouds,Chandni Chowk Market,20,Medium,18
u3,Monday,Clouds,Chandni Chowk Market,20,Medium,18
u3,Thursday,Clear,Karol Bagh Market,19,Medium,17
u3,Tuesday,Haze,Chandni Chowk Market,18,Medium,18
u3,Friday,Clear,Chandni Chowk Market,20,Medium,18
u3,Sunday,Haze,Karol Bagh Market,17,High,15
u3,Wednesday,Rain,Karol Bagh Market,15,Medium,16
u3,Friday,Haze,Lajpat Nagar Market,18,Medium,16
u3,Thursday,Clear,Karol Bagh Market,18,Medium,17
u3,Wednesday,Rain,Chandni Chowk Market,20,Medium,17
u3,Thursday,Clear,Karol Bagh Market,15,Medium,17
u3,Thursday,Clear,Lajpat Nagar Market,16,Low,16
u3,Tuesday,Rain,Chandni Chowk Market,17,Medium,17
u3,Monday,Fog,Lajpat Nagar Market,18,Medium,15
u3,Friday,Haze,Chandni Chowk Market,20,Medium,18
u3,Thursday,Clear,Chandni Chowk Market,17,Medium,18
u3,Tuesday,Clear,Karol Bagh Market,16,Medium,17
u3,Monday,Clear,Chandni Chowk Market,16,Medium,18
u3,Saturday,Drizzle,Karol Bagh Market,19,Medium,15
u3,Thursday,Clear,Chandni Chowk Market,18,Medium,18
u3,Sunday,Clear,Chandni Chowk Market,17,Medium,17
u3,Saturday,Haze,Chandni Chowk Market,18,Medium,17
u3,Monday,Clouds,Lajpat Nagar Market,17,Low,16
u3,Sunday,Drizzle,Lajpat Nagar Market,17,Medium,14
u3,Monday,Haze,Lajpat Nagar Market,15,Medium,16
u3,Tuesday,Thunderstorm,Karol Bagh Market,18,Medium,17
u3,Wednesday,Clear,Chandni Chowk Market,17,Medium,18
u3,Thursday,Clear,Chandni Chowk Market,16,Medium,18
u3,Monday,Clear,Lajpat Nagar Market,15,Low,16
u3,Saturday,Clear,Karol Bagh Market,15,Medium,16
u3,Monday,Clear,Chandni Chowk Market,19,Medium,18
u3,Friday,Clear,Karol Bagh Market,15,Medium,17
u3,Saturday,Clear,Chandni Chowk Market,20,Medium,17
u3,Friday,Clouds,Lajpat Nagar Market,18,Low,16
u3,Saturday,Haze,Chandni Chowk Market,18,Medium,17
u3,Wednesday,Clouds,Chandni Chowk Market,16,Medium,18
u3,Sunday,Drizzle,Karol Bagh Market,17,Medium,15
u3,Monday,Clouds,Chandni Chowk Market,20,Medium,18
u3,Monday,Drizzle,Lajpat Nagar Market,18,Medium,15
u3,Wednesday,Rain,Lajpat Nagar Market,15,Medium,15
u3,Wednesday,Thunderstorm,Lajpat Nagar Market,18,Medium,16
u3,Thursday,Clear,Karol Bagh Market,17,Medium,17
u3,Wednesday,Clear,Chandni Chowk Market,16,Medium,18
u3,Wednesday,Clear,Lajpat Nagar Market,15,Low,16
u3,Wednesday,Rain,Karol Bagh Market,15,Medium,16
u3,Thursday,Clouds,Chandni Chowk Market,18,Medium,18
u3,Tuesday,Clear,Karol Bagh Market,17,Medium,17
u3,Saturday,Clear,Karol Bagh Market,19,Medium,16
u3,Friday,Clear,Karol Bagh Market,18,Medium,17
u3,Tuesday,Clear,Chandni Chowk Market,18,Medium,18
u3,Tuesday,Fog,Lajpat Nagar Market,17,Medium,15
u3,Tuesday,Clear,Chandni Chowk Market,16,Medium,18
u3,Thursday,Clear,Chandni Chowk Market,19,Medium,18
u3,Wednesday,Rain,Karol Bagh Market,16,Medium,16
u3,Monday,Clear,Chandni Chowk Market,16,Medium,18
u3,Monday,Fog,Karol Bagh Market,17,Medium,16
u3,Wednesday,Drizzle,Karol Bagh Market,19,Medium,16
u3,Wednesday,Rain,Chandni Chowk Market,20,Medium,17
u3,Thursday,Rain,Karol Bagh Market,17,Medium,16
u3,Tuesday,Clear,Chandni Chowk Market,18,Medium,18
u3,Sunday,Rain,Karol Bagh Market,19,Medium,15
u3,Tuesday,Clear,Lajpat Nagar Market,16,Low,16
u3,Monday,Clouds,Chandni Chowk Market,18,Medium,18
u3,Monday,Clouds,Karol Bagh Market,17,Medium,17
u3,Tuesday,Clear,Karol Bagh Market,18,Medium,17
u3,Tuesday,Clear,Lajpat Nagar Market,15,Low,16
u3,Sunday,Clear,Lajpat Nagar Market,18,Medium,15
u3,Monday,Rain,Karol Bagh Market,15,Medium,16
u3,Friday,Clouds,Lajpat Nagar Market,18,Low,16
u3,Saturday,Clouds,Lajpat Nagar Market,17,Medium,15
u3,Tuesday,Haze,Lajpat Nagar Market,15,Medium,16
u3,Saturday,Clear,Chandni Chowk Market,18,Medium,17
u3,Monday,Haze,Karol Bagh Market,15,Medium,17
u3,Wednesday,Clouds,Lajpat Nagar Market,18,Low,16
u3,Tuesday,Rain,Karol Bagh Market,17,Medium,16
u3,Thursday,Thunderstorm,Karol Bagh Market,16,Medium,17
u3,Friday,Fog,Karol Bagh Market,17,Medium,16
u3,Wednesday,Fog,Karol Bagh Market,19,Medium,16
u3,Friday,Fog,Karol Bagh Market,18,Medium,16
u3,Sunday,Clear,Chandni Chowk Market,16,Medium,17
u3,Friday,Clear,Chandni Chowk Market,19,Medium,18
u3,Wednesday,Clear,Lajpat Nagar Market,18,Low,16
u3,Tuesday,Clouds,Chandni Chowk Market,20,Medium,18
u3,Friday,Clouds,Karol Bagh Market,16,Medium,17
u3,Thursday,Clear,Chandni Chowk Market,20,Medium,18
u3,Wednesday,Clouds,Chandni Chowk Market,20,Medium,18
u3,Wednesday,Rain,Karol Bagh Market,18,Medium,16
u3,Tuesday,Clear,Lajpat Nagar Market,14,Low,16
u3,Wednesday,Haze,Lajpat Nagar Market,14,Medium,16
u3,Friday,Clouds,Chandni Chowk Market,20,Medium,18
u3,Thursday,Clouds,Karol Bagh Market,17,Medium,17
u3,Wednesday,Drizzle,Karol Bagh Market,17,Medium,16
u3,Tuesday,Clouds,Karol Bagh Market,18,Medium,17
u3,Saturday,Haze,Chandni Chowk Market,19,Medium,17
u3,Wednesday,Clouds,Chandni Chowk Market,16,Medium,18
u3,Monday,Clouds,Chandni Chowk Market,20,Medium,18
u3,Friday,Clear,Chandni Chowk Market,20,Medium,18
u3,Monday,Clear,Lajpat Nagar Market,14,Low,16
u3,Saturday,Rain,Chandni Chowk Market,18,High,15
u3,Tuesday,Clouds,Chandni Chowk Market,18,Medium,18
u3,Wednesday,Clear,Chandni Chowk Market,18,Medium,18
u3,Wednesday,Haze,Lajpat Nagar Market,15,Medium,16
u3,Wednesday,Clouds,Chandni Chowk Market,19,Medium,18
u3,Saturday,Clear,Lajpat Nagar Market,18,Medium,15
u3,Monday,Rain,Chandni Chowk Market,16,Medium,17
u3,Friday,Fog,Chandni Chowk Market,17,Medium,17
u3,Sunday,Clouds,Chandni Chowk Market,18,Medium,17
u3,Tuesday,Clear,Lajpat Nagar Market,16,Low,16
u3,Monday,Drizzle,Lajpat Nagar Market,16,Medium,15
u3,Thursday,Fog,Chandni Chowk Market,17,High,16
u3,Monday,Clouds,Lajpat Nagar Market,16,Low,16
u3,Thursday,Drizzle,Karol Bagh Market,18,Medium,16
u3,Friday,Clear,Chandni Chowk Market,18,Medium,18
u3,Monday,Clear,Lajpat Nagar Market,15,Low,16
u3,Friday,Rain,Karol Bagh Market,15,Medium,16
u3,Thursday,Clouds,Lajpat Nagar Market,16,Low,16
u3,Tuesday,Clear,Karol Bagh Market,17,Medium,17
u3,Thursday,Drizzle,Karol Bagh Market,15,High,15
u3,Saturday,Clear,Chandni Chowk Market,16,Medium,17
u3,Monday,Clear,Chandni Chowk Market,19,Medium,18
u3,Friday,Fog,Chandni Chowk Market,18,Medium,17
u3,Wednesday,Fog,Karol Bagh Market,15,Medium,16
u3,Thursday,Drizzle,Lajpat Nagar Market,14,Medium,15
u3,Saturday,Clouds,Chandni Chowk Market,20,Medium,17
u3,Monday,Clouds,Chandni Chowk Market,20,Medium,18
u3,Monday,Clouds,Chandni Chowk Market,18,Medium,18
u3,Sunday,Clear,Chandni Chowk Market,16,Medium,17
u3,Monday,Rain,Chandni Chowk Market,16,Medium,17
u3,Friday,Rain,Karol Bagh Market,17,Medium,16
u3,Wednesday,Clouds,Chandni Chowk Market,17,Medium,18
u3,Friday,Clear,Chandni Chowk Market,17,Medium,18
u3,Wednesday,Clouds,Chandni Chowk Market,20,Medium,18
u3,Wednesday,Clear,Karol Bagh Market,17,Medium,17
u3,Thursday,Clear,Chandni Chowk Market,19,Medium,18
u3,Thursday,Clouds,Lajpat Nagar Market,14,Medium,16
u3,Wednesday,Clouds,Chandni Chowk Market,20,Medium,18
u3,Thursday,Drizzle,Karol Bagh Market,16,Medium,16
u3,Wednesday,Clear,Chandni Chowk Market,18,Medium,18
u3,Friday,Fog,Karol Bagh Market,16,Medium,16
u3,Monday,Clouds,Chandni Chowk Market,16,Medium,18
u3,Thursday,Rain,Karol Bagh Market,15,Medium,16
u3,Friday,Clear,Chandni Chowk Market,18,Medium,18
u3,Monday,Clear,Lajpat Nagar Market,18,Low,16
u3,Friday,Clear,Chandni Chowk Market,17,Medium,18
u3,Tuesday,Clear,Chandni Chowk Market,20,Medium,18
u3,Thursday,Clouds,Lajpat Nagar Market,17,Low,16
u3,Friday,Clear,Chandni Chowk Market,17,Medium,18
u3,Friday,Clear,Chandni Chowk Market,18,Medium,18
u3,Friday,Clouds,Karol Bagh Market,19,Medium,17
u3,Monday,Clouds,Chandni Chowk Market,18,Medium,18
u3,Monday,Clouds,Lajpat Nagar Market,17,Low,16
u3,Sunday,Rain,Karol Bagh Market,17,Medium,15
u3,Thursday,Clouds,Chandni Chowk Market,20,Medium,18
u3,Friday,Haze,Chandni Chowk Market,20,Medium,18
u3,Monday,Rain,Chandni Chowk Market,17,Medium,17
u3,Monday,Clouds,Chandni Chowk Market,20,Medium,18
u3,Wednesday,Clouds,Lajpat Nagar Market,14,Low,16
u3,Friday,Clouds,Lajpat Nagar Market,16,Low,16
u3,Tuesday,Clouds,Chandni Chowk Market,20,Medium,18
u3,Thursday,Rain,Lajpat Nagar Market,14,Medium,15
u3,Wednesday,Clouds,Karol Bagh Market,17,Medium,17
u3,Monday,Haze,Chandni Chowk Market,18,Medium,18
u3,Monday,Clear,Lajpat Nagar Market,18,Low,16
u3,Saturday,Clear,Lajpat Nagar Market,16,Medium,15
u3,Tuesday,Haze,Chandni Chowk Market,20,Medium,18
u3,Sunday,Clouds,Chandni Chowk Market,20,Medium,17
u3,Monday,Clouds,Lajpat Nagar Market,17,Low,16
u3,Tuesday,Clear,Karol Bagh Market,18,Medium,17
u3,Saturday,Drizzle,Lajpat Nagar Market,17,Medium,14
u3,Monday,Rain,Lajpat Nagar Market,14,Medium,15
u3,Monday,Clouds,Karol Bagh Market,15,Medium,17
u3,Thursday,Drizzle,Lajpat Nagar Market,17,Medium,15
u3,Wednesday,Clear,Chandni Chowk Market,18,Medium,18
u3,Friday,Rain,Lajpat Nagar Market,18,Medium,15
u3,Sunday,Clear,Karol Bagh Market,18,Medium,16
u3,Sunday,Clear,Chandni Chowk Market,17,Medium,17
u3,Tuesday,Haze,Karol Bagh Market,17,Medium,17
u3,Thursday,Drizzle,Chandni Chowk Market,19,Medium,17
u3,Saturday,Clear,Chandni Chowk Market,20,Medium,17
u3,Monday,Clear,Chandni Chowk Market,19,Medium,18
u3,Wednesday,Clouds,Chandni Chowk Market,19,Medium,18
u3,Saturday,Fog,Chandni Chowk Market,17,High,15
u3,Saturday,Clear,Lajpat Nagar Market,16,Medium,15
u3,Saturday,Haze,Karol Bagh Market,18,High,15
u3,Wednesday,Drizzle,Karol Bagh Market,16,Medium,16
u3,Saturday,Clear,Chandni Chowk Market,17,Medium,17
u3,Monday,Haze,Lajpat Nagar Market,15,Medium,16
u3,Tuesday,Fog,Chandni Chowk Market,17,Medium,17
u3,Wednesday,Haze,Chandni Chowk Market,20,Medium,18
u3,Friday,Clear,Chandni Chowk Market,19,Medium,18
u3,Thursday,Rain,Karol Bagh Market,17,Medium,16
u3,Monday,Clear,Chandni Chowk Market,18,Medium,18
u3,Wednesday,Drizzle,Chandni Chowk Market,20,Medium,17
u3,Sunday,Clear,Karol Bagh Market,15,Medium,16
u3,Saturday,Clear,Chandni Chowk Market,20,Medium,17
u3,Saturday,Drizzle,Chandni Chowk Market,18,Medium,16
u3,Monday,Drizzle,Karol Bagh Market,17,Medium,16
u3,Friday,Clear,Lajpat Nagar Market,16,Low,16
u3,Tuesday,Clouds,Karol Bagh Market,19,Medium,17
u3,Tuesday,Drizzle,Lajpat Nagar Market,18,Medium,15
u3,Sunday,Clouds,Chandni Chowk Market,19,Medium,17
u3,Thursday,Clear,Lajpat Nagar Market,14,Low,16
u3,Wednesday,Rain,Karol Bagh Market,15,Medium,16
u3,Wednesday,Haze,Chandni Chowk Market,20,Medium,18
u3,Friday,Clear,Karol Bagh Market,18,Medium,17
u3,Wednesday,Fog,Lajpat Nagar Market,18,Medium,15
u3,Wednesday,Clear,Lajpat Nagar Market,15,Low,16
u3,Saturday,Clear,Karol Bagh Market,15,Medium,16
u3,Wednesday,Clear,Karol Bagh Market,18,Medium,17
u3,Thursday,Clear,Chandni Chowk Market,18,Medium,18
u3,Sunday,Clouds,Chandni Chowk Market,20,Medium,17
u3,Sunday,Clouds,Chandni Chowk Market,19,Medium,17
u3,Friday,Clear,Chandni Chowk Market,18,Medium,18
u3,Monday,Drizzle,Chandni Chowk Market,18,Medium,17
u3,Sunday,Haze,Karol Bagh Market,18,Medium,16
u3,Tuesday,Clear,Chandni Chowk Market,16,Medium,18
u3,Monday,Clouds,Karol Bagh Market,15,Medium,17
u3,Monday,Fog,Lajpat Nagar Market,16,Medium,15
u3,Thursday,Clouds,Chandni Chowk Market,20,Medium,18
u3,Monday,Clouds,Chandni Chowk Market,16,Medium,18
u3,Thursday,Clear,Chandni Chowk Market,17,Medium,18
u3,Saturday,Clear,Chandni Chowk Market,18,Medium,17
u3,Thursday,Rain,Chandni Chowk Market,16,High,16
u3,Saturday,Clear,Chandni Chowk Market,19,Medium,17
u3,Monday,Clouds,Chandni Chowk Market,18,Medium,18
u3,Monday,Clear,Chandni Chowk Market,20,Medium,18
u3,Wednesday,Clear,Chandni Chowk Market,16,Medium,18
u3,Wednesday,Fog,Chandni Chowk Market,17,Medium,17
u3,Monday,Clouds,Karol Bagh Market,15,Medium,17
u3,Monday,Clouds,Chandni Chowk Market,16,Medium,18
u3,Thursday,Haze,Lajpat Nagar Market,16,Medium,16
u3,Friday,Haze,Lajpat Nagar Market,16,Medium,16
u3,Thursday,Clear,Lajpat Nagar Market,15,Low,16
u3,Sunday,Clear,Chandni Chowk Market,16,Medium,17
u3,Thursday,Rain,Chandni Chowk Market,16,Medium,17
u3,Monday,Clear,Chandni Chowk Market,18,Medium,18
u3,Wednesday,Clouds,Karol Bagh Market,17,Medium,17
u3,Friday,Clear,Karol Bagh Market,19,Medium,17
u3,Saturday,Clouds,Chandni Chowk Market,16,Medium,17
u3,Tuesday,Clouds,Karol Bagh Market,17,Medium,17
u3,Tuesday,Clear,Chandni Chowk Market,20,Medium,18
u3,Wednesday,Clouds,Lajpat Nagar Market,16,Low,16
u3,Saturday,Clouds,Chandni Chowk Market,18,Medium,17
u3,Monday,Clouds,Lajpat Nagar Market,17,Low,16
u3,Sunday,Clouds,Lajpat Nagar Market,16,Medium,15
u3,Friday,Haze,Chandni Chowk Market,19,Medium,18
u3,Monday,Rain,Karol Bagh Market,15,Medium,16
u3,Sunday,Clear,Karol Bagh Market,17,Medium,16
u3,Monday,Rain,Chandni Chowk Market,18,Medium,17
u3,Sunday,Clear,Chandni Chowk Market,16,Medium,17
u3,Sunday,Haze,Karol Bagh Market,18,Medium,16
u3,Friday,Clear,Karol Bagh Market,17,Medium,17
u3,Wednesday,Rain,Lajpat Nagar Market,18,Medium,15
u3,Monday,Clear,Chandni Chowk Market,18,Medium,18
u3,Thursday,Fog,Chandni Chowk Market,18,Medium,17
u3,Wednesday,Rain,Karol Bagh Market,16,Medium,16
u3,Monday,Haze,Chandni Chowk Market,16,Medium,18
u3,Tuesday,Fog,Chandni Chowk Market,18,Medium,17
u3,Friday,Clear,Lajpat Nagar Market,18,Low,16
u3,Friday,Rain,Chandni Chowk Market,18,Medium,17
u3,Tuesday,Clouds,Chandni Chowk Market,19,Medium,18
u3,Monday,Clear,Karol Bagh Market,15,Medium,17
u3,Sunday,Clear,Chandni Chowk Market,19,Medium,17
u3,Wednesday,Clouds,Lajpat Nagar Market,17,Low,16
u3,Tuesday,Clear,Lajpat Nagar Market,18,Low,16
u3,Wednesday,Fog,Chandni Chowk Market,18,Medium,17
u3,Thursday,Thunderstorm,Chandni Chowk Market,20,Medium,18
u3,Friday,Clouds,Chandni Chowk Market,17,Medium,18
u3,Friday,Fog,Lajpat Nagar Market,16,Medium,15
u3,Sunday,Haze,Karol Bagh Market,19,Medium,16
u3,Friday,Drizzle,Karol Bagh Market,19,Medium,16
u3,Wednesday,Rain,Lajpat Nagar Market,15,Medium,15
u3,Wednesday,Clear,Karol Bagh Market,15,Medium,17
u3,Saturday,Clear,Karol Bagh Market,19,Medium,16
u3,Sunday,Clouds,Lajpat Nagar Market,15,Medium,15
u3,Tuesday,Clear,Karol Bagh Market,16,Medium,17
u3,Tuesday,Clear,Karol Bagh Market,15,Medium,17
u3,Monday,Clear,Chandni Chowk Market,19,Medium,18
u3,Tuesday,Haze,Karol Bagh Market,17,Medium,17
u3,Friday,Rain,Chandni Chowk Market,17,Medium,17
u3,Thursday,Fog,Lajpat Nagar Market,18,Medium,15
u3,Friday,Clouds,Chandni Chowk Market,20,Medium,18
u3,Friday,Clouds,Chandni Chowk Market,20,Medium,18
u3,Sunday,Clear,Lajpat Nagar Market,16,Medium,15
u3,Wednesday,Rain,Karol Bagh Market,19,High,15
u3,Tuesday,Clear,Karol Bagh Market,16,Medium,17
u3,Tuesday,Haze,Chandni Chowk Market,18,Medium,18
u3,Monday,Clear,Karol Bagh Market,16,Medium,17
u3,Thursday,Clouds,Lajpat Nagar Market,14,Low,16
u3,Tuesday,Clear,Chandni Chowk Market,17,Medium,18
u3,Wednesday,Rain,Chandni Chowk Market,20,High,16
u3,Saturday,Rain,Chandni Chowk Market,19,High,15
u3,Sunday,Clouds,Chandni Chowk Market,19,Medium,17
u3,Thursday,Haze,Chandni Chowk Market,18,Medium,18
u3,Saturday,Clouds,Chandni Chowk Market,16,Medium,17
u3,Sunday,Clouds,Chandni Chowk Market,18,Medium,17
u3,Friday,Clear,Lajpat Nagar Market,16,Low,16
u3,Tuesday,Clear,Lajpat Nagar Market,15,Low,16
u3,Friday,Clouds,Chandni Chowk Market,16,Medium,18
u3,Monday,Drizzle,Chandni Chowk Market,20,Medium,17
u3,Tuesday,Fog,Chandni Chowk Market,17,Medium,17
u3,Monday,Clear,Chandni Chowk Market,20,Medium,18
u3,Monday,Clear,Karol Bagh Market,19,Medium,17
u3,Monday,Haze,Karol Bagh Market,17,Medium,17
u3,Tuesday,Drizzle,Chandni Chowk Market,20,Medium,17
u3,Tuesday,Clear,Chandni Chowk Market,17,Medium,18
u3,Friday,Clear,Chandni Chowk Market,16,Medium,18
u3,Monday,Drizzle,Chandni Chowk Market,18,Medium,17
u3,Thursday,Clear,Chandni Chowk Market,18,Medium,18
u3,Wednesday,Clouds,Chandni Chowk Market,18,Medium,18
u3,Monday,Clear,Lajpat Nagar Market,16,Low,16
u3,Friday,Rain,Chandni Chowk Market,17,Medium,17
u3,Friday,Haze,Chandni Chowk Market,18,Medium,18
u3,Sunday,Clear,Chandni Chowk Market,17,Medium,17
u3,Friday,Rain,Karol Bagh Market,19,Medium,16
u3,Tuesday,Clouds,Lajpat Nagar Market,15,Low,16
u3,Wednesday,Clear,Chandni Chowk Market,17,Medium,18
u3,Monday,Haze,Karol Bagh Market,16,Medium,17
u3,Wednesday,Clouds,Lajpat Nagar Market,16,Low,16
u3,Monday,Thunderstorm,Karol Bagh Market,17,Medium,17
u3,Friday,Clouds,Chandni Chowk Market,16,Medium,18
u3,Sunday,Fog,Chandni Chowk Market,18,Medium,16
u3,Monday,Clear,Chandni Chowk Market,18,Medium,18
u3,Sunday,Clear,Karol Bagh Market,18,Medium,16
u3,Monday,Clouds,Chandni Chowk Market,20,Medium,18
u3,Thursday,Haze,Chandni Chowk Market,20,Medium,18
u3,Saturday,Rain,Karol Bagh Market,17,High,14
u3,Sunday,Clear,Chandni Chowk Market,20,Medium,17
u3,Monday,Clear,Karol Bagh Market,17,Medium,17
u3,Saturday,Haze,Karol Bagh Market,15,Medium,16
u3,Thursday,Rain,Karol Bagh Market,17,Medium,16
u3,Tuesday,Rain,Lajpat Nagar Market,14,Medium,15
u3,Sunday,Clouds,Chandni Chowk Market,18,Medium,17
u3,Wednesday,Clouds,Chandni Chowk Market,16,Medium,18
u3,Friday,Thunderstorm,Chandni Chowk Market,18,Medium,18
u3,Thursday,Clouds,Karol Bagh Market,17,Medium,17
u3,Wednesday,Clear,Chandni Chowk Market,18,Medium,18
u3,Wednesday,Rain,Lajpat Nagar Market,16,High,14
u3,Tuesday,Clear,Karol Bagh Market,17,Medium,17
u3,Tuesday,Clear,Karol Bagh Market,19,Medium,17
u3,Wednesday,Fog,Chandni Chowk Market,19,Medium,17
u3,Tuesday,Clouds,Chandni Chowk Market,18,Medium,18
u3,Monday,Fog,Karol Bagh Market,19,Medium,16
u3,Monday,Rain,Karol Bagh Market,17,Medium,16
u3,Friday,Clear,Chandni Chowk Market,18,Medium,18
u3,Thursday,Rain,Chandni Chowk Market,20,Medium,17
u3,Sunday,Clear,Karol Bagh Market,17,Medium,16
u3,Monday,Fog,Karol Bagh Market,17,Medium,16
u3,Sunday,Clear,Chandni Chowk Market,18,Medium,17
u3,Wednesday,Thunderstorm,Karol Bagh Market,19,Medium,17
u3,Monday,Clear,Karol Bagh Market,17,Medium,17
u3,Wednesday,Haze,Karol Bagh Market,19,Medium,17
u3,Friday,Clouds,Chandni Chowk Market,18,Medium,18
u3,Saturday,Clouds,Chandni Chowk Market,20,Medium,17
u3,Tuesday,Clear,Lajpat Nagar Market,17,Low,16
u3,Thursday,Rain,Chandni Chowk Market,18,Medium,17
u3,Saturday,Drizzle,Chandni Chowk Market,18,Medium,16
u3,Friday,Clouds,Chandni Chowk Market,20,Medium,18
u3,Friday,Rain,Lajpat Nagar Market,16,High,14
u3,Thursday,Clouds,Chandni Chowk Market,17,Medium,18
u3,Sunday,Clear,Chandni Chowk Market,18,Medium,17
u3,Thursday,Clear,Karol Bagh Market,16,Medium,17
u3,Tuesday,Clouds,Chandni Chowk Market,20,Medium,18
u3,Friday,Fog,Lajpat Nagar Market,14,Medium,15
u3,Friday,Clear,Chandni Chowk Market,20,Medium,18
u3,Tuesday,Clear,Chandni Chowk Market,19,Medium,18
u3,Tuesday,Clear,Chandni Chowk Market,16,Medium,18
u3,Thursday,Drizzle,Chandni Chowk Market,20,Medium,17
u3,Thursday,Clear,Karol Bagh Market,15,Medium,17
u3,Tuesday,Clear,Chandni Chowk Market,18,Medium,18
u3,Tuesday,Clear,Chandni Chowk Market,20,Medium,18
u3,Sunday,Clear,Lajpat Nagar Market,14,Medium,15
u3,Tuesday,Clear,Chandni Chowk Market,19,Medium,18
u3,Friday,Clouds,Chandni Chowk Market,17,Medium,18
u3,Tuesday,Fog,Karol Bagh Market,17,Medium,16
u3,Tuesday,Rain,Chandni Chowk Market,18,Medium,17
u3,Monday,Fog,Karol Bagh Market,17,Medium,16
u3,Wednesday,Fog,Chandni Chowk Market,18,Medium,17
u3,Wednesday,Clear,Karol Bagh Market,15,Medium,17
u3,Thursday,Clouds,Chandni Chowk Market,18,Medium,18
u3,Wednesday,Drizzle,Chandni Chowk Market,18,Medium,17
u3,Monday,Rain,Chandni Chowk Market,18,Medium,17
u3,Friday,Haze,Chandni Chowk Market,18,Medium,18
u3,Monday,Clouds,Chandni Chowk Market,16,Medium,18
u3,Wednesday,Clouds,Karol Bagh Market,19,Medium,17
u3,Sunday,Clear,Chandni Chowk Market,18,Medium,17
u3,Sunday,Haze,Chandni Chowk Market,17,Medium,17
u3,Tuesday,Clear,Chandni Chowk Market,19,Medium,18
u3,Wednesday,Rain,Chandni Chowk Market,18,Medium,17
u3,Monday,Rain,Karol Bagh Market,17,Medium,16
u3,Friday,Drizzle,Karol Bagh Market,15,Medium,16
u3,Friday,Clear,Karol Bagh Market,19,Medium,17
u3,Friday,Haze,Chandni Chowk Market,18,Medium,18
u3,Sunday,Clear,Chandni Chowk Market,19,Medium,17
u3,Friday,Fog,Chandni Chowk Market,20,Medium,17
u3,Thursday,Clear,Chandni Chowk Market,19,Medium,18
u3,Wednesday,Clear,Karol Bagh Market,17,Medium,17
u3,Friday,Clouds,Karol Bagh Market,17,Medium,17
u3,Tuesday,Clouds,Karol Bagh Market,16,Medium,17
u3,Thursday,Clear,Chandni Chowk Market,18,Medium,18
u3,Friday,Clouds,Chandni Chowk Market,19,Medium,18
u3,Wednesday,Clouds,Chandni Chowk Market,19,Medium,18
u3,Monday,Clear,Chandni Chowk Market,17,Medium,18
u3,Friday,Clear,Chandni Chowk Market,18,Medium,18
u3,Thursday,Clouds,Chandni Chowk Market,18,Medium,18
u3,Monday,Rain,Karol Bagh Market,16,Medium,16
u3,Thursday,Clear,Chandni Chowk Market,18,Medium,18
u3,Friday,Clouds,Chandni Chowk Market,16,Medium,18
u3,Thursday,Clear,Chandni Chowk Market,16,Medium,18
u3,Sunday,Haze,Karol Bagh Market,17,Medium,16
u3,Tuesday,Clear,Chandni Chowk Market,19,Medium,18
u3,Friday,Haze,Karol Bagh Market,15,High,16
u3,Sunday,Clouds,Karol Bagh Market,17,Medium,16
u3,Wednesday,Rain,Karol Bagh Market,15,Medium,16
u3,Friday,Fog,Karol Bagh Market,19,Medium,16
u3,Wednesday,Clear,Karol Bagh Market,15,Medium,17
u3,Monday,Rain,Karol Bagh Market,19,Medium,16
u3,Saturday,Fog,Lajpat Nagar Market,15,Medium,14
u3,Friday,Clouds,Lajpat Nagar Market,16,Low,16
u3,Thursday,Clouds,Karol Bagh Market,15,Medium,17
u3,Wednesday,Clear,Lajpat Nagar Market,14,Low,16
u3,Friday,Clouds,Chandni Chowk Market,16,Medium,18
u3,Monday,Clear,Chandni Chowk Market,17,Medium,18
u3,Wednesday,Clouds,Karol Bagh Market,17,Medium,17
u3,Saturday,Clear,Karol Bagh Market,17,Medium,16
u3,Thursday,Clear,Karol Bagh Market,17,Medium,17
u3,Thursday,Haze,Chandni Chowk Market,18,Medium,18
u3,Sunday,Rain,Karol Bagh Market,19,High,14
u3,Thursday,Clouds,Karol Bagh Market,16,Medium,17
u3,Sunday,Clouds,Chandni Chowk Market,19,Medium,17
u3,Sunday,Rain,Chandni Chowk Market,18,High,15
u3,Monday,Drizzle,Karol Bagh Market,17,Medium,16
u3,Tuesday,Clouds,Karol Bagh Market,15,Medium,17
u3,Sunday,Clouds,Lajpat Nagar Market,14,Medium,15
u3,Wednesday,Clear,Chandni Chowk Market,20,Medium,18
u3,Tuesday,Haze,Chandni Chowk Market,19,Medium,18
u3,Friday,Clear,Karol Bagh Market,15,Medium,17
u3,Friday,Clear,Chandni Chowk Market,17,Medium,18
u3,Sunday,Rain,Chandni Chowk Market,18,High,15
u3,Monday,Rain,Lajpat Nagar Market,14,Medium,15
u3,Sunday,Clear,Chandni Chowk Market,19,Medium,17
u3,Friday,Haze,Chandni Chowk Market,18,Medium,18
u3,Thursday,Clear,Chandni Chowk Market,20,Medium,18
u3,Monday,Haze,Chandni Chowk Market,18,Medium,18
u3,Saturday,Clouds,Chandni Chowk Market,20,Medium,17
u3,Wednesday,Clouds,Karol Bagh Market,17,Medium,17
u3,Wednesday,Clear,Lajpat Nagar Market,14,Low,16
u3,Monday,Haze,Karol Bagh Market,18,Medium,17
u3,Monday,Fog,Karol Bagh Market,19,Medium,16
u3,Wednesday,Clear,Karol Bagh Market,19,Medium,17
u3,Thursday,Fog,Karol Bagh Market,17,Medium,16
u3,Wednesday,Rain,Karol Bagh Market,17,Medium,16
u3,Friday,Clouds,Karol Bagh Market,17,Medium,17
u3,Saturday,Clouds,Chandni Chowk Market,19,Medium,17
u3,Saturday,Clouds,Chandni Chowk Market,20,Medium,17
u3,Sunday,Drizzle,Chandni Chowk Market,16,Medium,16
u3,Monday,Clear,Lajpat Nagar Market,14,Low,16
u3,Friday,Clouds,Chandni Chowk Market,17,Medium,18
u3,Monday,Clear,Karol Bagh Market,18,Medium,17
u3,Monday,Clear,Lajpat Nagar Market,17,Low,16
u3,Friday,Clear,Karol Bagh Market,16,Medium,17
u3,Sunday,Clouds,Lajpat Nagar Market,16,Medium,15
u3,Monday,Clouds,Karol Bagh Market,17,Medium,17
u3,Tuesday,Drizzle,Lajpat Nagar Market,16,Medium,15
u3,Wednesday,Haze,Karol Bagh Market,17,High,16
u3,Monday,Haze,Chandni Chowk Market,20,Medium,18
u3,Friday,Clear,Karol Bagh Market,19,Medium,17
u3,Tuesday,Clear,Chandni Chowk Market,20,Medium,18
u3,Friday,Fog,Chandni Chowk Market,17,Medium,17
u3,Wednesday,Haze,Chandni Chowk Market,18,Medium,18
u3,Thursday,Clear,Chandni Chowk Market,20,Medium,18
u3,Monday,Clear,Karol Bagh Market,17,Medium,17
u3,Monday,Haze,Lajpat Nagar Market,17,Medium,16
u3,Monday,Haze,Karol Bagh Market,17,Medium,17
u3,Tuesday,Rain,Chandni Chowk Market,19,Medium,17
u3,Wednesday,Clouds,Lajpat Nagar Market,14,Low,16
u3,Wednesday,Clouds,Chandni Chowk Market,17,Medium,18
u3,Saturday,Clear,Chandni Chowk Market,18,Medium,17
u3,Monday,Haze,Karol Bagh Market,16,Medium,17
u3,Wednesday,Clouds,Chandni Chowk Market,18,Medium,18
u3,Thursday,Clouds,Karol Bagh Market,19,Medium,17
u3,Wednesday,Clear,Chandni Chowk Market,18,Medium,18
u3,Thursday,Haze,Karol Bagh Market,16,Medium,17
u3,Wednesday,Clear,Karol Bagh Market,17,Medium,17
u3,Monday,Clouds,Chandni Chowk Market,19,Medium,18
u3,Monday,Clouds,Karol Bagh Market,17,Medium,17
u3,Thursday,Fog,Lajpat Nagar Market,17,Medium,15
u3,Sunday,Fog,Chandni Chowk Market,17,Medium,16
u3,Friday,Clear,Chandni Chowk Market,20,Medium,18
u3,Tuesday,Drizzle,Lajpat Nagar Market,15,Medium,15
u3,Friday,Clouds,Karol Bagh Market,17,Medium,17
u3,Saturday,Clear,Chandni Chowk Market,18,Medium,17
u3,Wednesday,Haze,Lajpat Nagar Market,17,Medium,16
u3,Wednesday,Haze,Chandni Chowk Market,16,Medium,18
u3,Monday,Clouds,Lajpat Nagar Market,18,Low,16
u3,Sunday,Clouds,Karol Bagh Market,15,Medium,16
u3,Monday,Haze,Chandni Chowk Market,18,Medium,18
u3,Tuesday,Clouds,Chandni Chowk Market,18,Medium,18
u3,Tuesday,Haze,Chandni Chowk Market,16,High,17
u3,Friday,Haze,Lajpat Nagar Market,15,Medium,16
u3,Thursday,Rain,Karol Bagh Market,17,Medium,16
u3,Wednesday,Clouds,Karol Bagh Market,16,Medium,17
u3,Monday,Rain,Chandni Chowk Market,19,Medium,17
u3,Thursday,Clear,Lajpat Nagar Market,15,Low,16
u3,Thursday,Haze,Chandni Chowk Market,19,Medium,18
u3,Sunday,Clear,Lajpat Nagar Market,17,Medium,15
u3,Thursday,Clear,Chandni Chowk Market,19,Medium,18
u3,Tuesday,Clouds,Chandni Chowk Market,20,Medium,18
u3,Monday,Clear,Karol Bagh Market,17,Medium,17
u3,Friday,Clouds,Lajpat Nagar Market,18,Low,16
u3,Wednesday,Clouds,Chandni Chowk Market,17,Medium,18
u3,Wednesday,Clear,Chandni Chowk Market,20,Medium,18
u3,Monday,Rain,Karol Bagh Market,17,Medium,16
u3,Friday,Clear,Lajpat Nagar Market,17,Low,16
u3,Monday,Clear,Karol Bagh Market,18,Medium,17
u3,Tuesday,Drizzle,Karol Bagh Market,17,Medium,16
u3,Monday,Clear,Karol Bagh Market,15,Medium,17
u3,Sunday,Clouds,Karol Bagh Market,17,Medium,16
u3,Tuesday,Clear,Chandni Chowk Market,16,Medium,18
u3,Tuesday,Clear,Chandni Chowk Market,16,Medium,18
u3,Friday,Fog,Karol Bagh Market,16,Medium,16
u3,Wednesday,Haze,Karol Bagh Market,15,Medium,17
u3,Friday,Clear,Lajpat Nagar Market,14,Low,16
u3,Monday,Clouds,Lajpat Nagar Market,17,Low,16
u3,Wednesday,Clouds,Karol Bagh Market,15,Medium,17
u3,Sunday,Clouds,Chandni Chowk Market,17,Medium,17
u3,Friday,Clear,Lajpat Nagar Market,18,Low,16
u3,Friday,Clear,Karol Bagh Market,17,Medium,17
u3,Monday,Clear,Chandni Chowk Market,17,Medium,18
u3,Wednesday,Drizzle,Chandni Chowk Market,20,Medium,17
u3,Saturday,Haze,Chandni Chowk Market,19,Medium,17
u3,Thursday,Drizzle,Lajpat Nagar Market,15,Medium,15
u3,Thursday,Clear,Chandni Chowk Market,17,Medium,18
u3,Wednesday,Fog,Lajpat Nagar Market,17,Medium,15
u3,Friday,Rain,Karol Bagh Market,17,Medium,16
u3,Thursday,Clouds,Chandni Chowk Market,18,Medium,18
u3,Tuesday,Clear,Chandni Chowk Market,16,Medium,18
u3,Tuesday,Clouds,Chandni Chowk Market,19,Medium,18
u3,Wednesday,Clear,Chandni Chowk Market,20,Medium,18
u3,Wednesday,Clear,Chandni Chowk Market,19,Medium,18
u3,Tuesday,Clear,Chandni Chowk Market,19,Medium,18
u3,Friday,Fog,Chandni Chowk Market,20,Medium,17
u3,Monday,Clouds,Chandni Chowk Market,19,Medium,18
u3,Saturday,Clouds,Chandni Chowk Market,17,Medium,17
u3,Saturday,Clouds,Lajpat Nagar Market,15,Medium,15
u3,Thursday,Clouds,Lajpat Nagar Market,17,Low,16
u3,Sunday,Clouds,Karol Bagh Market,17,Medium,16
u3,Saturday,Drizzle,Chandni Chowk Market,18,Medium,16
u3,Tuesday,Rain,Karol Bagh Market,16,Medium,16
u3,Monday,Clear,Lajpat Nagar Market,18,Low,16
u3,Friday,Clear,Karol Bagh Market,19,Medium,17
u3,Thursday,Clear,Lajpat Nagar Market,18,Low,16
u3,Sunday,Clouds,Lajpat Nagar Market,14,Medium,15
u3,Thursday,Clouds,Chandni Chowk Market,19,Medium,18
u3,Tuesday,Haze,Karol Bagh Market,19,High,16
u3,Thursday,Haze,Chandni Chowk Market,17,High,17
u3,Wednesday,Clouds,Chandni Chowk Market,16,Medium,18
u3,Monday,Rain,Chandni Chowk Market,18,Medium,17
u3,Monday,Rain,Karol Bagh Market,19,Medium,16
u3,Friday,Clouds,Chandni Chowk Market,17,Medium,18
u3,Sunday,Clouds,Karol Bagh Market,15,Medium,16
u3,Thursday,Clear,Karol Bagh Market,18,Medium,17
u3,Sunday,Clouds,Chandni Chowk Market,18,Medium,17
u3,Friday,Drizzle,Karol Bagh Market,19,Medium,16
u3,Monday,Clear,Lajpat Nagar Market,16,Low,16
u3,Monday,Haze,Karol Bagh Market,17,Medium,17
u3,Wednesday,Clouds,Lajpat Nagar Market,18,Low,16
u3,Tuesday,Fog,Karol Bagh Market,19,Medium,16
u3,Saturday,Clear,Chandni Chowk Market,20,Medium,17
u3,Thursday,Rain,Chandni Chowk Market,17,Medium,17
u3,Friday,Clouds,Karol Bagh Market,16,Medium,17
u3,Thursday,Clouds,Lajpat Nagar Market,16,Low,16
u3,Thursday,Drizzle,Lajpat Nagar Market,16,Medium,15
u3,Friday,Clear,Chandni Chowk Market,18,Medium,18
u3,Wednesday,Clouds,Chandni Chowk Market,20,Medium,18
u3,Wednesday,Haze,Karol Bagh Market,17,Medium,17
u3,Saturday,Rain,Chandni Chowk Market,17,High,15
u3,Monday,Drizzle,Chandni Chowk Market,20,Medium,17
u3,Sunday,Rain,Chandni Chowk Market,20,Medium,16
u3,Monday,Rain,Chandni Chowk Market,16,Medium,17
u3,Saturday,Haze,Karol Bagh Market,16,Medium,16
u3,Sunday,Haze,Chandni Chowk Market,20,Medium,17
u3,Monday,Clouds,Lajpat Nagar Market,15,Low,16
u3,Sunday,Clear,Lajpat Nagar Market,16,Medium,15
u3,Tuesday,Drizzle,Lajpat Nagar Market,18,Medium,15
u3,Tuesday,Clouds,Karol Bagh Market,16,Medium,17
u3,Friday,Clear,Chandni Chowk Market,18,Medium,18
u3,Wednesday,Clear,Chandni Chowk Market,20,Medium,18
u3,Thursday,Clear,Chandni Chowk Market,20,Medium,18
u3,Monday,Clear,Karol Bagh Market,17,Medium,17
u3,Thursday,Rain,Chandni Chowk Market,20,Medium,17
u3,Tuesday,Rain,Karol Bagh Market,19,Medium,16
u3,Wednesday,Clear,Chandni Chowk Market,18,Medium,18
u3,Monday,Clouds,Karol Bagh Market,15,Medium,17
u3,Wednesday,Clouds,Chandni Chowk Market,18,Medium,18
u3,Saturday,Clouds,Lajpat Nagar Market,17,Medium,15
u3,Sunday,Haze,Lajpat Nagar Market,18,Medium,15
u3,Tuesday,Rain,Lajpat Nagar Market,14,Medium,15
u3,Sunday,Clouds,Chandni Chowk Market,19,Medium,17
u3,Sunday,Clouds,Chandni Chowk Market,18,Medium,17
u3,Monday,Haze,Chandni Chowk Market,19,Medium,18
u3,Wednesday,Rain,Lajpat Nagar Market,17,Medium,15
u3,Wednesday,Clear,Karol Bagh Market,19,Medium,17
u3,Wednesday,Clear,Karol Bagh Market,18,Medium,17
u3,Thursday,Rain,Chandni Chowk Market,16,Medium,17
u3,Monday,Clouds,Lajpat Nagar Market,15,Medium,16
u3,Sunday,Clouds,Karol Bagh Market,16,Medium,16
u3,Thursday,Rain,Karol Bagh Market,16,Medium,16
u3,Saturday,Rain,Chandni Chowk Market,18,High,15
u3,Monday,Haze,Chandni Chowk Market,17,Medium,18
u3,Wednesday,Rain,Karol Bagh Market,17,Medium,16
u3,Monday,Clear,Karol Bagh Market,18,Medium,17
u3,Thursday,Clouds,Lajpat Nagar Market,18,Low,16
u3,Saturday,Rain,Karol Bagh Market,17,High,14
u3,Wednesday,Clouds,Chandni Chowk Market,18,Medium,18
u3,Monday,Clear,Chandni Chowk Market,16,Medium,18
u3,Sunday,Clouds,Chandni Chowk Market,18,Medium,17
u3,Thursday,Rain,Lajpat Nagar Market,18,Medium,15
u3,Saturday,Rain,Lajpat Nagar Market,18,Medium,14
u3,Tuesday,Haze,Chandni Chowk Market,18,Medium,18
u3,Tuesday,Clear,Karol Bagh Market,15,Medium,17
u3,Friday,Rain,Chandni Chowk Market,18,High,16
u3,Saturday,Rain,Karol Bagh Market,17,High,14
u3,Friday,Drizzle,Chandni Chowk Market,20,Medium,17
u3,Monday,Fog,Chandni Chowk Market,18,Medium,17
u3,Saturday,Thunderstorm,Chandni Chowk Market,17,High,16
u3,Wednesday,Clouds,Karol Bagh Market,17,Medium,17
u3,Saturday,Fog,Chandni Chowk Market,19,Medium,16
u3,Friday,Clouds,Karol Bagh Market,19,Medium,17
u3,Monday,Drizzle,Chandni Chowk Market,18,Medium,17
u3,Thursday,Clouds,Chandni Chowk Market,19,Medium,18
u3,Saturday,Clear,Chandni Chowk Market,20,Medium,17
u3,Thursday,Clear,Karol Bagh Market,17,Medium,17
u3,Tuesday,Clear,Chandni Chowk Market,19,Medium,18
u3,Wednesday,Haze,Chandni Chowk Market,18,Medium,18
u3,Friday,Clouds,Karol Bagh Market,15,Medium,17
u3,Wednesday,Clear,Lajpat Nagar Market,15,Low,16
u3,Tuesday,Rain,Chandni Chowk Market,17,Medium,17
u3,Sunday,Rain,Chandni Chowk Market,18,High,15
u3,Wednesday,Clear,Chandni Chowk Market,16,Medium,18
u3,Wednesday,Clear,Lajpat Nagar Market,15,Low,16
u3,Tuesday,Clear,Lajpat Nagar Market,15,Low,16
u3,Thursday,Clear,Lajpat Nagar Market,14,Low,16
u3,Monday,Clear,Lajpat Nagar Market,15,Low,16
u3,Friday,Clouds,Karol Bagh Market,18,Medium,17
u3,Wednesday,Haze,Karol Bagh Market,17,Medium,17
u3,Wednesday,Clear,Karol Bagh Market,18,Medium,17
u3,Wednesday,Clouds,Karol Bagh Market,16,Medium,17
u3,Wednesday,Drizzle,Chandni Chowk Market,19,Medium,17
u3,Tuesday,Clouds,Chandni Chowk Market,18,Medium,18
u3,Wednesday,Clear,Lajpat Nagar Market,18,Low,16
u3,Tuesday,Clouds,Chandni Chowk Market,16,Medium,18
u3,Saturday,Rain,Karol Bagh Market,17,High,14
u3,Friday,Rain,Lajpat Nagar Market,14,High,14
u3,Monday,Clear,Chandni Chowk Market,18,Medium,18
u3,Sunday,Rain,Karol Bagh Market,16,High,14
u3,Friday,Clouds,Lajpat Nagar Market,14,Low,16
u3,Monday,Fog,Karol Bagh Market,16,Medium,16
u3,Tuesday,Rain,Chandni Chowk Market,18,Medium,17
u3,Sunday,Drizzle,Karol Bagh Market,18,Medium,15
u3,Tuesday,Clear,Chandni Chowk Market,20,Medium,18
u3,Tuesday,Clouds,Karol Bagh Market,18,Medium,17
u3,Wednesday,Fog,Karol Bagh Market,16,Medium,16
u3,Monday,Thunderstorm,Lajpat Nagar Market,15,Medium,16
u3,Wednesday,Clouds,Karol Bagh Market,19,Medium,17
u3,Sunday,Clouds,Chandni Chowk Market,20,Medium,17
u3,Thursday,Clear,Chandni Chowk Market,20,Medium,18
u3,Monday,Clear,Chandni Chowk Market,20,Medium,18
u3,Wednesday,Fog,Chandni Chowk Market,16,Medium,17
u3,Thursday,Clear,Chandni Chowk Market,16,Medium,18
u3,Wednesday,Haze,Chandni Chowk Market,16,Medium,18
u3,Saturday,Rain,Karol Bagh Market,16,High,14
u3,Thursday,Clear,Chandni Chowk Market,20,Medium,18
u3,Wednesday,Haze,Chandni Chowk Market,16,Medium,18
u3,Monday,Clouds,Lajpat Nagar Market,17,Medium,16
u3,Saturday,Clear,Chandni Chowk Market,18,Medium,17
u3,Saturday,Clouds,Lajpat Nagar Market,14,Medium,15
u3,Thursday,Haze,Chandni Chowk Market,19,High,17
u3,Friday,Clouds,Karol Bagh Market,16,Medium,17
u3,Thursday,Clear,Lajpat Nagar Market,16,Low,16
u3,Wednesday,Clouds,Lajpat Nagar Market,14,Low,16
u3,Monday,Clear,Karol Bagh Market,19,Medium,17
u3,Thursday,Fog,Chandni Chowk Market,19,Medium,17
u3,Friday,Haze,Chandni Chowk Market,19,Medium,18
u3,Thursday,Fog,Chandni Chowk Market,18,Medium,17
u3,Tuesday,Fog,Karol Bagh Market,19,Medium,16
u3,Saturday,Clouds,Lajpat Nagar Market,15,Medium,15
u3,Friday,Rain,Karol Bagh Market,16,Medium,16
u3,Sunday,Clear,Chandni Chowk Market,20,Medium,17
u3,Tuesday,Haze,Karol Bagh Market,18,Medium,17
u3,Tuesday,Clouds,Chandni Chowk Market,18,Medium,18
u3,Saturday,Clear,Chandni Chowk Market,18,Medium,17
u3,Thursday,Haze,Lajpat Nagar Market,14,Medium,16
u3,Monday,Clear,Karol Bagh Market,17,Medium,17
u3,Friday,Clear,Karol Bagh Market,18,Medium,17
u3,Sunday,Haze,Chandni Chowk Market,17,Medium,17
u3,Monday,Fog,Chandni Chowk Market,18,Medium,17
u3,Thursday,Rain,Karol Bagh Market,18,Medium,16
u3,Friday,Drizzle,Chandni Chowk Market,20,Medium,17
u3,Tuesday,Clear,Chandni Chowk Market,16,Medium,18
u3,Friday,Clear,Chandni Chowk Market,20,Medium,18
u3,Tuesday,Clouds,Chandni Chowk Market,19,Medium,18
u3,Monday,Haze,Chandni Chowk Market,18,Medium,18
u3,Saturday,Clear,Lajpat Nagar Market,16,Medium,15
u3,Thursday,Clear,Karol Bagh Market,17,Medium,17
u3,Saturday,Clouds,Lajpat Nagar Market,16,Medium,15
u3,Wednesday,Rain,Karol Bagh Market,15,Medium,16
u3,Tuesday,Haze,Chandni Chowk Market,18,Medium,18
u3,Sunday,Clear,Chandni Chowk Market,16,Medium,17
u3,Monday,Clouds,Lajpat Nagar Market,16,Low,16
u3,Saturday,Clear,Chandni Chowk Market,19,Medium,17
u3,Tuesday,Haze,Chandni Chowk Market,19,Medium,18
u3,Wednesday,Clear,Karol Bagh Market,17,Medium,17
u3,Thursday,Clouds,Karol Bagh Market,16,Medium,17
u3,Friday,Fog,Chandni Chowk Market,19,Medium,17
u3,Thursday,Clear,Chandni Chowk Market,18,Medium,18
u3,Wednesday,Haze,Karol Bagh Market,16,Medium,17
u3,Monday,Clear,Karol Bagh Market,17,Medium,17
u3,Sunday,Clouds,Chandni Chowk Market,20,Medium,17
u3,Thursday,Clouds,Chandni Chowk Market,18,Medium,18
u3,Tuesday,Fog,Chandni Chowk Market,20,Medium,17
u3,Tuesday,Drizzle,Chandni Chowk Market,19,Medium,17
u3,Monday,Rain,Chandni Chowk Market,17,Medium,17
u3,Thursday,Clear,Karol Bagh Market,18,Medium,17
u3,Tuesday,Clouds,Karol Bagh Market,15,Medium,17
u3,Saturday,Clouds,Lajpat Nagar Market,15,Medium,15
u3,Tuesday,Haze,Chandni Chowk Market,17,Medium,18
u3,Sunday,Haze,Chandni Chowk Market,16,Medium,17
u3,Friday,Drizzle,Karol Bagh Market,15,Medium,16
u3,Thursday,Clear,Chandni Chowk Market,19,Medium,18
u3,Wednesday,Clear,Chandni Chowk Market,19,Medium,18
u3,Tuesday,Clouds,Chandni Chowk Market,18,Medium,18
u3,Sunday,Clouds,Chandni Chowk Market,17,Medium,17
u3,Tuesday,Fog,Chandni Chowk Market,20,Medium,17
u3,Tuesday,Clouds,Lajpat Nagar Market,17,Low,16
u3,Friday,Clear,Lajpat Nagar Market,16,Low,16
u3,Friday,Clear,Chandni Chowk Market,17,Medium,18
u3,Saturday,Fog,Chandni Chowk Market,16,Medium,16
u3,Sunday,Haze,Karol Bagh Market,19,Medium,16
u3,Thursday,Fog,Karol Bagh Market,19,Medium,16
u3,Monday,Clear,Chandni Chowk Market,16,Medium,18
u3,Tuesday,Clouds,Chandni Chowk Market,18,Medium,18
u3,Thursday,Clear,Chandni Chowk Market,16,Medium,18
u3,Wednesday,Haze,Karol Bagh Market,19,Medium,17
u3,Tuesday,Clouds,Lajpat Nagar Market,14,Low,16
u3,Thursday,Clouds,Karol Bagh Market,17,Medium,17
u3,Tuesday,Drizzle,Chandni Chowk Market,19,Medium,17
u3,Monday,Clear,Chandni Chowk Market,19,Medium,18
u3,Wednesday,Fog,Lajpat Nagar Market,16,Medium,15
u3,Tuesday,Clouds,Lajpat Nagar Market,17,Low,16
u3,Wednesday,Rain,Lajpat Nagar Market,15,Medium,15
u3,Thursday,Clouds,Karol Bagh Market,18,Medium,17
u3,Saturday,Clear,Chandni Chowk Market,17,Medium,17
u3,Monday,Clear,Karol Bagh Market,15,Medium,17
u3,Tuesday,Clouds,Karol Bagh Market,17,Medium,17
u3,Wednesday,Clear,Chandni Chowk Market,16,Medium,18
u3,Tuesday,Haze,Chandni Chowk Market,18,Medium,18
u3,Saturday,Clouds,Karol Bagh Market,17,Medium,16
u3,Friday,Clear,Lajpat Nagar Market,18,Low,16
u3,Tuesday,Rain,Lajpat Nagar Market,16,Medium,15
u3,Saturday,Rain,Lajpat Nagar Market,16,Medium,14
u3,Sunday,Haze,Chandni Chowk Market,17,Medium,17
u3,Wednesday,Drizzle,Karol Bagh Market,16,High,15
u3,Wednesday,Haze,Karol Bagh Market,15,Medium,17
u3,Monday,Clear,Lajpat Nagar Market,15,Low,16
u3,Monday,Clear,Lajpat Nagar Market,14,Low,16
u3,Sunday,Clouds,Chandni Chowk Market,19,Medium,17
u3,Thursday,Clouds,Chandni Chowk Market,18,Medium,18
u3,Friday,Clear,Chandni Chowk Market,18,Medium,18
u3,Sunday,Clear,Karol Bagh Market,17,Medium,16
u3,Saturday,Haze,Chandni Chowk Market,16,Medium,17
u3,Sunday,Clear,Lajpat Nagar Market,16,Medium,15
u3,Saturday,Fog,Karol Bagh Market,15,Medium,15
u3,Wednesday,Clear,Lajpat Nagar Market,14,Low,16
u3,Sunday,Clear,Chandni Chowk Market,16,Medium,17
u3,Sunday,Drizzle,Karol Bagh Market,19,Medium,15
u3,Wednesday,Clear,Karol Bagh Market,16,Medium,17
u3,Sunday,Clouds,Karol Bagh Market,17,Medium,16
u3,Sunday,Clear,Chandni Chowk Market,18,Medium,17
u3,Wednesday,Haze,Chandni Chowk Market,18,Medium,18
u3,Wednesday,Clouds,Karol Bagh Market,19,Medium,17
u3,Friday,Haze,Lajpat Nagar Market,16,Medium,16
u3,Wednesday,Clear,Chandni Chowk Market,18,Medium,18
u3,Thursday,Haze,Karol Bagh Market,15,Medium,17
u3,Wednesday,Clouds,Chandni Chowk Market,20,Medium,18
u3,Monday,Haze,Chandni Chowk Market,17,Medium,18
u3,Wednesday,Thunderstorm,Chandni Chowk Market,18,Medium,18
u3,Wednesday,Clear,Lajpat Nagar Market,17,Low,16
u3,Monday,Rain,Lajpat Nagar Market,15,Medium,15
u3,Friday,Clouds,Chandni Chowk Market,19,Medium,18
u3,Saturday,Clouds,Chandni Chowk Market,18,Medium,17
u3,Sunday,Rain,Karol Bagh Market,15,High,14
u3,Friday,Fog,Karol Bagh Market,17,Medium,16
u3,Thursday,Drizzle,Karol Bagh Market,18,Medium,16
u3,Thursday,Clear,Karol Bagh Market,16,Medium,17
u3,Saturday,Clear,Karol Bagh Market,17,Medium,16
u3,Friday,Clear,Chandni Chowk Market,17,Medium,18
u3,Wednesday,Rain,Chandni Chowk Market,17,Medium,17
u3,Sunday,Clouds,Chandni Chowk Market,19,Medium,17
u3,Thursday,Clear,Chandni Chowk Market,18,Medium,18
u3,Tuesday,Clouds,Chandni Chowk Market,16,Medium,18
u3,Sunday,Rain,Chandni Chowk Market,20,High,15
u3,Friday,Clear,Chandni Chowk Market,16,Medium,18
u3,Thursday,Fog,Karol Bagh Market,18,Medium,16
u3,Friday,Clear,Karol Bagh Market,19,Medium,17
u3,Monday,Haze,Lajpat Nagar Market,16,Medium,16
u3,Thursday,Clouds,Lajpat Nagar Market,16,Low,16
u3,Tuesday,Haze,Chandni Chowk Market,17,Medium,18
u3,Wednesday,Rain,Chandni Chowk Market,18,Medium,17
u3,Thursday,Clear,Chandni Chowk Market,18,Medium,18
u3,Wednesday,Clear,Lajpat Nagar Market,17,Low,16
u3,Sunday,Clouds,Chandni Chowk Market,20,Medium,17
u3,Monday,Clear,Karol Bagh Market,19,Medium,17
u3,Tuesday,Fog,Chandni Chowk Market,18,Medium,17
u3,Tuesday,Clouds,Chandni Chowk Market,16,Medium,18
u3,Saturday,Haze,Karol Bagh Market,17,Medium,16
u3,Wednesday,Clear,Chandni Chowk Market,17,Medium,18
u3,Sunday,Clear,Chandni Chowk Market,20,Medium,17
u3,Monday,Clouds,Chandni Chowk Market,18,Medium,18
u3,Thursday,Clouds,Lajpat Nagar Market,17,Low,16
u3,Thursday,Clear,Karol Bagh Market,17,Medium,17
u3,Sunday,Clear,Chandni Chowk Market,17,Medium,17
u3,Thursday,Clear,Chandni Chowk Market,17,Medium,18
u3,Thursday,Clear,Chandni Chowk Market,18,Medium,18
u3,Monday,Clouds,Chandni Chowk Market,18,Medium,18
u3,Thursday,Fog,Lajpat Nagar Market,15,Medium,15
u3,Thursday,Fog,Lajpat Nagar Market,15,Medium,15
u3,Friday,Haze,Karol Bagh Market,17,Medium,17
u3,Thursday,Clouds,Chandni Chowk Market,17,Medium,18
u3,Sunday,Haze,Karol Bagh Market,19,Medium,16
u3,Friday,Clear,Chandni Chowk Market,18,Medium,18
u3,Thursday,Clouds,Chandni Chowk Market,17,Medium,18
u3,Thursday,Clear,Chandni Chowk Market,18,Medium,18
u3,Wednesday,Clouds,Karol Bagh Market,17,Medium,17
u3,Monday,Haze,Karol Bagh Market,17,Medium,17
u3,Friday,Haze,Chandni Chowk Market,20,Medium,18
u3,Saturday,Drizzle,Chandni Chowk Market,19,High,15
u3,Thursday,Haze,Karol Bagh Market,18,Medium,17
u3,Wednesday,Clear,Chandni Chowk Market,18,Medium,18
u3,Wednesday,Rain,Chandni Chowk Market,20,Medium,17
u3,Saturday,Drizzle,Chandni Chowk Market,19,Medium,16
u3,Monday,Haze,Karol Bagh Market,16,Medium,17
u3,Tuesday,Rain,Karol Bagh Market,19,Medium,16
u3,Thursday,Clouds,Lajpat Nagar Market,17,Medium,16
u3,Monday,Clear,Lajpat Nagar Market,16,Low,16
u3,Thursday,Rain,Chandni Chowk Market,18,Medium,17
u3,Wednesday,Clear,Chandni Chowk Market,17,Medium,18
u3,Friday,Drizzle,Chandni Chowk Market,20,Medium,17
u3,Tuesday,Rain,Karol Bagh Market,18,Medium,16
u3,Saturday,Clouds,Lajpat Nagar Market,18,Medium,15
u3,Tuesday,Rain,Chandni Chowk Market,20,Medium,17
u3,Monday,Clear,Lajpat Nagar Market,15,Low,16
u3,Monday,Haze,Lajpat Nagar Market,15,Medium,16
u3,Wednesday,Drizzle,Lajpat Nagar Market,14,Medium,15
u3,Monday,Rain,Karol Bagh Market,15,Medium,16
u3,Tuesday,Drizzle,Karol Bagh Market,17,Medium,16
u3,Wednesday,Clear,Lajpat Nagar Market,16,Low,16
u3,Tuesday,Clouds,Karol Bagh Market,19,Medium,17
u3,Monday,Haze,Chandni Chowk Market,17,Medium,18
u3,Wednesday,Clouds,Chandni Chowk Market,18,Medium,18
u3,Tuesday,Clear,Lajpat Nagar Market,18,Low,16
u3,Wednesday,Clear,Chandni Chowk Market,18,Medium,18
u3,Wednesday,Clear,Lajpat Nagar Market,16,Low,16
u3,Thursday,Rain,Karol Bagh Market,17,Medium,16
u3,Tuesday,Clouds,Chandni Chowk Market,20,Medium,18
u3,Sunday,Rain,Lajpat Nagar Market,16,Medium,14
u3,Tuesday,Rain,Chandni Chowk Market,18,Medium,17
u3,Wednesday,Clouds,Karol Bagh Market,17,Medium,17
u3,Saturday,Clouds,Karol Bagh Market,16,Medium,16
u3,Tuesday,Clear,Karol Bagh Market,17,Medium,17
u3,Saturday,Clear,Chandni Chowk Market,17,Medium,17
u3,Sunday,Clear,Lajpat Nagar Market,14,Medium,15
u3,Friday,Drizzle,Karol Bagh Market,17,Medium,16
u3,Monday,Rain,Lajpat Nagar Market,14,Medium,15
u3,Tuesday,Haze,Karol Bagh Market,19,Medium,17
u3,Thursday,Clear,Karol Bagh Market,17,Medium,17
u3,Monday,Clear,Karol Bagh Market,15,Medium,17
u3,Friday,Haze,Chandni Chowk Market,18,Medium,18
u3,Tuesday,Rain,Chandni Chowk Market,20,Medium,17
u3,Tuesday,Haze,Chandni Chowk Market,18,Medium,18
u3,Sunday,Fog,Chandni Chowk Market,20,Medium,16
u3,Monday,Clouds,Chandni Chowk Market,17,Medium,18
u3,Tuesday,Clear,Karol Bagh Market,18,Medium,17
u3,Wednesday,Clear,Chandni Chowk Market,20,Medium,18
u3,Tuesday,Rain,Karol Bagh Market,17,Medium,16
u3,Friday,Clear,Karol Bagh Market,17,Medium,17
u3,Sunday,Clear,Chandni Chowk Market,19,Medium,17
u3,Wednesday,Clouds,Karol Bagh Market,19,Medium,17
u3,Thursday,Clouds,Karol Bagh Market,16,Medium,17
u3,Tuesday,Clear,Karol Bagh Market,17,Medium,17
u3,Friday,Clouds,Karol Bagh Market,16,Medium,17
u3,Sunday,Clouds,Chandni Chowk Market,17,Medium,17
u3,Wednesday,Haze,Karol Bagh Market,18,Medium,17
u3,Saturday,Clouds,Chandni Chowk Market,19,Medium,17
u3,Friday,Clouds,Chandni Chowk Market,18,Medium,18
u3,Wednesday,Haze,Karol Bagh Market,15,Medium,17
u3,Thursday,Clear,Chandni Chowk Market,16,Medium,18
u3,Saturday,Clouds,Lajpat Nagar Market,16,Medium,15
u3,Monday,Clear,Chandni Chowk Market,16,Medium,18
u3,Monday,Clouds,Chandni Chowk Market,18,Medium,18
u3,Wednesday,Drizzle,Karol Bagh Market,16,Medium,16
u3,Wednesday,Drizzle,Chandni Chowk Market,17,Medium,17
u3,Thursday,Clear,Karol Bagh Market,15,Medium,17
u3,Friday,Clear,Lajpat Nagar Market,17,Medium,16
u3,Friday,Fog,Chandni Chowk Market,17,Medium,17
u3,Wednesday,Haze,Karol Bagh Market,17,Medium,17
u3,Thursday,Fog,Karol Bagh Market,17,Medium,16
u3,Monday,Clear,Chandni Chowk Market,17,Medium,18
u3,Sunday,Rain,Lajpat Nagar Market,18,Medium,14
u3,Wednesday,Drizzle,Lajpat Nagar Market,16,Medium,15
u3,Tuesday,Haze,Chandni Chowk Market,18,Medium,18
u3,Friday,Clouds,Chandni Chowk Market,17,Medium,18
u3,Friday,Fog,Karol Bagh Market,16,Medium,16
u3,Thursday,Clouds,Lajpat Nagar Market,16,Low,16
u3,Thursday,Clouds,Karol Bagh Market,18,Medium,17
u3,Thursday,Thunderstorm,Chandni Chowk Market,17,Medium,18
u3,Friday,Clear,Karol Bagh Market,18,Medium,17
u3,Tuesday,Clouds,Chandni Chowk Market,19,Medium,18
u3,Monday,Drizzle,Chandni Chowk Market,18,Medium,17
u3,Saturday,Clear,Lajpat Nagar Market,14,Medium,15
u3,Saturday,Clouds,Chandni Chowk Market,18,Medium,17
u3,Thursday,Clouds,Lajpat Nagar Market,16,Low,16
u3,Sunday,Clear,Karol Bagh Market,16,Medium,16
u3,Friday,Clear,Lajpat Nagar Market,15,Low,16
u3,Friday,Rain,Chandni Chowk Market,18,Medium,17
u3,Friday,Rain,Karol Bagh Market,17,Medium,16
u3,Thursday,Haze,Chandni Chowk Market,19,Medium,18
u3,Sunday,Clouds,Karol Bagh Market,19,Medium,16
u3,Wednesday,Rain,Lajpat Nagar Market,16,High,14
u3,Monday,Clouds,Karol Bagh Market,17,Medium,17
u3,Monday,Fog,Chandni Chowk Market,18,Medium,17
u3,Monday,Clouds,Chandni Chowk Market,18,Medium,18
u3,Wednesday,Clear,Chandni Chowk Market,18,Medium,18
u3,Monday,Clear,Karol Bagh Market,17,Medium,17
u3,Tuesday,Clear,Chandni Chowk Market,18,Medium,18
u3,Thursday,Clear,Karol Bagh Market,17,Medium,17
u3,Sunday,Clouds,Karol Bagh Market,17,Medium,16
u3,Thursday,Clouds,Karol Bagh Market,17,Medium,17
u3,Thursday,Clear,Chandni Chowk Market,20,Medium,18
u3,Friday,Clouds,Karol Bagh Market,15,Medium,17
u3,Tuesday,Haze,Karol Bagh Market,17,Medium,17
u3,Tuesday,Fog,Chandni Chowk Market,20,Medium,17
u3,Wednesday,Haze,Chandni Chowk Market,17,Medium,18
u3,Saturday,Rain,Karol Bagh Market,18,High,14
u3,Tuesday,Clear,Chandni Chowk Market,17,Medium,18
u3,Thursday,Fog,Karol Bagh Market,17,Medium,16
u3,Tuesday,Thunderstorm,Lajpat Nagar Market,14,Medium,16
u3,Thursday,Drizzle,Lajpat Nagar Market,15,Medium,15
u3,Thursday,Fog,Chandni Chowk Market,18,Medium,17
u3,Thursday,Clear,Karol Bagh Market,18,Medium,17
u3,Sunday,Clear,Lajpat Nagar Market,17,Medium,15
u3,Sunday,Fog,Chandni Chowk Market,17,Medium,16
u3,Saturday,Rain,Chandni Chowk Market,18,High,15
u3,Thursday,Clear,Chandni Chowk Market,18,Medium,18
u3,Thursday,Clouds,Chandni Chowk Market,18,Medium,18
u3,Monday,Clear,Lajpat Nagar Market,15,Low,16
u3,Thursday,Clear,Chandni Chowk Market,17,Medium,18
u3,Thursday,Fog,Karol Bagh Market,17,Medium,16
u3,Thursday,Clouds,Chandni Chowk Market,20,Medium,18
u3,Friday,Drizzle,Lajpat Nagar Market,16,Medium,15
u3,Monday,Clouds,Chandni Chowk Market,18,Medium,18
u3,Thursday,Clear,Karol Bagh Market,15,Medium,17
u3,Tuesday,Clear,Karol Bagh Market,17,Medium,17
u3,Sunday,Clear,Karol Bagh Market,19,Medium,16
u3,Monday,Clouds,Chandni Chowk Market,18,Medium,18
u3,Tuesday,Clouds,Chandni Chowk Market,18,Medium,18
u3,Monday,Fog,Chandni Chowk Market,20,Medium,17
u3,Tuesday,Rain,Chandni Chowk Market,17,Medium,17
u3,Friday,Clear,Lajpat Nagar Market,17,Low,16
u3,Tuesday,Clear,Lajpat Nagar Market,17,Low,16
u3,Tuesday,Haze,Karol Bagh Market,18,Medium,17
u3,Tuesday,Haze,Chandni Chowk Market,16,Medium,18
u3,Tuesday,Fog,Karol Bagh Market,17,Medium,16
u3,Tuesday,Clouds,Lajpat Nagar Market,18,Low,16
u3,Monday,Clear,Karol Bagh Market,17,Medium,17
u3,Saturday,Rain,Karol Bagh Market,16,Medium,15
u3,Wednesday,Clouds,Karol Bagh Market,15,Medium,17
u3,Thursday,Haze,Lajpat Nagar Market,17,Medium,16
u3,Thursday,Rain,Chandni Chowk Market,18,Medium,17
u3,Friday,Clouds,Chandni Chowk Market,18,Medium,18
u3,Sunday,Fog,Chandni Chowk Market,16,Medium,16
u3,Tuesday,Rain,Chandni Chowk Market,20,Medium,17
u3,Thursday,Clouds,Karol Bagh Market,16,Medium,17
u3,Thursday,Clear,Chandni Chowk Market,20,Medium,18
u3,Saturday,Haze,Lajpat Nagar Market,17,Medium,15
u3,Wednesday,Rain,Chandni Chowk Market,20,Medium,17
u3,Friday,Haze,Karol Bagh Market,15,Medium,17
u3,Friday,Clear,Chandni Chowk Market,19,Medium,18
u3,Friday,Clouds,Chandni Chowk Market,18,Medium,18
u3,Monday,Clouds,Karol Bagh Market,16,Medium,17
u3,Tuesday,Clear,Chandni Chowk Market,19,Medium,18
u3,Wednesday,Clear,Chandni Chowk Market,17,Medium,18
u3,Tuesday,Clouds,Chandni Chowk Market,17,Medium,18
u3,Wednesday,Clear,Lajpat Nagar Market,18,Low,16
u3,Thursday,Clear,Karol Bagh Market,17,Medium,17
u3,Thursday,Drizzle,Chandni Chowk Market,18,Medium,17
u3,Tuesday,Haze,Karol Bagh Market,15,Medium,17
u3,Wednesday,Haze,Karol Bagh Market,18,Medium,17
u3,Friday,Clouds,Chandni Chowk Market,17,Medium,18
u3,Monday,Clear,Lajpat Nagar Market,16,Low,16
u3,Monday,Fog,Lajpat Nagar Market,15,Medium,15
u3,Thursday,Fog,Chandni Chowk Market,16,Medium,17
u3,Thursday,Clear,Chandni Chowk Market,17,Medium,18
u3,Tuesday,Haze,Karol Bagh Market,16,Medium,17
u3,Wednesday,Clear,Chandni Chowk Market,20,Medium,18
u3,Monday,Clear,Karol Bagh Market,15,Medium,17
u3,Thursday,Haze,Karol Bagh Market,17,Medium,17
u3,Wednesday,Clear,Lajpat Nagar Market,14,Low,16
u3,Sunday,Clear,Chandni Chowk Market,20,Medium,17
u3,Saturday,Clouds,Karol Bagh Market,16,Medium,16
u3,Thursday,Clear,Chandni Chowk Market,18,Medium,18
u3,Thursday,Clouds,Karol Bagh Market,16,Medium,17
u3,Tuesday,Rain,Lajpat Nagar Market,16,Medium,15
u3,Sunday,Rain,Karol Bagh Market,19,High,14
u3,Saturday,Clear,Chandni Chowk Market,18,Medium,17
u3,Tuesday,Rain,Chandni Chowk Market,16,Medium,17
u3,Thursday,Fog,Chandni Chowk Market,18,Medium,17
u3,Thursday,Fog,Karol Bagh Market,19,Medium,16
u3,Wednesday,Clear,Karol Bagh Market,18,Medium,17
u3,Tuesday,Haze,Lajpat Nagar Market,16,Medium,16
u3,Friday,Clear,Chandni Chowk Market,19,Medium,18
u3,Saturday,Clouds,Chandni Chowk Market,18,Medium,17
u3,Tuesday,Clouds,Chandni Chowk Market,18,Medium,18
u3,Wednesday,Clear,Lajpat Nagar Market,15,Low,16
u3,Saturday,Clear,Chandni Chowk Market,20,Medium,17
u3,Friday,Drizzle,Karol Bagh Market,15,Medium,16
u3,Tuesday,Clear,Karol Bagh Market,15,Medium,17
u3,Tuesday,Clear,Karol Bagh Market,17,Medium,17
u3,Thursday,Clear,Chandni Chowk Market,17,Medium,18
u3,Friday,Drizzle,Chandni Chowk Market,16,Medium,17
u3,Friday,Clouds,Chandni Chowk Market,16,Medium,18
u3,Monday,Clear,Chandni Chowk Market,20,Medium,18
u3,Thursday,Clouds,Chandni Chowk Market,20,Medium,18
u3,Tuesday,Clear,Karol Bagh Market,16,Medium,17
u3,Tuesday,Clear,Chandni Chowk Market,16,Medium,18
u3,Tuesday,Rain,Karol Bagh Market,18,Medium,16
u3,Thursday,Clear,Chandni Chowk Market,19,Medium,18
u3,Friday,Haze,Karol Bagh Market,18,Medium,17
u3,Tuesday,Clear,Lajpat Nagar Market,16,Low,16
u3,Sunday,Clouds,Karol Bagh Market,16,Medium,16
u3,Saturday,Clouds,Karol Bagh Market,15,Medium,16
u3,Wednesday,Clouds,Chandni Chowk Market,20,Medium,18
u3,Thursday,Rain,Chandni Chowk Market,18,Medium,17
u3,Thursday,Drizzle,Karol Bagh Market,17,Medium,16
u3,Thursday,Haze,Karol Bagh Market,17,Medium,17
u3,Wednesday,Clouds,Chandni Chowk Market,17,Medium,18
u3,Sunday,Clear,Karol Bagh Market,15,Medium,16
u3,Thursday,Rain,Chandni Chowk Market,18,Medium,17
u3,Saturday,Clear,Chandni Chowk Market,17,Medium,17
u3,Tuesday,Clear,Chandni Chowk Market,18,Medium,18
u3,Friday,Haze,Chandni Chowk Market,19,Medium,18
u3,Tuesday,Clear,Chandni Chowk Market,19,Medium,18
u3,Wednesday,Clouds,Karol Bagh Market,16,Medium,17
u3,Tuesday,Fog,Chandni Chowk Market,16,Medium,17
u3,Tuesday,Haze,Chandni Chowk Market,19,Medium,18
u3,Thursday,Haze,Karol Bagh Market,18,Medium,17
u3,Wednesday,Clear,Chandni Chowk Market,18,Medium,18
u3,Tuesday,Clear,Lajpat Nagar Market,18,Medium,16
u3,Wednesday,Haze,Karol Bagh Market,16,Medium,17
u3,Friday,Clear,Lajpat Nagar Market,18,Low,16
u3,Tuesday,Clear,Chandni Chowk Market,18,Medium,18
u3,Tuesday,Clouds,Karol Bagh Market,18,Medium,17
u3,Thursday,Clouds,Chandni Chowk Market,18,Medium,18
u3,Wednesday,Haze,Chandni Chowk Market,19,Medium,18
u3,Sunday,Rain,Karol Bagh Market,16,High,14
u3,Friday,Fog,Chandni Chowk Market,20,Medium,17
u3,Tuesday,Clear,Karol Bagh Market,15,Medium,17
u3,Wednesday,Thunderstorm,Chandni Chowk Market,16,Medium,18
u3,Tuesday,Clouds,Lajpat Nagar Market,17,Low,16
u3,Monday,Haze,Chandni Chowk Market,18,Medium,18
u3,Wednesday,Clouds,Chandni Chowk Market,20,Medium,18
u3,Thursday,Haze,Lajpat Nagar Market,15,Medium,16
u3,Thursday,Fog,Lajpat Nagar Market,14,Medium,15
u3,Wednesday,Rain,Lajpat Nagar Market,17,Medium,15
u3,Wednesday,Clouds,Chandni Chowk Market,18,Medium,18
u3,Saturday,Clear,Chandni Chowk Market,18,Medium,17
u3,Wednesday,Clouds,Lajpat Nagar Market,18,Low,16
u3,Friday,Clouds,Karol Bagh Market,17,Medium,17
u3,Wednesday,Clouds,Karol Bagh Market,15,Medium,17
u3,Monday,Clouds,Chandni Chowk Market,19,Medium,18
u3,Sunday,Clouds,Chandni Chowk Market,16,Medium,17
u3,Friday,Clouds,Karol Bagh Market,16,Medium,17
u3,Saturday,Clouds,Chandni Chowk Market,18,Medium,17
u3,Wednesday,Haze,Karol Bagh Market,18,Medium,17
u3,Thursday,Clear,Karol Bagh Market,16,Medium,17
u3,Wednesday,Drizzle,Chandni Chowk Market,20,Medium,17
u3,Friday,Haze,Chandni Chowk Market,20,Medium,18
u3,Friday,Fog,Chandni Chowk Market,20,Medium,17
u3,Sunday,Clear,Karol Bagh Market,17,Medium,16
u3,Thursday,Clouds,Chandni Chowk Market,18,Medium,18
u3,Monday,Clouds,Lajpat Nagar Market,17,Low,16
u3,Tuesday,Haze,Karol Bagh Market,15,Medium,17
u3,Monday,Haze,Lajpat Nagar Market,16,Medium,16
u3,Sunday,Clear,Chandni Chowk Market,20,Medium,17
u3,Thursday,Clouds,Karol Bagh Market,15,Medium,17
u3,Friday,Clear,Chandni Chowk Market,18,Medium,18
u3,Friday,Clear,Chandni Chowk Market,17,Medium,18
u3,Thursday,Clear,Chandni Chowk Market,20,Medium,18
u3,Wednesday,Clear,Lajpat Nagar Market,14,Low,16
u3,Wednesday,Haze,Karol Bagh Market,17,Medium,17
u3,Friday,Clouds,Lajpat Nagar Market,18,Low,16
u3,Tuesday,Drizzle,Lajpat Nagar Market,16,Medium,15
u3,Friday,Fog,Chandni Chowk Market,16,Medium,17
u3,Wednesday,Clear,Lajpat Nagar Market,15,Low,16
u3,Tuesday,Clear,Chandni Chowk Market,16,Medium,18
u3,Thursday,Clouds,Chandni Chowk Market,16,Medium,18
u3,Tuesday,Clear,Karol Bagh Market,19,Medium,17
u3,Wednesday,Clear,Karol Bagh Market,17,Medium,17
u3,Monday,Clouds,Karol Bagh Market,19,Medium,17
u3,Saturday,Clear,Chandni Chowk Market,19,Medium,17
u3,Monday,Rain,Chandni Chowk Market,17,Medium,17
u3,Sunday,Fog,Karol Bagh Market,18,Medium,15
u3,Monday,Clouds,Chandni Chowk Market,18,Medium,18
u3,Wednesday,Drizzle,Chandni Chowk Market,18,High,16
u3,Monday,Clear,Lajpat Nagar Market,16,Low,16
u3,Wednesday,Clear,Chandni Chowk Market,19,Medium,18
u3,Wednesday,Clouds,Karol Bagh Market,17,Medium,17
u3,Friday,Clouds,Karol Bagh Market,19,Medium,17
u3,Monday,Clouds,Lajpat Nagar Market,14,Low,16
u3,Wednesday,Clouds,Chandni Chowk Market,18,Medium,18
u3,Wednesday,Clear,Chandni Chowk Market,16,Medium,18
u3,Monday,Rain,Lajpat Nagar Market,14,Medium,15
u3,Wednesday,Clear,Chandni Chowk Market,20,Medium,18
u3,Friday,Clear,Chandni Chowk Market,17,Medium,18
u3,Wednesday,Drizzle,Chandni Chowk Market,18,Medium,17
u3,Friday,Haze,Chandni Chowk Market,16,Medium,18
u3,Wednesday,Clear,Chandni Chowk Market,19,Medium,18
u3,Sunday,Haze,Chandni Chowk Market,18,Medium,17
u3,Friday,Clouds,Karol Bagh Market,16,Medium,17
u3,Friday,Clouds,Chandni Chowk Market,17,Medium,18
u3,Tuesday,Clear,Karol Bagh Market,15,Medium,17
u3,Wednesday,Clouds,Chandni Chowk Market,16,Medium,18
u3,Monday,Haze,Lajpat Nagar Market,18,Medium,16
u3,Friday,Rain,Lajpat Nagar Market,16,Medium,15
u3,Wednesday,Clouds,Chandni Chowk Market,20,Medium,18
u3,Saturday,Clear,Chandni Chowk Market,18,Medium,17
u3,Saturday,Clear,Karol Bagh Market,19,Medium,16
u3,Monday,Clouds,Chandni Chowk Market,20,Medium,18
u3,Friday,Rain,Chandni Chowk Market,18,Medium,17
u3,Wednesday,Clear,Lajpat Nagar Market,15,Low,16
u3,Tuesday,Clear,Lajpat Nagar Market,16,Low,16
u3,Tuesday,Haze,Karol Bagh Market,18,Medium,17
u3,Thursday,Clouds,Chandni Chowk Market,18,Medium,18
u3,Wednesday,Haze,Chandni Chowk Market,16,Medium,18
u3,Wednesday,Haze,Karol Bagh Market,17,Medium,17
u3,Saturday,Haze,Lajpat Nagar Market,14,Medium,15
u3,Thursday,Clear,Chandni Chowk Market,17,Medium,18
u3,Saturday,Clear,Karol Bagh Market,17,Medium,16
u3,Friday,Drizzle,Chandni Chowk Market,19,Medium,17
u3,Tuesday,Clouds,Chandni Chowk Market,19,Medium,18
u3,Saturday,Clouds,Chandni Chowk Market,16,Medium,17
u3,Friday,Clear,Karol Bagh Market,18,Medium,17
u3,Saturday,Rain,Lajpat Nagar Market,18,Medium,14
u3,Friday,Haze,Chandni Chowk Market,20,Medium,18
u3,Saturday,Clouds,Chandni Chowk Market,18,Medium,17
u3,Friday,Clouds,Chandni Chowk Market,18,Medium,18
u3,Monday,Clouds,Karol Bagh Market,15,Medium,17
u3,Thursday,Clouds,Lajpat Nagar Market,15,Low,16
u3,Sunday,Clear,Lajpat Nagar Market,17,Medium,15
u3,Tuesday,Clouds,Chandni Chowk Market,19,Medium,18
u3,Thursday,Clouds,Lajpat Nagar Market,14,Low,16
u3,Friday,Clouds,Chandni Chowk Market,18,Medium,18
u3,Monday,Fog,Chandni Chowk Market,19,Medium,17
u3,Wednesday,Clear,Chandni Chowk Market,20,Medium,18
u3,Saturday,Fog,Chandni Chowk Market,16,Medium,16
u3,Wednesday,Clear,Chandni Chowk Market,17,Medium,18
u3,Tuesday,Rain,Karol Bagh Market,17,Medium,16
u3,Wednesday,Clouds,Chandni Chowk Market,20,Medium,18
u3,Monday,Thunderstorm,Chandni Chowk Market,18,Medium,18
u3,Tuesday,Clear,Lajpat Nagar Market,17,Low,16
u3,Monday,Clouds,Chandni Chowk Market,16,Medium,18
u3,Saturday,Drizzle,Chandni Chowk Market,17,Medium,16
u3,Thursday,Clear,Chandni Chowk Market,18,Medium,18
u3,Sunday,Haze,Lajpat Nagar Market,18,Medium,15
u3,Monday,Clouds,Chandni Chowk Market,20,Medium,18
u3,Wednesday,Clear,Chandni Chowk Market,19,Medium,18
u3,Thursday,Clouds,Karol Bagh Market,18,Medium,17
u3,Monday,Clouds,Karol Bagh Market,19,Medium,17
u3,Tuesday,Fog,Chandni Chowk Market,19,Medium,17
u3,Thursday,Clouds,Chandni Chowk Market,18,Medium,18
u3,Wednesday,Clear,Chandni Chowk Market,18,Medium,18
u3,Monday,Clouds,Chandni Chowk Market,19,Medium,18
u3,Sunday,Clear,Chandni Chowk Market,16,Medium,17
u3,Sunday,Fog,Lajpat Nagar Market,16,Medium,14
u3,Friday,Rain,Lajpat Nagar Market,17,Medium,15
u3,Wednesday,Clear,Karol Bagh Market,15,Medium,17
u3,Tuesday,Fog,Chandni Chowk Market,18,Medium,17
u3,Wednesday,Rain,Chandni Chowk Market,19,Medium,17
u3,Saturday,Clouds,Lajpat Nagar Market,16,Medium,15
u3,Friday,Clouds,Lajpat Nagar Market,16,Low,16
u3,Tuesday,Clear,Karol Bagh Market,17,Medium,17
u3,Wednesday,Clouds,Chandni Chowk Market,18,Medium,18
u3,Saturday,Clouds,Lajpat Nagar Market,16,Medium,15
u3,Thursday,Clouds,Karol Bagh Market,19,Medium,17
u3,Monday,Clouds,Chandni Chowk Market,17,Medium,18
u3,Wednesday,Rain,Lajpat Nagar Market,18,Medium,15
u3,Monday,Clear,Chandni Chowk Market,17,Medium,18
u3,Friday,Clear,Chandni Chowk Market,16,Medium,18
u3,Friday,Clear,Chandni Chowk Market,18,Medium,18
u3,Thursday,Clouds,Chandni Chowk Market,18,Medium,18
u3,Tuesday,Clouds,Chandni Chowk Market,20,Medium,18
u3,Sunday,Fog,Karol Bagh Market,19,Medium,15
u3,Friday,Fog,Karol Bagh Market,17,Medium,16
u3,Sunday,Clouds,Lajpat Nagar Market,15,Medium,15
u3,Thursday,Rain,Lajpat Nagar Market,15,Medium,15
u3,Tuesday,Haze,Karol Bagh Market,17,Medium,17
u3,Tuesday,Clouds,Chandni Chowk Market,17,Medium,18
u3,Thursday,Drizzle,Chandni Chowk Market,18,Medium,17
u3,Tuesday,Drizzle,Chandni Chowk Market,20,Medium,17
u3,Tuesday,Rain,Chandni Chowk Market,17,Medium,17
u3,Wednesday,Rain,Chandni Chowk Market,18,Medium,17
u3,Monday,Clouds,Karol Bagh Market,15,Medium,17
u3,Sunday,Drizzle,Chandni Chowk Market,18,High,15
u3,Saturday,Clouds,Chandni Chowk Market,17,Medium,17
u3,Saturday,Clouds,Karol Bagh Market,16,Medium,16
u3,Monday,Clouds,Chandni Chowk Market,18,Medium,18
u3,Monday,Clouds,Lajpat Nagar Market,14,Low,16
u3,Wednesday,Fog,Lajpat Nagar Market,15,Medium,15
u3,Friday,Drizzle,Chandni Chowk Market,20,Medium,17
u3,Thursday,Clouds,Chandni Chowk Market,20,Medium,18
u3,Sunday,Clear,Lajpat Nagar Market,17,Medium,15
u3,Thursday,Clouds,Chandni Chowk Market,19,Medium,18
u3,Sunday,Rain,Lajpat Nagar Market,14,Medium,14
u3,Saturday,Rain,Lajpat Nagar Market,14,Medium,14
u3,Tuesday,Clear,Karol Bagh Market,17,Medium,17
u3,Tuesday,Clear,Chandni Chowk Market,18,Medium,18
u3,Wednesday,Clouds,Chandni Chowk Market,20,Medium,18
u3,Wednesday,Clouds,Chandni Chowk Market,17,Medium,18
u3,Wednesday,Clear,Chandni Chowk Market,18,Medium,18
u3,Thursday,Clouds,Chandni Chowk Market,18,Medium,18
u3,Monday,Clear,Karol Bagh Market,15,Medium,17
u3,Wednesday,Fog,Karol Bagh Market,17,Medium,16
u3,Monday,Clouds,Chandni Chowk Market,19,Medium,18
u3,Wednesday,Clouds,Karol Bagh Market,17,Medium,17
u3,Tuesday,Clear,Chandni Chowk Market,18,Medium,18
u3,Thursday,Clear,Karol Bagh Market,17,Medium,17
u3,Friday,Haze,Chandni Chowk Market,18,Medium,18
u3,Wednesday,Fog,Chandni Chowk Market,19,Medium,17
u3,Wednesday,Clear,Chandni Chowk Market,19,Medium,18
u3,Tuesday,Haze,Chandni Chowk Market,20,Medium,18
u3,Wednesday,Clouds,Chandni Chowk Market,16,Medium,18
u3,Monday,Clear,Karol Bagh Market,15,Medium,17
u3,Wednesday,Clear,Lajpat Nagar Market,16,Low,16
u3,Thursday,Clear,Karol Bagh Market,15,Medium,17
u3,Monday,Clouds,Chandni Chowk Market,18,Medium,18
u3,Wednesday,Rain,Lajpat Nagar Market,18,Medium,15
u3,Saturday,Clear,Chandni Chowk Market,16,Medium,17
u3,Tuesday,Rain,Chandni Chowk Market,19,Medium,17
u3,Sunday,Clear,Karol Bagh Market,16,Medium,16
u3,Tuesday,Rain,Chandni Chowk Market,18,Medium,17
u3,Saturday,Clear,Chandni Chowk Market,19,Medium,17
u3,Friday,Clouds,Chandni Chowk Market,18,Medium,18
u3,Sunday,Clear,Chandni Chowk Market,19,Medium,17
u3,Saturday,Clouds,Karol Bagh Market,17,Medium,16
u3,Thursday,Clouds,Lajpat Nagar Market,17,Low,16
u3,Monday,Clouds,Karol Bagh Market,16,Medium,17
u3,Sunday,Fog,Lajpat Nagar Market,14,Medium,14
u3,Saturday,Clouds,Karol Bagh Market,15,Medium,16
u3,Monday,Clear,Lajpat Nagar Market,16,Low,16
u3,Monday,Clear,Lajpat Nagar Market,16,Low,16
u3,Thursday,Haze,Karol Bagh Market,16,Medium,17
u3,Wednesday,Clear,Chandni Chowk Market,17,Medium,18
u3,Wednesday,Haze,Lajpat Nagar Market,16,Medium,16
u3,Monday,Rain,Lajpat Nagar Market,16,Medium,15
u3,Tuesday,Rain,Lajpat Nagar Market,16,Medium,15
u3,Sunday,Clear,Chandni Chowk Market,19,Medium,17
u3,Wednesday,Clouds,Lajpat Nagar Market,16,Low,16
u3,Thursday,Rain,Karol Bagh Market,15,Medium,16
u3,Tuesday,Clear,Chandni Chowk Market,20,Medium,18
u3,Tuesday,Clouds,Chandni Chowk Market,20,Medium,18
u4,Thursday,Drizzle,Anand Vihar ISBT,10,Medium,7
u4,Monday,Clouds,New Delhi Railway Station,5,Medium,7
u4,Monday,Drizzle,Kashmere Gate Metro Station,17,High,16
u4,Thursday,Clear,New Delhi Railway Station,7,Medium,7
u4,Saturday,Clouds,New Delhi Railway Station,8,Low,8
u4,Thursday,Clear,Kashmere Gate Metro Station,18,Medium,18
u4,Saturday,Clouds,New Delhi Railway Station,10,Low,8
u4,Sunday,Clear,Anand Vihar ISBT,7,Low,9
u4,Sunday,Rain,Anand Vihar ISBT,7,Medium,8
u4,Sunday,Rain,New Delhi Railway Station,10,Medium,7
u4,Sunday,Rain,Anand Vihar ISBT,7,Medium,8
u4,Tuesday,Fog,New Delhi Railway Station,7,Medium,6
u4,Wednesday,Clouds,New Delhi Railway Station,7,Medium,7
u4,Wednesday,Rain,Anand Vihar ISBT,8,Medium,7
u4,Monday,Drizzle,New Delhi Railway Station,7,Medium,6
u4,Friday,Clear,Kashmere Gate Metro Station,16,Medium,18
u4,Tuesday,Clouds,New Delhi Railway Station,7,Medium,7
u4,Sunday,Clouds,Kashmere Gate Metro Station,18,Low,18
u4,Sunday,Clouds,Anand Vihar ISBT,9,Low,9
u4,Monday,Rain,New Delhi Railway Station,8,High,5
u4,Friday,Clouds,New Delhi Railway Station,6,Medium,7
u4,Sunday,Clear,New Delhi Railway Station,7,Low,8
u4,Sunday,Rain,Kashmere Gate Metro Station,20,Medium,17
u4,Wednesday,Drizzle,New Delhi Railway Station,6,Medium,6
u4,Thursday,Fog,Kashmere Gate Metro Station,17,Medium,17
u4,Monday,Haze,New Delhi Railway Station,8,Medium,7
u4,Wednesday,Clear,New Delhi Railway Station,9,Medium,7
u4,Sunday,Haze,Kashmere Gate Metro Station,17,Medium,18
u4,Wednesday,Clear,New Delhi Railway Station,7,Medium,7
u4,Sunday,Rain,Kashmere Gate Metro Station,19,Medium,17
u4,Tuesday,Clouds,Kashmere Gate Metro Station,18,Medium,18
u4,Monday,Haze,New Delhi Railway Station,5,Medium,7
u4,Wednesday,Fog,New Delhi Railway Station,6,Medium,6
u4,Monday,Drizzle,Kashmere Gate Metro Station,16,High,16
u4,Friday,Haze,New Delhi Railway Station,6,Medium,7
u4,Thursday,Clear,Kashmere Gate Metro Station,19,Medium,18
u4,Saturday,Rain,New Delhi Railway Station,6,Medium,7
u4,Monday,Clouds,Kashmere Gate Metro Station,18,Medium,18
u4,Saturday,Fog,New Delhi Railway Station,8,Medium,7
u4,Sunday,Clear,New Delhi Railway Station,10,Medium,8
u4,Thursday,Clear,New Delhi Railway Station,8,Medium,7
u4,Wednesday,Clouds,Kashmere Gate Metro Station,18,Medium,18
u4,Wednesday,Clouds,New Delhi Railway Station,8,Medium,7
u4,Monday,Clear,New Delhi Railway Station,5,Medium,7
u4,Monday,Haze,New Delhi Railway Station,7,Medium,7
u4,Wednesday,Rain,New Delhi Railway Station,7,Medium,6
u4,Monday,Clouds,Kashmere Gate Metro Station,17,Medium,18
u4,Tuesday,Clouds,Kashmere Gate Metro Station,19,Medium,18
u4,Monday,Haze,Kashmere Gate Metro Station,16,Medium,18
u4,Wednesday,Clouds,New Delhi Railway Station,7,Medium,7
u4,Saturday,Fog,New Delhi Railway Station,10,Medium,7
u4,Monday,Haze,Kashmere Gate Metro Station,20,Medium,18
u4,Friday,Haze,New Delhi Railway Station,5,Medium,7
u4,Wednesday,Clear,Anand Vihar ISBT,8,Low,8
u4,Wednesday,Clouds,New Delhi Railway Station,6,Medium,7
u4,Saturday,Thunderstorm,New Delhi Railway Station,8,Medium,8
u4,Thursday,Clouds,Kashmere Gate Metro Station,18,Medium,18
u4,Tuesday,Haze,Kashmere Gate Metro Station,17,Medium,18
u4,Monday,Clear,Anand Vihar ISBT,10,Low,8
u4,Thursday,Clouds,New Delhi Railway Station,7,Medium,7
u4,Monday,Rain,Kashmere Gate Metro Station,18,High,16
u4,Saturday,Clear,New Delhi Railway Station,8,Medium,8
u4,Thursday,Rain,New Delhi Railway Station,7,Medium,6
u4,Thursday,Clear,New Delhi Railway Station,7,Medium,7
u4,Sunday,Clear,Anand Vihar ISBT,11,Low,9
u4,Monday,Clear,Kashmere Gate Metro Station,19,Medium,18
u4,Tuesday,Clouds,New Delhi Railway Station,8,Medium,7
u4,Monday,Clouds,New Delhi Railway Station,6,Medium,7
u4,Saturday,Clouds,New Delhi Railway Station,8,Low,8
u4,Wednesday,Clear,New Delhi Railway Station,9,Medium,7
u4,Monday,Clear,Kashmere Gate Metro Station,20,Medium,18
u4,Friday,Clear,Kashmere Gate Metro Station,16,Medium,18
u4,Wednesday,Clear,New Delhi Railway Station,7,Medium,7
u4,Sunday,Clear,New Delhi Railway Station,8,Low,8
u4,Tuesday,Clear,New Delhi Railway Station,9,Medium,7
u4,Monday,Drizzle,New Delhi Railway Station,8,Medium,6
u4,Friday,Rain,New Delhi Railway Station,7,High,5
u4,Tuesday,Rain,New Delhi Railway Station,6,Medium,6
u4,Wednesday,Rain,New Delhi Railway Station,7,High,5
u4,Thursday,Clear,Kashmere Gate Metro Station,19,Medium,18
u4,Monday,Clouds,Kashmere Gate Metro Station,16,Medium,18
u4,Monday,Haze,Kashmere Gate Metro Station,16,Medium,18
u4,Friday,Drizzle,New Delhi Railway Station,7,Medium,6
u4,Wednesday,Rain,New Delhi Railway Station,6,High,5
u4,Thursday,Clouds,New Delhi Railway Station,7,Medium,7
u4,Friday,Thunderstorm,New Delhi Railway Station,8,High,6
u4,Thursday,Rain,Anand Vihar ISBT,6,Medium,7
u4,Monday,Clouds,New Delhi Railway Station,7,Medium,7
u4,Thursday,Clouds,Anand Vihar ISBT,7,Low,8
u4,Friday,Clouds,New Delhi Railway Station,8,Medium,7
u4,Saturday,Rain,Kashmere Gate Metro Station,20,Medium,17
u4,Tuesday,Clouds,Anand Vihar ISBT,9,Low,8
u4,Saturday,Rain,Kashmere Gate Metro Station,20,Medium,17
u4,Sunday,Drizzle,Anand Vihar ISBT,11,Medium,8
u4,Tuesday,Clear,Kashmere Gate Metro Station,16,Medium,18
u4,Friday,Fog,Kashmere Gate Metro Station,17,Medium,17
u4,Saturday,Haze,Kashmere Gate Metro Station,16,Medium,18
u4,Friday,Drizzle,New Delhi Railway Station,8,Medium,6
u4,Thursday,Clouds,Anand Vihar ISBT,8,Low,8
u4,Wednesday,Haze,Kashmere Gate Metro Station,16,Medium,18
u4,Friday,Rain,Anand Vihar ISBT,6,Medium,7
u4,Tuesday,Rain,Anand Vihar ISBT,8,Medium,7
u4,Tuesday,Clouds,New Delhi Railway Station,8,Medium,7
u4,Wednesday,Rain,New Delhi Railway Station,6,High,5
u4,Wednesday,Rain,New Delhi Railway Station,7,High,5
u4,Wednesday,Fog,Kashmere Gate Metro Station,17,Medium,17
u4,Wednesday,Clear,Kashmere Gate Metro Station,18,Medium,18
u4,Sunday,Clear,New Delhi Railway Station,8,Low,8
u4,Tuesday,Rain,New Delhi Railway Station,7,Medium,6
u4,Wednesday,Clouds,New Delhi Railway Station,8,Medium,7
u4,Friday,Clouds,Anand Vihar ISBT,6,Low,8
u4,Monday,Clouds,Kashmere Gate Metro Station,18,Medium,18
u4,Thursday,Haze,Anand Vihar ISBT,10,Medium,8
u4,Monday,Haze,Anand Vihar ISBT,9,Medium,8
u4,Monday,Rain,Kashmere Gate Metro Station,20,Medium,17
u4,Wednesday,Haze,Kashmere Gate Metro Station,20,Medium,18
u4,Tuesday,Thunderstorm,Anand Vihar ISBT,8,Medium,8
u4,Wednesday,Clear,Kashmere Gate Metro Station,17,Medium,18
u4,Tuesday,Clouds,Kashmere Gate Metro Station,19,Medium,18
u4,Sunday,Haze,New Delhi Railway Station,6,Medium,8
u4,Thursday,Haze,New Delhi Railway Station,5,Medium,7
u4,Sunday,Thunderstorm,Kashmere Gate Metro Station,20,Medium,18
u4,Tuesday,Haze,Kashmere Gate Metro Station,18,Medium,18
u4,Tuesday,Clear,Anand Vihar ISBT,8,Low,8
u4,Monday,Clouds,Kashmere Gate Metro Station,20,Medium,18
u4,Thursday,Haze,Anand Vihar ISBT,8,Medium,8
u4,Friday,Clouds,New Delhi Railway Station,5,Medium,7
u4,Thursday,Rain,Kashmere Gate Metro Station,18,High,16
u4,Wednesday,Clouds,New Delhi Railway Station,7,Medium,7
u4,Sunday,Haze,Kashmere Gate Metro Station,20,Medium,18
u4,Saturday,Clouds,Kashmere Gate Metro Station,20,Low,18
u4,Tuesday,Haze,New Delhi Railway Station,7,Medium,7
u4,Thursday,Clouds,New Delhi Railway Station,9,Medium,7
u4,Monday,Clear,New Delhi Railway Station,8,Medium,7
u4,Wednesday,Clear,New Delhi Railway Station,7,Medium,7
u4,Thursday,Clear,New Delhi Railway Station,6,Medium,7
u4,Thursday,Clouds,Kashmere Gate Metro Station,18,Medium,18
u4,Wednesday,Clear,Kashmere Gate Metro Station,18,Medium,18
u4,Friday,Clouds,New Delhi Railway Station,6,Medium,7
u4,Monday,Haze,New Delhi Railway Station,6,Medium,7
u4,Friday,Clouds,Anand Vihar ISBT,9,Low,8
u4,Monday,Haze,Kashmere Gate Metro Station,19,Medium,18
u4,Friday,Clouds,New Delhi Railway Station,8,Medium,7
u4,Sunday,Rain,Kashmere Gate Metro Station,20,Medium,17
u4,Wednesday,Rain,New Delhi Railway Station,7,High,5
u4,Wednesday,Clouds,Kashmere Gate Metro Station,17,Medium,18
u4,Friday,Clouds,Kashmere Gate Metro Station,18,Medium,18
u4,Monday,Clear,Anand Vihar ISBT,9,Low,8
u4,Thursday,Fog,Kashmere Gate Metro Station,19,Medium,17
u4,Wednesday,Clear,New Delhi Railway Station,5,Medium,7
u4,Friday,Thunderstorm,Kashmere Gate Metro Station,18,High,17
u4,Tuesday,Clear,Kashmere Gate Metro Station,19,Medium,18
u4,Thursday,Rain,New Delhi Railway Station,7,Medium,6
u4,Tuesday,Clear,New Delhi Railway Station,8,Medium,7
u4,Monday,Clear,New Delhi Railway Station,5,Medium,7
u4,Sunday,Rain,Anand Vihar ISBT,9,Medium,8
u4,Wednesday,Rain,New Delhi Railway Station,9,High,5
u4,Friday,Clear,Anand Vihar ISBT,6,Low,8
u4,Tuesday,Fog,Anand Vihar ISBT,7,Medium,7
u4,Wednesday,Clear,Anand Vihar ISBT,9,Low,8
u4,Friday,Clouds,Kashmere Gate Metro Station,18,Medium,18
u4,Monday,Clear,New Delhi Railway Station,7,Medium,7
u4,Thursday,Clouds,New Delhi Railway Station,9,Medium,7
u4,Saturday,Rain,Kashmere Gate Metro Station,18,Medium,17
u4,Monday,Haze,Anand Vihar ISBT,9,Medium,8
u4,Saturday,Fog,New Delhi Railway Station,6,Medium,7
u4,Monday,Rain,Kashmere Gate Metro Station,17,Medium,17
u4,Saturday,Clear,Anand Vihar ISBT,10,Low,9
u4,Friday,Fog,New Delhi Railway Station,5,Medium,6
u4,Friday,Haze,Kashmere Gate Metro Station,18,Medium,18
u4,Sunday,Haze,Kashmere Gate Metro Station,19,Medium,18
u4,Friday,Haze,New Delhi Railway Station,6,Medium,7
u4,Monday,Clouds,Anand Vihar ISBT,10,Low,8
u4,Friday,Rain,New Delhi Railway Station,8,High,5
u4,Wednesday,Rain,New Delhi Railway Station,5,High,5
u4,Friday,Clear,New Delhi Railway Station,7,Medium,7
u4,Tuesday,Clouds,Anand Vihar ISBT,7,Low,8
u4,Monday,Fog,Kashmere Gate Metro Station,18,Medium,17
u4,Tuesday,Fog,New Delhi Railway Station,7,Medium,6
u4,Sunday,Rain,New Delhi Railway Station,10,Medium,7
u4,Wednesday,Clouds,New Delhi Railway Station,8,Medium,7
u4,Monday,Haze,Kashmere Gate Metro Station,20,Medium,18
u4,Saturday,Clear,New Delhi Railway Station,8,Low,8
u4,Tuesday,Rain,New Delhi Railway Station,9,High,5
u4,Saturday,Clouds,Anand Vihar ISBT,9,Low,9
u4,Saturday,Clouds,New Delhi Railway Station,8,Low,8
u4,Wednesday,Clouds,New Delhi Railway Station,7,Medium,7
u4,Wednesday,Clear,New Delhi Railway Station,9,Medium,7
u4,Monday,Clear,New Delhi Railway Station,5,Medium,7
u4,Saturday,Fog,New Delhi Railway Station,10,Medium,7
u4,Wednesday,Rain,Kashmere Gate Metro Station,16,High,16
u4,Thursday,Clear,Kashmere Gate Metro Station,19,Medium,18
u4,Friday,Rain,Kashmere Gate Metro Station,18,Medium,17
u4,Sunday,Clouds,Kashmere Gate Metro Station,18,Medium,18
u4,Saturday,Clouds,New Delhi Railway Station,8,Medium,8
u4,Monday,Clear,Kashmere Gate Metro Station,17,Medium,18
u4,Saturday,Clouds,Anand Vihar ISBT,8,Low,9
u4,Wednesday,Rain,New Delhi Railway Station,6,Medium,6
u4,Wednesday,Clear,New Delhi Railway Station,9,Medium,7
u4,Tuesday,Rain,Anand Vihar ISBT,6,Medium,7
u4,Sunday,Clear,Kashmere Gate Metro Station,20,Low,18
u4,Friday,Drizzle,New Delhi Railway Station,7,Medium,6
u4,Wednesday,Clear,New Delhi Railway Station,5,Medium,7
u4,Friday,Clouds,New Delhi Railway Station,7,Medium,7
u4,Wednesday,Clouds,New Delhi Railway Station,5,Medium,7
u4,Tuesday,Clouds,New Delhi Railway Station,7,Medium,7
u4,Thursday,Thunderstorm,Kashmere Gate Metro Station,17,High,17
u4,Saturday,Clouds,Anand Vihar ISBT,7,Low,9
u4,Friday,Clear,New Delhi Railway Station,5,Medium,7
u4,Friday,Rain,New Delhi Railway Station,6,Medium,6
u4,Monday,Clear,Kashmere Gate Metro Station,19,Medium,18
u4,Saturday,Clouds,New Delhi Railway Station,7,Low,8
u4,Monday,Clear,Anand Vihar ISBT,7,Low,8
u4,Thursday,Clouds,New Delhi Railway Station,8,Medium,7
u4,Sunday,Fog,Anand Vihar ISBT,11,Medium,8
u4,Wednesday,Rain,Anand Vihar ISBT,8,Medium,7
u4,Monday,Drizzle,Kashmere Gate Metro Station,17,Medium,17
u4,Saturday,Haze,Kashmere Gate Metro Station,17,Medium,18
u4,Wednesday,Rain,New Delhi Railway Station,5,High,5
u4,Monday,Fog,Anand Vihar ISBT,8,Medium,7
u4,Wednesday,Rain,New Delhi Railway Station,8,High,5
u4,Wednesday,Drizzle,New Delhi Railway Station,8,Medium,6
u4,Monday,Clear,New Delhi Railway Station,7,Medium,7
u4,Monday,Fog,New Delhi Railway Station,6,Medium,6
u4,Thursday,Haze,New Delhi Railway Station,6,Medium,7
u4,Wednesday,Clear,New Delhi Railway Station,9,Medium,7
u4,Tuesday,Clouds,New Delhi Railway Station,9,Medium,7
u4,Friday,Clouds,New Delhi Railway Station,8,Medium,7
u4,Wednesday,Clear,Kashmere Gate Metro Station,18,Medium,18
u4,Sunday,Haze,Kashmere Gate Metro Station,16,Medium,18
u4,Friday,Clouds,New Delhi Railway Station,7,Medium,7
u4,Thursday,Clear,Anand Vihar ISBT,9,Low,8
u4,Monday,Rain,Kashmere Gate Metro Station,18,High,16
u4,Saturday,Clouds,Kashmere Gate Metro Station,16,Low,18
u4,Friday,Thunderstorm,Anand Vihar ISBT,6,Medium,8
u4,Sunday,Clouds,Anand Vihar ISBT,9,Low,9
u4,Wednesday,Fog,Kashmere Gate Metro Station,20,Medium,17
u4,Tuesday,Rain,Anand Vihar ISBT,8,Medium,7
u4,Sunday,Clouds,New Delhi Railway Station,8,Low,8
u4,Monday,Haze,Anand Vihar ISBT,8,Medium,8
u4,Tuesday,Haze,Anand Vihar ISBT,10,Medium,8
u4,Sunday,Clear,New Delhi Railway Station,9,Low,8
u4,Monday,Fog,New Delhi Railway Station,5,Medium,6
u4,Monday,Fog,New Delhi Railway Station,6,Medium,6
u4,Thursday,Clear,Kashmere Gate Metro Station,18,Medium,18
u4,Thursday,Clouds,Anand Vihar ISBT,8,Low,8
u4,Tuesday,Clouds,Kashmere Gate Metro Station,20,Medium,18
u4,Friday,Clouds,New Delhi Railway Station,6,Medium,7
u4,Monday,Clouds,New Delhi Railway Station,7,Medium,7
u4,Wednesday,Clear,Anand Vihar ISBT,8,Low,8
u4,Sunday,Rain,New Delhi Railway Station,7,Medium,7
u4,Friday,Clear,New Delhi Railway Station,5,Medium,7
u4,Thursday,Clouds,New Delhi Railway Station,9,Medium,7
u4,Friday,Clear,New Delhi Railway Station,7,Medium,7
u4,Sunday,Clouds,Kashmere Gate Metro Station,18,Low,18
u4,Wednesday,Clouds,New Delhi Railway Station,8,Medium,7
u4,Monday,Fog,New Delhi Railway Station,6,Medium,6
u4,Saturday,Clear,New Delhi Railway Station,6,Low,8
u4,Saturday,Clear,Anand Vihar ISBT,10,Low,9
u4,Sunday,Drizzle,New Delhi Railway Station,8,Medium,7
u4,Friday,Clear,New Delhi Railway Station,5,Medium,7
u4,Monday,Rain,Kashmere Gate Metro Station,17,Medium,17
u4,Thursday,Clear,New Delhi Railway Station,5,Medium,7
u4,Wednesday,Clouds,New Delhi Railway Station,7,Medium,7
u4,Tuesday,Haze,New Delhi Railway Station,5,Medium,7
u4,Wednesday,Rain,New Delhi Railway Station,6,High,5
u4,Wednesday,Clouds,Anand Vihar ISBT,7,Low,8
u4,Friday,Clear,Kashmere Gate Metro Station,18,Medium,18
u4,Wednesday,Rain,Kashmere Gate Metro Station,17,Medium,17
u4,Saturday,Clear,New Delhi Railway Station,7,Low,8
u4,Wednesday,Clouds,New Delhi Railway Station,7,Medium,7
u4,Friday,Clear,Kashmere Gate Metro Station,18,Medium,18
u4,Wednesday,Clear,New Delhi Railway Station,8,Medium,7
u4,Sunday,Drizzle,Anand Vihar ISBT,9,Medium,8
u4,Saturday,Haze,Anand Vihar ISBT,9,Medium,9
u4,Tuesday,Clear,New Delhi Railway Station,8,Medium,7
u4,Tuesday,Clear,Kashmere Gate Metro Station,18,Medium,18
u4,Wednesday,Clear,Anand Vihar ISBT,9,Low,8
u4,Monday,Clouds,New Delhi Railway Station,7,Medium,7
u4,Wednesday,Clear,Anand Vihar ISBT,10,Low,8
u4,Saturday,Fog,New Delhi Railway Station,10,Medium,7
u4,Thursday,Clear,New Delhi Railway Station,7,Medium,7
u4,Sunday,Rain,Kashmere Gate Metro Station,18,Medium,17
u4,Thursday,Drizzle,New Delhi Railway Station,9,Medium,6
u4,Saturday,Rain,New Delhi Railway Station,10,Medium,7
u4,Monday,Rain,New Delhi Railway Station,8,Medium,6
u4,Sunday,Rain,New Delhi Railway Station,10,Medium,7
u4,Wednesday,Clouds,Anand Vihar ISBT,9,Low,8
u4,Monday,Fog,New Delhi Railway Station,8,Medium,6
u4,Thursday,Rain,Anand Vihar ISBT,8,Medium,7
u4,Thursday,Haze,Kashmere Gate Metro Station,20,Medium,18
u4,Tuesday,Haze,Kashmere Gate Metro Station,17,Medium,18
u4,Sunday,Clear,Kashmere Gate Metro Station,19,Low,18
u4,Wednesday,Clear,New Delhi Railway Station,7,Medium,7
u4,Sunday,Clouds,New Delhi Railway Station,10,Low,8
u4,Wednesday,Rain,Anand Vihar ISBT,6,Medium,7
u4,Tuesday,Clouds,New Delhi Railway Station,7,Medium,7
u4,Sunday,Clear,Kashmere Gate Metro Station,19,Low,18
u4,Wednesday,Rain,New Delhi Railway Station,6,Medium,6
u4,Friday,Clouds,Kashmere Gate Metro Station,19,Medium,18
u4,Sunday,Rain,New Delhi Railway Station,6,Medium,7
u4,Wednesday,Haze,New Delhi Railway Station,7,Medium,7
u4,Tuesday,Clear,New Delhi Railway Station,9,Medium,7
u4,Saturday,Clear,New Delhi Railway Station,6,Low,8
u4,Friday,Clear,Anand Vihar ISBT,6,Low,8
u4,Monday,Clear,Kashmere Gate Metro Station,18,Medium,18
u4,Saturday,Haze,New Delhi Railway Station,10,Medium,8
u4,Friday,Haze,Kashmere Gate Metro Station,17,Medium,18
u4,Friday,Haze,New Delhi Railway Station,5,Medium,7
u4,Wednesday,Clear,Kashmere Gate Metro Station,18,Medium,18
u4,Wednesday,Clear,Kashmere Gate Metro Station,18,Medium,18
u4,Saturday,Clouds,Anand Vihar ISBT,8,Low,9
u4,Tuesday,Clouds,Kashmere Gate Metro Station,18,Medium,18
u4,Tuesday,Fog,New Delhi Railway Station,7,Medium,6
u4,Wednesday,Clouds,Kashmere Gate Metro Station,18,Medium,18
u4,Saturday,Clouds,Kashmere Gate Metro Station,18,Low,18
u4,Tuesday,Fog,Kashmere Gate Metro Station,18,Medium,17
u4,Thursday,Clouds,New Delhi Railway Station,7,Medium,7
u4,Saturday,Clear,Anand Vihar ISBT,11,Low,9
u4,Monday,Drizzle,New Delhi Railway Station,7,High,5
u4,Monday,Clouds,New Delhi Railway Station,9,Medium,7
u4,Friday,Clear,Kashmere Gate Metro Station,19,Medium,18
u4,Monday,Clear,Kashmere Gate Metro Station,18,Medium,18
u4,Tuesday,Clear,New Delhi Railway Station,7,Medium,7
u4,Saturday,Fog,Kashmere Gate Metro Station,18,Medium,17
u4,Friday,Clouds,New Delhi Railway Station,7,Medium,7
u4,Tuesday,Clouds,Kashmere Gate Metro Station,19,Medium,18
u4,Thursday,Clear,Anand Vihar ISBT,7,Low,8
u4,Friday,Rain,New Delhi Railway Station,7,High,5
u4,Saturday,Clear,New Delhi Railway Station,6,Low,8
u4,Friday,Clouds,Kashmere Gate Metro Station,16,Medium,18
u4,Saturday,Clouds,Anand Vihar ISBT,9,Low,9
u4,Saturday,Haze,Kashmere Gate Metro Station,20,Medium,18
u4,Friday,Haze,New Delhi Railway Station,5,Medium,7
u4,Saturday,Clear,Kashmere Gate Metro Station,19,Medium,18
u4,Sunday,Clear,New Delhi Railway Station,8,Low,8
u4,Wednesday,Clear,New Delhi Railway Station,8,Medium,7
u4,Monday,Haze,Kashmere Gate Metro Station,19,Medium,18
u4,Friday,Clear,New Delhi Railway Station,5,Medium,7
u4,Thursday,Clear,New Delhi Railway Station,9,Medium,7
u4,Friday,Haze,New Delhi Railway Station,8,High,6
u4,Tuesday,Clear,New Delhi Railway Station,5,Medium,7
u4,Wednesday,Clear,Anand Vihar ISBT,8,Low,8
u4,Thursday,Clouds,Anand Vihar ISBT,10,Low,8
u4,Wednesday,Clear,Anand Vihar ISBT,9,Low,8
u4,Saturday,Drizzle,Kashmere Gate Metro Station,17,Medium,17
u4,Monday,Clear,New Delhi Railway Station,7,Medium,7
u4,Tuesday,Clear,Kashmere Gate Metro Station,18,Medium,18
u4,Monday,Fog,Anand Vihar ISBT,10,Medium,7
u4,Tuesday,Clear,Kashmere Gate Metro Station,16,Medium,18
u4,Monday,Rain,Anand Vihar ISBT,8,Medium,7
u4,Saturday,Clouds,Kashmere Gate Metro Station,18,Medium,18
u4,Monday,Clouds,Anand Vihar ISBT,8,Low,8
u4,Thursday,Clouds,Anand Vihar ISBT,10,Low,8
u4,Wednesday,Clear,New Delhi Railway Station,5,Medium,7
u4,Friday,Clouds,Anand Vihar ISBT,8,Low,8
u4,Monday,Fog,Anand Vihar ISBT,8,Medium,7
u4,Wednesday,Clear,New Delhi Railway Station,7,Medium,7
u4,Tuesday,Clouds,New Delhi Railway Station,9,Medium,7
u4,Tuesday,Clouds,Anand Vihar ISBT,9,Low,8
u4,Tuesday,Clear,Kashmere Gate Metro Station,18,Medium,18
u4,Tuesday,Haze,Kashmere Gate Metro Station,18,Medium,18
u4,Friday,Clear,New Delhi Railway Station,6,Medium,7
u4,Friday,Rain,New Delhi Railway Station,7,Medium,6
u4,Wednesday,Rain,Anand Vihar ISBT,8,Medium,7
u4,Tuesday,Rain,New Delhi Railway Station,9,High,5
u4,Wednesday,Clear,New Delhi Railway Station,5,Medium,7
u4,Saturday,Drizzle,Kashmere Gate Metro Station,16,Medium,17
u4,Wednesday,Clear,Kashmere Gate Metro Station,18,Medium,18
u4,Sunday,Fog,New Delhi Railway Station,6,Medium,7
u4,Tuesday,Fog,Kashmere Gate Metro Station,18,Medium,17
u4,Thursday,Clear,New Delhi Railway Station,5,Medium,7
u4,Monday,Clear,New Delhi Railway Station,6,Medium,7
u4,Monday,Clear,New Delhi Railway Station,5,Medium,7
u4,Thursday,Rain,Kashmere Gate Metro Station,18,High,16
u4,Wednesday,Clouds,New Delhi Railway Station,9,Medium,7
u4,Thursday,Clear,Anand Vihar ISBT,7,Low,8
u4,Sunday,Haze,Kashmere Gate Metro Station,19,Medium,18
u4,Friday,Haze,Anand Vihar ISBT,8,Medium,8
u4,Friday,Haze,Anand Vihar ISBT,9,Medium,8
u4,Sunday,Haze,New Delhi Railway Station,9,Medium,8
u4,Saturday,Drizzle,New Delhi Railway Station,8,Medium,7
u4,Monday,Rain,New Delhi Railway Station,7,Medium,6
u4,Saturday,Drizzle,New Delhi Railway Station,7,Medium,7
u4,Monday,Clouds,New Delhi Railway Station,7,Medium,7
u4,Sunday,Clouds,Kashmere Gate Metro Station,19,Low,18
u4,Wednesday,Clear,Kashmere Gate Metro Station,18,Medium,18
u4,Thursday,Clouds,Anand Vihar ISBT,9,Low,8
u4,Sunday,Haze,New Delhi Railway Station,9,Medium,8
u4,Friday,Clouds,Kashmere Gate Metro Station,18,Medium,18
u4,Wednesday,Clouds,Anand Vihar ISBT,8,Low,8
u4,Saturday,Clear,Kashmere Gate Metro Station,19,Medium,18
u4,Sunday,Clouds,New Delhi Railway Station,8,Low,8
u4,Thursday,Clouds,Anand Vihar ISBT,9,Low,8
u4,Wednesday,Clouds,Anand Vihar ISBT,9,Low,8
u4,Friday,Drizzle,Kashmere Gate Metro Station,19,Medium,17
u4,Tuesday,Fog,New Delhi Railway Station,7,Medium,6
u4,Tuesday,Rain,New Delhi Railway Station,5,High,5
u4,Friday,Clouds,New Delhi Railway Station,8,Medium,7
u4,Tuesday,Clear,Kashmere Gate Metro Station,18,Medium,18
u4,Thursday,Rain,New Delhi Railway Station,8,High,5
u4,Friday,Clear,New Delhi Railway Station,5,Medium,7
u4,Monday,Fog,Anand Vihar ISBT,9,Medium,7
u4,Friday,Fog,Kashmere Gate Metro Station,17,Medium,17
u4,Sunday,Clear,Kashmere Gate Metro Station,19,Low,18
u4,Friday,Clouds,New Delhi Railway Station,7,Medium,7
u4,Friday,Clear,Kashmere Gate Metro Station,17,Medium,18
u4,Monday,Clear,New Delhi Railway Station,9,Medium,7
u4,Wednesday,Clear,New Delhi Railway Station,7,Medium,7
u4,Friday,Clear,Anand Vihar ISBT,8,Low,8
u4,Tuesday,Clouds,Anand Vihar ISBT,10,Low,8
u4,Monday,Rain,New Delhi Railway Station,8,Medium,6
u4,Sunday,Drizzle,Anand Vihar ISBT,9,Medium,8
u4,Thursday,Clear,New Delhi Railway Station,8,Medium,7
u4,Thursday,Clear,Anand Vihar ISBT,6,Low,8
u4,Wednesday,Clear,New Delhi Railway Station,9,Medium,7
u4,Friday,Clouds,New Delhi Railway Station,8,Medium,7
u4,Wednesday,Clear,Anand Vihar ISBT,8,Low,8
u4,Wednesday,Drizzle,New Delhi Railway Station,7,Medium,6
u4,Sunday,Clear,Kashmere Gate Metro Station,18,Low,18
u4,Tuesday,Clouds,New Delhi Railway Station,6,Medium,7
u4,Sunday,Clouds,New Delhi Railway Station,10,Low,8
u4,Friday,Clouds,New Delhi Railway Station,8,Medium,7
u4,Tuesday,Thunderstorm,New Delhi Railway Station,6,High,6
u4,Sunday,Clouds,Kashmere Gate Metro Station,18,Low,18
u4,Monday,Clear,Kashmere Gate Metro Station,17,Medium,18
u4,Friday,Clear,New Delhi Railway Station,8,Medium,7
u4,Monday,Haze,New Delhi Railway Station,9,Medium,7
u4,Monday,Rain,New Delhi Railway Station,9,High,5
u4,Friday,Clouds,New Delhi Railway Station,7,Medium,7
u4,Tuesday,Rain,New Delhi Railway Station,7,Medium,6
u4,Wednesday,Clouds,New Delhi Railway Station,6,Medium,7
u4,Saturday,Clear,New Delhi Railway Station,9,Low,8
u4,Friday,Fog,Anand Vihar ISBT,9,Medium,7
u4,Thursday,Clear,New Delhi Railway Station,9,Medium,7
u4,Wednesday,Fog,New Delhi Railway Station,5,Medium,6
u4,Wednesday,Rain,New Delhi Railway Station,7,High,5
u4,Saturday,Clear,New Delhi Railway Station,7,Medium,8
u4,Tuesday,Clear,New Delhi Railway Station,9,Medium,7
u4,Friday,Clouds,Anand Vihar ISBT,8,Low,8
u4,Monday,Clear,New Delhi Railway Station,7,Medium,7
u4,Wednesday,Clear,New Delhi Railway Station,7,Medium,7
u4,Sunday,Clear,Kashmere Gate Metro Station,18,Low,18
u4,Sunday,Drizzle,New Delhi Railway Station,8,Medium,7
u4,Thursday,Clouds,Anand Vihar ISBT,9,Low,8
u4,Friday,Haze,Kashmere Gate Metro Station,18,Medium,18
u4,Friday,Drizzle,New Delhi Railway Station,8,High,5
u4,Sunday,Thunderstorm,Kashmere Gate Metro Station,18,Medium,18
u4,Wednesday,Fog,New Delhi Railway Station,7,Medium,6
u4,Friday,Clouds,New Delhi Railway Station,9,Medium,7
u4,Thursday,Clear,New Delhi Railway Station,5,Medium,7
u4,Wednesday,Clear,New Delhi Railway Station,7,Medium,7
u4,Monday,Clouds,Kashmere Gate Metro Station,20,Medium,18
u4,Sunday,Clouds,New Delhi Railway Station,6,Low,8
u4,Saturday,Rain,Anand Vihar ISBT,8,Medium,8
u4,Thursday,Haze,New Delhi Railway Station,5,Medium,7
u4,Monday,Fog,Kashmere Gate Metro Station,18,Medium,17
u4,Thursday,Fog,New Delhi Railway Station,9,Medium,6
u4,Wednesday,Clear,Anand Vihar ISBT,6,Low,8
u4,Sunday,Clear,New Delhi Railway Station,9,Low,8
u4,Friday,Clear,New Delhi Railway Station,7,Medium,7
u4,Tuesday,Rain,Anand Vihar ISBT,7,Medium,7
u4,Thursday,Clouds,New Delhi Railway Station,7,Medium,7
u4,Wednesday,Clear,Kashmere Gate Metro Station,16,Medium,18
u4,Saturday,Clear,New Delhi Railway Station,6,Low,8
u4,Friday,Fog,New Delhi Railway Station,9,Medium,6
u4,Tuesday,Clouds,New Delhi Railway Station,8,Medium,7
u4,Wednesday,Fog,Kashmere Gate Metro Station,16,Medium,17
u4,Saturday,Clear,Kashmere Gate Metro Station,18,Medium,18
u4,Wednesday,Haze,New Delhi Railway Station,8,Medium,7
u4,Monday,Clear,New Delhi Railway Station,9,Medium,7
u4,Wednesday,Clouds,New Delhi Railway Station,5,Medium,7
u4,Monday,Fog,New Delhi Railway Station,6,High,5
u4,Saturday,Clear,Kashmere Gate Metro Station,18,Low,18
u4,Tuesday,Haze,New Delhi Railway Station,5,Medium,7
u4,Tuesday,Thunderstorm,New Delhi Railway Station,5,High,6
u4,Monday,Rain,New Delhi Railway Station,7,High,5
u4,Friday,Fog,New Delhi Railway Station,9,Medium,6
u4,Tuesday,Clear,Anand Vihar ISBT,6,Low,8
u4,Monday,Drizzle,New Delhi Railway Station,6,Medium,6
u4,Wednesday,Rain,Anand Vihar ISBT,8,Medium,7
u4,Monday,Haze,New Delhi Railway Station,6,Medium,7
u4,Monday,Clear,New Delhi Railway Station,5,Medium,7
u4,Wednesday,Clouds,New Delhi Railway Station,7,Medium,7
u4,Wednesday,Haze,New Delhi Railway Station,7,Medium,7
u4,Monday,Clouds,New Delhi Railway Station,9,Medium,7
u4,Monday,Clouds,New Delhi Railway Station,6,Medium,7
u4,Thursday,Clouds,Kashmere Gate Metro Station,18,Medium,18
u4,Sunday,Clear,New Delhi Railway Station,6,Low,8
u4,Sunday,Clouds,Anand Vihar ISBT,10,Low,9
u4,Wednesday,Rain,New Delhi Railway Station,9,High,5
u4,Friday,Haze,Kashmere Gate Metro Station,16,Medium,18
u4,Thursday,Clear,Kashmere Gate Metro Station,20,Medium,18
u4,Thursday,Drizzle,Kashmere Gate Metro Station,19,Medium,17
u4,Tuesday,Clear,New Delhi Railway Station,7,Medium,7
u4,Wednesday,Clear,New Delhi Railway Station,6,Medium,7
u4,Tuesday,Clear,New Delhi Railway Station,9,Medium,7
u4,Monday,Clouds,Anand Vihar ISBT,9,Low,8
u4,Monday,Clear,New Delhi Railway Station,6,Medium,7
u4,Monday,Fog,Anand Vihar ISBT,8,Medium,7
u4,Thursday,Clear,Kashmere Gate Metro Station,17,Medium,18
u4,Friday,Rain,Anand Vihar ISBT,6,Medium,7
u4,Sunday,Rain,New Delhi Railway Station,7,Medium,7
u4,Tuesday,Clear,New Delhi Railway Station,6,Medium,7
u4,Friday,Fog,New Delhi Railway Station,5,Medium,6
u4,Sunday,Clear,Anand Vihar ISBT,10,Low,9
u4,Tuesday,Haze,Anand Vihar ISBT,10,Medium,8
u4,Sunday,Clear,New Delhi Railway Station,7,Low,8
u4,Wednesday,Clear,Anand Vihar ISBT,7,Low,8
u4,Tuesday,Clear,Kashmere Gate Metro Station,16,Medium,18
u4,Thursday,Clear,New Delhi Railway Station,9,Medium,7
u4,Saturday,Haze,New Delhi Railway Station,7,Medium,8
u4,Thursday,Clouds,Anand Vihar ISBT,8,Low,8
u4,Thursday,Clear,Anand Vihar ISBT,8,Low,8
u4,Monday,Clouds,New Delhi Railway Station,8,Medium,7
u4,Tuesday,Clear,Kashmere Gate Metro Station,20,Medium,18
u4,Friday,Rain,New Delhi Railway Station,7,Medium,6
u4,Wednesday,Clear,New Delhi Railway Station,5,Medium,7
u4,Monday,Fog,Kashmere Gate Metro Station,18,Medium,17
u4,Thursday,Rain,Anand Vihar ISBT,9,Medium,7
u4,Monday,Haze,Kashmere Gate Metro Station,18,Medium,18
u4,Tuesday,Clouds,Kashmere Gate Metro Station,16,Medium,18
u4,Monday,Rain,New Delhi Railway Station,8,High,5
u4,Monday,Clouds,New Delhi Railway Station,5,Medium,7
u4,Friday,Fog,Kashmere Gate Metro Station,19,Medium,17
u4,Thursday,Rain,New Delhi Railway Station,7,Medium,6
u4,Tuesday,Clouds,New Delhi Railway Station,6,Medium,7
u4,Tuesday,Drizzle,Kashmere Gate Metro Station,20,High,16
u4,Tuesday,Clear,New Delhi Railway Station,8,Medium,7
u4,Friday,Clear,New Delhi Railway Station,7,Medium,7
u4,Monday,Haze,New Delhi Railway Station,6,High,6
u4,Sunday,Clouds,Kashmere Gate Metro Station,20,Medium,18
u4,Friday,Rain,Anand Vihar ISBT,10,Medium,7
u4,Friday,Clouds,New Delhi Railway Station,7,Medium,7
u4,Tuesday,Rain,Kashmere Gate Metro Station,18,High,16
u4,Saturday,Clear,Anand Vihar ISBT,8,Low,9
u4,Tuesday,Clouds,Kashmere Gate Metro Station,16,Medium,18
u4,Sunday,Rain,New Delhi Railway Station,8,Medium,7
u4,Saturday,Drizzle,New Delhi Railway Station,6,Medium,7
u4,Monday,Clear,New Delhi Railway Station,7,Medium,7
u4,Tuesday,Haze,Kashmere Gate Metro Station,16,Medium,18
u4,Thursday,Rain,New Delhi Railway Station,9,Medium,6
u4,Friday,Haze,Kashmere Gate Metro Station,20,Medium,18
u4,Wednesday,Clear,New Delhi Railway Station,9,Medium,7
u4,Monday,Clouds,New Delhi Railway Station,5,Medium,7
u4,Monday,Clouds,New Delhi Railway Station,7,Medium,7
u4,Wednesday,Clear,New Delhi Railway Station,7,Medium,7
u4,Monday,Fog,New Delhi Railway Station,6,Medium,6
u4,Monday,Clear,New Delhi Railway Station,7,Medium,7
u4,Wednesday,Clear,New Delhi Railway Station,7,Medium,7
u4,Sunday,Drizzle,Kashmere Gate Metro Station,20,Medium,17
u4,Thursday,Clouds,New Delhi Railway Station,7,Medium,7
u4,Tuesday,Clear,Anand Vihar ISBT,7,Low,8
u4,Sunday,Haze,New Delhi Railway Station,10,Medium,8
u4,Thursday,Clear,Kashmere Gate Metro Station,18,Medium,18
u4,Wednesday,Clear,Kashmere Gate Metro Station,20,Medium,18
u4,Tuesday,Clouds,Anand Vihar ISBT,10,Low,8
u4,Tuesday,Clouds,Kashmere Gate Metro Station,20,Medium,18
u4,Friday,Clouds,Kashmere Gate Metro Station,18,Medium,18
u4,Thursday,Clear,Kashmere Gate Metro Station,19,Medium,18
u4,Thursday,Drizzle,New Delhi Railway Station,8,Medium,6
u4,Saturday,Clouds,Kashmere Gate Metro Station,16,Low,18
u4,Friday,Drizzle,New Delhi Railway Station,7,Medium,6
u4,Sunday,Haze,Anand Vihar ISBT,11,Medium,9
u4,Friday,Clouds,Kashmere Gate Metro Station,19,Medium,18
u4,Monday,Clouds,New Delhi Railway Station,8,Medium,7
u4,Monday,Haze,New Delhi Railway Station,5,Medium,7
u4,Friday,Clear,New Delhi Railway Station,7,Medium,7
u4,Wednesday,Clouds,New Delhi Railway Station,8,Medium,7
u4,Thursday,Clouds,New Delhi Railway Station,5,Medium,7
u4,Sunday,Clouds,New Delhi Railway Station,8,Low,8
u4,Tuesday,Haze,Kashmere Gate Metro Station,19,Medium,18
u4,Saturday,Clear,Anand Vihar ISBT,9,Low,9
u4,Thursday,Clear,Kashmere Gate Metro Station,17,Medium,18
u4,Tuesday,Clouds,Anand Vihar ISBT,8,Low,8
u4,Monday,Rain,Kashmere Gate Metro Station,20,Medium,17
u4,Saturday,Clear,New Delhi Railway Station,7,Low,8
u4,Monday,Clear,New Delhi Railway Station,7,Medium,7
u4,Monday,Clear,Anand Vihar ISBT,9,Low,8
u4,Tuesday,Clear,New Delhi Railway Station,5,Medium,7
u4,Monday,Clear,Anand Vihar ISBT,8,Low,8
u4,Monday,Clear,New Delhi Railway Station,7,Medium,7
u4,Friday,Clouds,New Delhi Railway Station,8,Medium,7
u4,Saturday,Clear,Kashmere Gate Metro Station,17,Low,18
u4,Saturday,Clear,Anand Vihar ISBT,11,Low,9
u4,Wednesday,Fog,New Delhi Railway Station,7,Medium,6
u4,Tuesday,Clouds,Kashmere Gate Metro Station,16,Medium,18
u4,Friday,Drizzle,New Delhi Railway Station,7,High,5
u4,Thursday,Clouds,New Delhi Railway Station,9,Medium,7
u4,Tuesday,Drizzle,New Delhi Railway Station,5,Medium,6
u4,Monday,Fog,Anand Vihar ISBT,8,Medium,7
u4,Tuesday,Clear,Anand Vihar ISBT,6,Low,8
u4,Thursday,Clear,New Delhi Railway Station,5,Medium,7
u4,Tuesday,Rain,New Delhi Railway Station,7,Medium,6
u4,Monday,Clear,Kashmere Gate Metro Station,18,Medium,18
u4,Tuesday,Haze,New Delhi Railway Station,7,Medium,7
u4,Monday,Clouds,Anand Vihar ISBT,7,Low,8
u4,Wednesday,Clouds,New Delhi Railway Station,8,Medium,7
u4,Tuesday,Clouds,Kashmere Gate Metro Station,18,Medium,18
u4,Tuesday,Clouds,Kashmere Gate Metro Station,20,Medium,18
u4,Monday,Clear,New Delhi Railway Station,9,Medium,7
u4,Thursday,Haze,New Delhi Railway Station,7,Medium,7
u4,Saturday,Fog,New Delhi Railway Station,6,Medium,7
u4,Tuesday,Fog,New Delhi Railway Station,6,Medium,6
u4,Tuesday,Clear,Anand Vihar ISBT,6,Low,8
u4,Friday,Fog,New Delhi Railway Station,7,Medium,6
u4,Tuesday,Fog,Anand Vihar ISBT,10,Medium,7
u4,Friday,Clouds,New Delhi Railway Station,5,Medium,7
u4,Monday,Fog,New Delhi Railway Station,5,Medium,6
u4,Monday,Clear,Kashmere Gate Metro Station,18,Medium,18
u4,Monday,Clear,New Delhi Railway Station,7,Medium,7
u4,Tuesday,Haze,Kashmere Gate Metro Station,19,Medium,18
u4,Tuesday,Rain,New Delhi Railway Station,6,Medium,6
u4,Tuesday,Haze,Kashmere Gate Metro Station,18,Medium,18
u4,Monday,Haze,Anand Vihar ISBT,10,Medium,8
u4,Monday,Fog,Kashmere Gate Metro Station,20,Medium,17
u4,Friday,Clouds,Kashmere Gate Metro Station,18,Medium,18
u4,Wednesday,Clear,New Delhi Railway Station,7,Medium,7
u4,Friday,Haze,Anand Vihar ISBT,6,Medium,8
u4,Saturday,Clouds,New Delhi Railway Station,8,Low,8
u4,Wednesday,Clear,Kashmere Gate Metro Station,18,Medium,18
u4,Saturday,Clear,New Delhi Railway Station,7,Low,8
u4,Wednesday,Haze,New Delhi Railway Station,8,Medium,7
u4,Thursday,Drizzle,Kashmere Gate Metro Station,19,High,16
u4,Sunday,Clear,New Delhi Railway Station,6,Low,8
u4,Friday,Rain,New Delhi Railway Station,6,Medium,6
u4,Wednesday,Clouds,New Delhi Railway Station,9,Medium,7
u4,Tuesday,Rain,New Delhi Railway Station,7,High,5
u4,Wednesday,Clouds,Kashmere Gate Metro Station,17,Medium,18
u4,Wednesday,Rain,New Delhi Railway Station,8,High,5
u4,Thursday,Rain,New Delhi Railway Station,8,High,5
u4,Tuesday,Clouds,Anand Vihar ISBT,8,Low,8
u4,Tuesday,Clouds,Anand Vihar ISBT,6,Low,8
u4,Sunday,Clear,New Delhi Railway Station,8,Low,8
u4,Friday,Drizzle,Kashmere Gate Metro Station,19,Medium,17
u4,Friday,Rain,New Delhi Railway Station,7,High,5
u4,Tuesday,Clouds,Kashmere Gate Metro Station,17,Medium,18
u4,Friday,Haze,Anand Vihar ISBT,7,Medium,8
u4,Friday,Clouds,New Delhi Railway Station,8,Medium,7
u4,Tuesday,Rain,New Delhi Railway Station,9,Medium,6
u4,Friday,Clear,Anand Vihar ISBT,8,Low,8
u4,Friday,Haze,New Delhi Railway Station,8,Medium,7
u4,Monday,Clear,Kashmere Gate Metro Station,18,Medium,18
u4,Monday,Thunderstorm,Kashmere Gate Metro Station,16,High,17
u4,Wednesday,Rain,New Delhi Railway Station,8,High,5
u4,Thursday,Clouds,New Delhi Railway Station,7,Medium,7
u4,Monday,Fog,New Delhi Railway Station,6,Medium,6
u4,Thursday,Clouds,New Delhi Railway Station,5,Medium,7
u4,Thursday,Haze,Kashmere Gate Metro Station,17,Medium,18
u4,Thursday,Rain,Kashmere Gate Metro Station,17,Medium,17
u4,Monday,Clear,New Delhi Railway Station,8,Medium,7
u4,Sunday,Drizzle,Kashmere Gate Metro Station,18,Medium,17
u4,Sunday,Clear,Kashmere Gate Metro Station,17,Low,18
u4,Monday,Clear,New Delhi Railway Station,8,Medium,7
u4,Wednesday,Clear,Kashmere Gate Metro Station,19,Medium,18
u4,Monday,Haze,Anand Vihar ISBT,9,Medium,8
u4,Saturday,Clear,New Delhi Railway Station,9,Low,8
u4,Thursday,Clear,Anand Vihar ISBT,9,Low,8
u4,Monday,Clear,New Delhi Railway Station,5,Medium,7
u4,Tuesday,Clear,New Delhi Railway Station,9,Medium,7
u4,Saturday,Rain,New Delhi Railway Station,9,Medium,7
u4,Friday,Thunderstorm,Kashmere Gate Metro Station,18,High,17
u4,Tuesday,Clouds,Anand Vihar ISBT,9,Low,8
u4,Thursday,Clear,Anand Vihar ISBT,8,Low,8
u4,Monday,Clouds,Anand Vihar ISBT,7,Low,8
u4,Friday,Clouds,Anand Vihar ISBT,8,Low,8
u4,Sunday,Clouds,New Delhi Railway Station,8,Low,8
u4,Wednesday,Clear,Kashmere Gate Metro Station,18,Medium,18
u4,Saturday,Haze,Anand Vihar ISBT,7,Medium,9
u4,Thursday,Clear,Kashmere Gate Metro Station,16,Medium,18
u4,Friday,Clear,New Delhi Railway Station,5,Medium,7
u4,Thursday,Clear,New Delhi Railway Station,6,Medium,7
u4,Thursday,Drizzle,Kashmere Gate Metro Station,18,Medium,17
u4,Monday,Thunderstorm,Kashmere Gate Metro Station,18,High,17
u4,Tuesday,Drizzle,Kashmere Gate Metro Station,18,Medium,17
u4,Friday,Rain,New Delhi Railway Station,7,High,5
u4,Wednesday,Clear,Kashmere Gate Metro Station,18,Medium,18
u4,Saturday,Rain,New Delhi Railway Station,8,Medium,7
u4,Tuesday,Fog,Anand Vihar ISBT,8,Medium,7
u4,Monday,Rain,Anand Vihar ISBT,7,Medium,7
u4,Tuesday,Rain,Kashmere Gate Metro Station,18,High,16
u4,Saturday,Rain,Kashmere Gate Metro Station,18,Medium,17
u4,Sunday,Clouds,Kashmere Gate Metro Station,17,Low,18
u4,Monday,Rain,Kashmere Gate Metro Station,18,High,16
u4,Wednesday,Clouds,New Delhi Railway Station,8,Medium,7
u4,Saturday,Clear,New Delhi Railway Station,10,Low,8
u4,Monday,Clouds,New Delhi Railway Station,9,Medium,7
u4,Wednesday,Clouds,Kashmere Gate Metro Station,18,Medium,18
u4,Thursday,Rain,Anand Vihar ISBT,9,Medium,7
u4,Friday,Rain,Kashmere Gate Metro Station,19,High,16
u4,Wednesday,Haze,New Delhi Railway Station,7,Medium,7
u4,Thursday,Clear,Kashmere Gate Metro Station,20,Medium,18
u4,Thursday,Haze,Anand Vihar ISBT,7,Medium,8
u4,Thursday,Rain,Kashmere Gate Metro Station,20,Medium,17
u4,Wednesday,Clouds,New Delhi Railway Station,9,Medium,7
u4,Wednesday,Clear,New Delhi Railway Station,9,Medium,7
u4,Wednesday,Fog,New Delhi Railway Station,9,Medium,6
u4,Saturday,Clear,Kashmere Gate Metro Station,19,Low,18
u4,Friday,Drizzle,Anand Vihar ISBT,6,Medium,7
u4,Sunday,Drizzle,New Delhi Railway Station,10,Medium,7
u4,Wednesday,Clear,Anand Vihar ISBT,8,Low,8
u4,Thursday,Haze,New Delhi Railway Station,5,Medium,7
u4,Thursday,Clear,New Delhi Railway Station,6,Medium,7
u4,Thursday,Rain,New Delhi Railway Station,7,High,5
u4,Monday,Clouds,Kashmere Gate Metro Station,20,Medium,18
u4,Thursday,Clear,Kashmere Gate Metro Station,18,Medium,18
u4,Wednesday,Clouds,Kashmere Gate Metro Station,18,Medium,18
u4,Tuesday,Clouds,Anand Vihar ISBT,7,Low,8
u4,Friday,Clouds,Kashmere Gate Metro Station,20,Medium,18
u4,Thursday,Clear,Anand Vihar ISBT,8,Low,8
u4,Monday,Haze,New Delhi Railway Station,9,High,6
u4,Wednesday,Drizzle,New Delhi Railway Station,9,Medium,6
u4,Sunday,Clear,New Delhi Railway Station,8,Low,8
u4,Monday,Clear,Kashmere Gate Metro Station,20,Medium,18
u4,Thursday,Clouds,Anand Vihar ISBT,6,Low,8
u4,Monday,Clear,New Delhi Railway Station,9,Medium,7
u4,Saturday,Clear,New Delhi Railway Station,7,Low,8
u4,Saturday,Clear,Kashmere Gate Metro Station,20,Low,18
u4,Wednesday,Rain,Kashmere Gate Metro Station,19,High,16
u4,Sunday,Rain,Anand Vihar ISBT,9,Medium,8
u4,Friday,Fog,New Delhi Railway Station,9,Medium,6
u4,Wednesday,Clouds,New Delhi Railway Station,5,Medium,7
u4,Saturday,Thunderstorm,Anand Vihar ISBT,11,Medium,9
u4,Saturday,Haze,New Delhi Railway Station,7,Medium,8
u4,Saturday,Clear,New Delhi Railway Station,10,Low,8
u4,Monday,Clouds,Kashmere Gate Metro Station,16,Medium,18
u4,Tuesday,Clouds,New Delhi Railway Station,9,Medium,7
u4,Tuesday,Fog,Kashmere Gate Metro Station,19,Medium,17
u4,Monday,Clear,Anand Vihar ISBT,9,Low,8
u4,Thursday,Thunderstorm,Kashmere Gate Metro Station,17,High,17
u4,Wednesday,Haze,Anand Vihar ISBT,7,Medium,8
u4,Saturday,Clear,Kashmere Gate Metro Station,18,Low,18
u4,Thursday,Clear,Kashmere Gate Metro Station,16,Medium,18
u4,Monday,Clear,New Delhi Railway Station,7,Medium,7
u4,Monday,Clouds,New Delhi Railway Station,7,Medium,7
u4,Monday,Haze,New Delhi Railway Station,5,Medium,7
u4,Monday,Clear,New Delhi Railway Station,6,Medium,7
u4,Friday,Clouds,New Delhi Railway Station,7,Medium,7
u4,Thursday,Drizzle,Anand Vihar ISBT,6,Medium,7
u4,Thursday,Clear,Anand Vihar ISBT,8,Low,8
u4,Monday,Haze,Kashmere Gate Metro Station,16,Medium,18
u4,Monday,Clouds,New Delhi Railway Station,8,Medium,7
u4,Friday,Clear,Kashmere Gate Metro Station,18,Medium,18
u4,Wednesday,Fog,Kashmere Gate Metro Station,18,Medium,17
u4,Wednesday,Drizzle,New Delhi Railway Station,5,Medium,6
u4,Tuesday,Haze,New Delhi Railway Station,9,High,6
u4,Thursday,Haze,New Delhi Railway Station,7,Medium,7
u4,Sunday,Clouds,New Delhi Railway Station,8,Low,8
u4,Saturday,Clouds,New Delhi Railway Station,9,Low,8
u4,Wednesday,Drizzle,New Delhi Railway Station,8,Medium,6
u4,Tuesday,Clouds,New Delhi Railway Station,9,Medium,7
u4,Monday,Haze,New Delhi Railway Station,8,Medium,7
u4,Monday,Clear,New Delhi Railway Station,5,Medium,7
u4,Sunday,Clear,New Delhi Railway Station,10,Low,8
u4,Friday,Clouds,Anand Vihar ISBT,8,Low,8
u4,Wednesday,Clear,Kashmere Gate Metro Station,19,Medium,18
u4,Monday,Rain,New Delhi Railway Station,9,Medium,6
u4,Friday,Clouds,Anand Vihar ISBT,6,Low,8
u4,Tuesday,Rain,New Delhi Railway Station,8,High,5
u4,Tuesday,Clouds,Kashmere Gate Metro Station,19,Medium,18
u4,Monday,Clouds,New Delhi Railway Station,9,Medium,7
u4,Saturday,Rain,Kashmere Gate Metro Station,20,Medium,17
u4,Wednesday,Clear,New Delhi Railway Station,9,Medium,7
u4,Friday,Rain,New Delhi Railway Station,8,High,5
u4,Tuesday,Rain,New Delhi Railway Station,7,High,5
u4,Thursday,Clear,Anand Vihar ISBT,7,Low,8
u4,Monday,Rain,Anand Vihar ISBT,9,Medium,7
u4,Monday,Clear,New Delhi Railway Station,9,Medium,7
u4,Thursday,Fog,New Delhi Railway Station,8,Medium,6
u4,Friday,Clear,Anand Vihar ISBT,9,Low,8
u4,Tuesday,Clear,New Delhi Railway Station,9,Medium,7
u4,Thursday,Clouds,Kashmere Gate Metro Station,16,Medium,18
u4,Wednesday,Rain,New Delhi Railway Station,6,Medium,6
u4,Sunday,Fog,New Delhi Railway Station,7,Medium,7
u4,Monday,Clear,New Delhi Railway Station,5,Medium,7
u4,Tuesday,Clear,Kashmere Gate Metro Station,16,Medium,18
u4,Tuesday,Clear,New Delhi Railway Station,7,Medium,7
u4,Monday,Clear,New Delhi Railway Station,6,Medium,7
u4,Thursday,Drizzle,New Delhi Railway Station,7,High,5
u4,Friday,Rain,Kashmere Gate Metro Station,16,Medium,17
u4,Monday,Clear,New Delhi Railway Station,6,Medium,7
u4,Tuesday,Clouds,Anand Vihar ISBT,8,Low,8
u4,Sunday,Haze,New Delhi Railway Station,10,Medium,8
u4,Sunday,Rain,Kashmere Gate Metro Station,16,Medium,17
u4,Wednesday,Clear,New Delhi Railway Station,5,Medium,7
u4,Monday,Clear,New Delhi Railway Station,9,Medium,7
u4,Thursday,Clouds,Anand Vihar ISBT,8,Low,8
u4,Sunday,Clear,New Delhi Railway Station,7,Low,8
u4,Monday,Clouds,New Delhi Railway Station,7,Medium,7
u4,Tuesday,Clouds,New Delhi Railway Station,6,Medium,7
u4,Thursday,Drizzle,New Delhi Railway Station,6,High,5
u4,Wednesday,Clouds,New Delhi Railway Station,7,Medium,7
u4,Sunday,Haze,New Delhi Railway Station,9,Medium,8
u4,Monday,Clouds,New Delhi Railway Station,6,Medium,7
u4,Thursday,Drizzle,New Delhi Railway Station,8,Medium,6
u4,Thursday,Clouds,Kashmere Gate Metro Station,16,Medium,18
u4,Saturday,Clouds,New Delhi Railway Station,6,Low,8
u4,Thursday,Fog,Anand Vihar ISBT,8,Medium,7
u4,Thursday,Rain,New Delhi Railway Station,6,High,5
u4,Wednesday,Haze,Kashmere Gate Metro Station,17,Medium,18
u4,Wednesday,Thunderstorm,Kashmere Gate Metro Station,17,High,17
u4,Saturday,Clear,Kashmere Gate Metro Station,17,Low,18
u4,Tuesday,Fog,Anand Vihar ISBT,8,Medium,7
u4,Tuesday,Haze,Anand Vihar ISBT,9,Medium,8
u4,Friday,Drizzle,Kashmere Gate Metro Station,16,High,16
u4,Monday,Fog,Anand Vihar ISBT,8,Medium,7
u4,Wednesday,Clouds,New Delhi Railway Station,6,Medium,7
u4,Tuesday,Haze,Kashmere Gate Metro Station,20,Medium,18
u4,Friday,Fog,New Delhi Railway Station,5,Medium,6
u4,Thursday,Rain,Anand Vihar ISBT,10,Medium,7
u4,Wednesday,Clear,New Delhi Railway Station,7,Medium,7
u4,Monday,Clear,New Delhi Railway Station,5,Medium,7
u4,Monday,Clouds,New Delhi Railway Station,8,Medium,7
u4,Thursday,Haze,New Delhi Railway Station,6,Medium,7
u4,Saturday,Clouds,Kashmere Gate Metro Station,18,Low,18
u4,Monday,Drizzle,New Delhi Railway Station,9,High,5
u4,Wednesday,Clear,New Delhi Railway Station,9,Medium,7
u4,Thursday,Clear,Kashmere Gate Metro Station,18,Medium,18
u4,Monday,Fog,Kashmere Gate Metro Station,20,Medium,17
u4,Thursday,Clouds,New Delhi Railway Station,9,Medium,7
u4,Friday,Haze,New Delhi Railway Station,9,Medium,7
u4,Friday,Clear,Kashmere Gate Metro Station,18,Medium,18
u4,Monday,Clouds,Anand Vihar ISBT,8,Low,8
u4,Sunday,Haze,New Delhi Railway Station,8,Medium,8
u4,Monday,Clouds,Anand Vihar ISBT,7,Low,8
u4,Wednesday,Clouds,New Delhi Railway Station,9,Medium,7
u4,Wednesday,Haze,Kashmere Gate Metro Station,18,Medium,18
u4,Sunday,Rain,Kashmere Gate Metro Station,19,Medium,17
u4,Thursday,Clouds,Kashmere Gate Metro Station,18,Medium,18
u4,Thursday,Clouds,Kashmere Gate Metro Station,18,Medium,18
u4,Sunday,Thunderstorm,New Delhi Railway Station,8,Medium,8
u4,Thursday,Clouds,Kashmere Gate Metro Station,17,Medium,18
u4,Thursday,Clear,New Delhi Railway Station,7,Medium,7
u4,Saturday,Drizzle,Kashmere Gate Metro Station,19,Medium,17
u4,Saturday,Clear,New Delhi Railway Station,7,Low,8
u4,Monday,Haze,New Delhi Railway Station,7,Medium,7
u4,Saturday,Clear,New Delhi Railway Station,6,Low,8
u4,Monday,Clouds,Kashmere Gate Metro Station,20,Medium,18
u4,Friday,Clear,Kashmere Gate Metro Station,19,Medium,18
u4,Tuesday,Clear,Kashmere Gate Metro Station,16,Medium,18
u4,Saturday,Clear,Kashmere Gate Metro Station,20,Low,18
u4,Thursday,Clouds,Kashmere Gate Metro Station,20,Medium,18
u4,Thursday,Clouds,Kashmere Gate Metro Station,16,Medium,18
u4,Wednesday,Rain,Anand Vihar ISBT,6,Medium,7
u4,Tuesday,Clear,New Delhi Railway Station,5,Medium,7
u4,Friday,Clear,Anand Vihar ISBT,8,Low,8
u4,Thursday,Clear,Anand Vihar ISBT,6,Low,8
u4,Tuesday,Rain,New Delhi Railway Station,7,High,5
u4,Friday,Haze,New Delhi Railway Station,5,Medium,7
u4,Tuesday,Clouds,New Delhi Railway Station,7,Medium,7
u4,Saturday,Fog,New Delhi Railway Station,8,Medium,7
u4,Wednesday,Clear,Anand Vihar ISBT,8,Low,8
u4,Wednesday,Clear,New Delhi Railway Station,8,Medium,7
u4,Friday,Haze,Anand Vihar ISBT,6,Medium,8
u4,Friday,Clear,Anand Vihar ISBT,10,Low,8
u4,Thursday,Rain,New Delhi Railway Station,7,High,5
u4,Tuesday,Rain,Kashmere Gate Metro Station,16,High,16
u4,Saturday,Haze,New Delhi Railway Station,8,Medium,8
u4,Saturday,Clear,Kashmere Gate Metro Station,16,Low,18
u4,Sunday,Clear,Kashmere Gate Metro Station,20,Low,18
u4,Monday,Haze,New Delhi Railway Station,6,Medium,7
u4,Sunday,Clear,New Delhi Railway Station,7,Low,8
u4,Wednesday,Drizzle,New Delhi Railway Station,6,Medium,6
u4,Thursday,Clear,New Delhi Railway Station,8,Medium,7
u4,Thursday,Fog,Anand Vihar ISBT,9,Medium,7
u4,Monday,Rain,Anand Vihar ISBT,7,Medium,7
u4,Saturday,Haze,New Delhi Railway Station,10,Medium,8
u4,Sunday,Haze,New Delhi Railway Station,8,Medium,8
u4,Friday,Clouds,Anand Vihar ISBT,10,Low,8
u4,Friday,Clear,New Delhi Railway Station,7,Medium,7
u4,Tuesday,Clouds,New Delhi Railway Station,9,Medium,7
u4,Tuesday,Clear,Anand Vihar ISBT,10,Low,8
u4,Tuesday,Rain,Kashmere Gate Metro Station,17,High,16
u4,Wednesday,Clouds,New Delhi Railway Station,9,Medium,7
u4,Saturday,Haze,Kashmere Gate Metro Station,18,Medium,18
u4,Thursday,Clear,Anand Vihar ISBT,9,Low,8
u4,Sunday,Rain,New Delhi Railway Station,10,Medium,7
u4,Monday,Clear,New Delhi Railway Station,7,Medium,7
u4,Tuesday,Fog,New Delhi Railway Station,6,Medium,6
u4,Wednesday,Rain,New Delhi Railway Station,5,High,5
u4,Friday,Clear,Kashmere Gate Metro Station,19,Medium,18
u4,Monday,Rain,New Delhi Railway Station,7,High,5
u4,Tuesday,Clear,New Delhi Railway Station,7,Medium,7
u4,Tuesday,Clear,Kashmere Gate Metro Station,18,Medium,18
u4,Monday,Haze,Kashmere Gate Metro Station,18,Medium,18
u4,Monday,Haze,Kashmere Gate Metro Station,18,Medium,18
u4,Friday,Clear,New Delhi Railway Station,6,Medium,7
u4,Monday,Clear,New Delhi Railway Station,5,Medium,7
u4,Monday,Clear,Kashmere Gate Metro Station,18,Medium,18
u4,Thursday,Clouds,Kashmere Gate Metro Station,18,Medium,18
u4,Friday,Drizzle,Kashmere Gate Metro Station,20,Medium,17
u4,Friday,Clear,Anand Vihar ISBT,7,Low,8
u4,Sunday,Haze,Anand Vihar ISBT,9,Medium,9
u4,Saturday,Clouds,Anand Vihar ISBT,11,Low,9
u4,Friday,Clear,Anand Vihar ISBT,10,Low,8
u4,Saturday,Haze,Kashmere Gate Metro Station,20,Medium,18
u4,Thursday,Drizzle,Anand Vihar ISBT,8,Medium,7
u4,Thursday,Clouds,New Delhi Railway Station,5,Medium,7
u4,Tuesday,Clear,Kashmere Gate Metro Station,16,Medium,18
u4,Wednesday,Haze,New Delhi Railway Station,8,Medium,7
u4,Tuesday,Clouds,Kashmere Gate Metro Station,18,Medium,18
u4,Monday,Rain,Kashmere Gate Metro Station,20,Medium,17
u4,Thursday,Haze,Anand Vihar ISBT,6,Medium,8
u4,Sunday,Clear,Kashmere Gate Metro Station,18,Low,18
u4,Saturday,Rain,Kashmere Gate Metro Station,16,Medium,17
u4,Friday,Clear,Kashmere Gate Metro Station,20,Medium,18
u4,Wednesday,Rain,Anand Vihar ISBT,8,Medium,7
u4,Sunday,Haze,New Delhi Railway Station,8,Medium,8
u4,Thursday,Clear,New Delhi Railway Station,7,Medium,7
u4,Monday,Clouds,Anand Vihar ISBT,10,Low,8
u4,Monday,Thunderstorm,Kashmere Gate Metro Station,16,High,17
u4,Thursday,Clear,New Delhi Railway Station,5,Medium,7
u4,Wednesday,Clouds,Kashmere Gate Metro Station,19,Medium,18
u4,Wednesday,Rain,Anand Vihar ISBT,9,Medium,7
u4,Friday,Rain,Kashmere Gate Metro Station,20,Medium,17
u4,Tuesday,Rain,New Delhi Railway Station,9,High,5
u4,Friday,Haze,Kashmere Gate Metro Station,16,Medium,18
u4,Thursday,Fog,Anand Vihar ISBT,8,Medium,7
u4,Tuesday,Fog,New Delhi Railway Station,7,Medium,6
u4,Saturday,Clear,Anand Vihar ISBT,11,Low,9
u4,Friday,Clear,New Delhi Railway Station,9,Medium,7
u4,Thursday,Fog,New Delhi Railway Station,7,Medium,6
u4,Thursday,Clear,New Delhi Railway Station,8,Medium,7
u4,Tuesday,Fog,Kashmere Gate Metro Station,19,Medium,17
u4,Monday,Thunderstorm,New Delhi Railway Station,6,High,6
u4,Wednesday,Clear,Anand Vihar ISBT,7,Low,8
u4,Thursday,Clear,New Delhi Railway Station,8,Medium,7
u4,Thursday,Clouds,Kashmere Gate Metro Station,19,Medium,18
u4,Saturday,Clouds,Kashmere Gate Metro Station,19,Low,18
u4,Tuesday,Clear,Anand Vihar ISBT,8,Low,8
u4,Tuesday,Rain,New Delhi Railway Station,6,High,5
u4,Sunday,Fog,Anand Vihar ISBT,11,Medium,8
u4,Sunday,Haze,Kashmere Gate Metro Station,16,Medium,18
u4,Thursday,Clouds,Kashmere Gate Metro Station,18,Medium,18
u4,Wednesday,Clear,Kashmere Gate Metro Station,20,Medium,18
u4,Monday,Clouds,Anand Vihar ISBT,6,Low,8
u4,Wednesday,Rain,Kashmere Gate Metro Station,16,High,16
u4,Tuesday,Clear,New Delhi Railway Station,5,Medium,7
u4,Saturday,Clear,New Delhi Railway Station,8,Low,8
u4,Monday,Clear,New Delhi Railway Station,7,Medium,7
u4,Monday,Clouds,Anand Vihar ISBT,8,Low,8
u4,Saturday,Drizzle,Kashmere Gate Metro Station,18,Medium,17
u4,Thursday,Clear,New Delhi Railway Station,5,Medium,7
u4,Saturday,Clear,New Delhi Railway Station,6,Low,8
u4,Monday,Clear,Anand Vihar ISBT,9,Low,8
u4,Monday,Rain,New Delhi Railway Station,9,High,5
u4,Tuesday,Rain,Anand Vihar ISBT,8,Medium,7
u4,Wednesday,Rain,Kashmere Gate Metro Station,18,High,16
u4,Friday,Clouds,Kashmere Gate Metro Station,20,Medium,18
u4,Saturday,Fog,Kashmere Gate Metro Station,17,Medium,17
u4,Saturday,Haze,New Delhi Railway Station,7,Medium,8
u4,Thursday,Clear,New Delhi Railway Station,7,Medium,7
u4,Tuesday,Fog,Anand Vihar ISBT,8,Medium,7
u4,Friday,Fog,Kashmere Gate Metro Station,16,Medium,17
u4,Wednesday,Fog,New Delhi Railway Station,9,Medium,6
u4,Sunday,Drizzle,Kashmere Gate Metro Station,16,Medium,17
u4,Sunday,Clouds,New Delhi Railway Station,7,Low,8
u4,Thursday,Thunderstorm,Kashmere Gate Metro Station,20,High,17
u4,Tuesday,Drizzle,New Delhi Railway Station,9,Medium,6
u4,Sunday,Clouds,New Delhi Railway Station,7,Low,8
u4,Wednesday,Clouds,New Delhi Railway Station,7,Medium,7
u4,Wednesday,Clear,New Delhi Railway Station,5,Medium,7
u4,Monday,Clouds,New Delhi Railway Station,7,Medium,7
u4,Friday,Clear,New Delhi Railway Station,7,Medium,7
u4,Wednesday,Clouds,Anand Vihar ISBT,6,Low,8
u4,Sunday,Haze,Kashmere Gate Metro Station,16,Medium,18
u4,Wednesday,Clear,New Delhi Railway Station,8,Medium,7
u4,Friday,Clouds,New Delhi Railway Station,7,Medium,7
u4,Tuesday,Clouds,Anand Vihar ISBT,10,Low,8
u4,Tuesday,Clear,Anand Vihar ISBT,8,Low,8
u4,Monday,Fog,Kashmere Gate Metro Station,19,Medium,17
u4,Monday,Rain,New Delhi Railway Station,6,High,5
u4,Tuesday,Clouds,New Delhi Railway Station,8,Medium,7
u4,Friday,Clouds,New Delhi Railway Station,6,Medium,7
u4,Sunday,Thunderstorm,New Delhi Railway Station,9,Medium,8
u4,Wednesday,Clear,New Delhi Railway Station,5,Medium,7
u4,Monday,Rain,New Delhi Railway Station,9,Medium,6
u4,Friday,Fog,New Delhi Railway Station,9,Medium,6
u4,Monday,Rain,Anand Vihar ISBT,10,Medium,7
u4,Monday,Drizzle,Kashmere Gate Metro Station,19,Medium,17
u4,Saturday,Clouds,New Delhi Railway Station,8,Low,8
u4,Sunday,Fog,Kashmere Gate Metro Station,18,Medium,17
u4,Thursday,Haze,Anand Vihar ISBT,10,Medium,8
u4,Tuesday,Clear,Kashmere Gate Metro Station,16,Medium,18
u4,Thursday,Clouds,New Delhi Railway Station,7,Medium,7
u4,Saturday,Clouds,Kashmere Gate Metro Station,18,Low,18
u4,Thursday,Rain,New Delhi Railway Station,7,Medium,6
u4,Saturday,Clear,New Delhi Railway Station,8,Medium,8
u4,Saturday,Clear,Anand Vihar ISBT,9,Low,9
u4,Thursday,Fog,New Delhi Railway Station,5,Medium,6
u4,Thursday,Clear,New Delhi Railway Station,7,Medium,7
u4,Wednesday,Clear,New Delhi Railway Station,9,Medium,7
u4,Friday,Clouds,New Delhi Railway Station,7,Medium,7
u4,Sunday,Clouds,Anand Vihar ISBT,9,Low,9
u4,Thursday,Clear,New Delhi Railway Station,7,Medium,7
u4,Friday,Rain,New Delhi Railway Station,5,High,5
u4,Friday,Clear,Anand Vihar ISBT,9,Low,8
u4,Wednesday,Clear,New Delhi Railway Station,9,Medium,7
u4,Saturday,Clear,Kashmere Gate Metro Station,18,Low,18
u4,Wednesday,Clear,Kashmere Gate Metro Station,20,Medium,18
u4,Tuesday,Rain,Kashmere Gate Metro Station,17,High,16
u4,Friday,Rain,New Delhi Railway Station,7,High,5
u4,Tuesday,Rain,Kashmere Gate Metro Station,20,High,16
u4,Friday,Fog,Kashmere Gate Metro Station,16,Medium,17
u4,Saturday,Fog,Kashmere Gate Metro Station,17,Medium,17
u4,Monday,Clouds,New Delhi Railway Station,7,Medium,7
u4,Monday,Clear,New Delhi Railway Station,8,Medium,7
u4,Thursday,Clear,Kashmere Gate Metro Station,17,Medium,18
u4,Thursday,Haze,Kashmere Gate Metro Station,20,Medium,18
u4,Friday,Clear,Anand Vihar ISBT,7,Low,8
u4,Thursday,Fog,Anand Vihar ISBT,8,Medium,7
u4,Friday,Rain,Anand Vihar ISBT,6,Medium,7
u4,Thursday,Rain,New Delhi Railway Station,5,High,5
u4,Monday,Rain,New Delhi Railway Station,6,Medium,6
u4,Thursday,Clear,New Delhi Railway Station,8,Medium,7
u4,Wednesday,Clouds,New Delhi Railway Station,5,Medium,7
u4,Saturday,Rain,Kashmere Gate Metro Station,18,Medium,17
u4,Sunday,Clear,New Delhi Railway Station,8,Low,8
u4,Tuesday,Clear,Anand Vihar ISBT,6,Low,8
u4,Tuesday,Clear,Kashmere Gate Metro Station,18,Medium,18
u4,Saturday,Fog,Anand Vihar ISBT,9,Medium,8
u4,Wednesday,Thunderstorm,Kashmere Gate Metro Station,18,High,17
u4,Thursday,Clear,New Delhi Railway Station,7,Medium,7
u4,Thursday,Clear,New Delhi Railway Station,9,Medium,7
u4,Friday,Drizzle,New Delhi Railway Station,6,Medium,6
u4,Thursday,Haze,New Delhi Railway Station,9,Medium,7
u4,Tuesday,Haze,New Delhi Railway Station,8,Medium,7
u4,Thursday,Haze,New Delhi Railway Station,7,Medium,7
u4,Sunday,Clear,New Delhi Railway Station,10,Low,8
u4,Monday,Thunderstorm,New Delhi Railway Station,7,High,6
u4,Monday,Drizzle,New Delhi Railway Station,7,Medium,6
u4,Thursday,Clear,Anand Vihar ISBT,8,Low,8
u4,Saturday,Clouds,New Delhi Railway Station,7,Low,8
u4,Thursday,Haze,New Delhi Railway Station,5,Medium,7
u4,Wednesday,Clouds,Anand Vihar ISBT,6,Low,8
u4,Thursday,Clouds,New Delhi Railway Station,6,Medium,7
u4,Thursday,Clear,Anand Vihar ISBT,6,Low,8
u4,Wednesday,Drizzle,New Delhi Railway Station,7,Medium,6
u4,Wednesday,Fog,Anand Vihar ISBT,7,Medium,7
u4,Tuesday,Clear,Anand Vihar ISBT,8,Low,8
u4,Friday,Rain,New Delhi Railway Station,9,High,5
u4,Monday,Clear,New Delhi Railway Station,9,Medium,7
u4,Wednesday,Clear,Anand Vihar ISBT,6,Low,8
u4,Friday,Clear,Anand Vihar ISBT,9,Low,8
u4,Thursday,Clear,New Delhi Railway Station,6,Medium,7
u4,Monday,Clear,New Delhi Railway Station,8,Medium,7
u4,Saturday,Fog,Kashmere Gate Metro Station,18,Medium,17
u4,Wednesday,Clouds,Kashmere Gate Metro Station,19,Medium,18
u4,Sunday,Clouds,Anand Vihar ISBT,8,Low,9
u4,Tuesday,Clouds,Kashmere Gate Metro Station,19,Medium,18
u4,Thursday,Clouds,New Delhi Railway Station,7,Medium,7
u4,Sunday,Fog,New Delhi Railway Station,8,Medium,7
u4,Sunday,Clear,New Delhi Railway Station,10,Low,8
u4,Thursday,Rain,Kashmere Gate Metro Station,18,High,16
u4,Wednesday,Haze,New Delhi Railway Station,6,Medium,7
u4,Friday,Fog,New Delhi Railway Station,5,Medium,6
u4,Thursday,Clear,New Delhi Railway Station,6,Medium,7
u4,Thursday,Clouds,New Delhi Railway Station,9,Medium,7
u4,Wednesday,Rain,Kashmere Gate Metro Station,20,High,16
u4,Wednesday,Haze,Kashmere Gate Metro Station,19,Medium,18
u4,Friday,Clouds,Anand Vihar ISBT,9,Low,8
u4,Friday,Clear,New Delhi Railway Station,7,Medium,7
u4,Friday,Clouds,New Delhi Railway Station,5,Medium,7
u4,Monday,Haze,Kashmere Gate Metro Station,18,Medium,18
u4,Wednesday,Clear,Anand Vihar ISBT,8,Low,8
u4,Sunday,Clear,Kashmere Gate Metro Station,16,Low,18
u4,Monday,Clear,New Delhi Railway Station,8,Medium,7
u4,Friday,Clouds,Kashmere Gate Metro Station,16,Medium,18
u4,Saturday,Clouds,New Delhi Railway Station,7,Low,8
u4,Monday,Clouds,Kashmere Gate Metro Station,19,Medium,18
u4,Monday,Clear,Anand Vihar ISBT,8,Low,8
u4,Sunday,Drizzle,New Delhi Railway Station,7,Medium,7
u4,Monday,Clear,Anand Vihar ISBT,8,Low,8
u4,Friday,Clear,New Delhi Railway Station,6,Medium,7
u4,Tuesday,Rain,New Delhi Railway Station,8,High,5
u4,Thursday,Clouds,New Delhi Railway Station,7,Medium,7
u4,Thursday,Fog,New Delhi Railway Station,9,Medium,6
u4,Saturday,Clouds,New Delhi Railway Station,7,Low,8
u4,Thursday,Fog,New Delhi Railway Station,6,Medium,6
u4,Thursday,Clear,Kashmere Gate Metro Station,19,Medium,18
u4,Sunday,Fog,Anand Vihar ISBT,9,Medium,8
u4,Thursday,Rain,New Delhi Railway Station,5,High,5
u4,Saturday,Clear,New Delhi Railway Station,10,Low,8
u4,Tuesday,Clouds,Kashmere Gate Metro Station,20,Medium,18
u4,Friday,Clouds,Kashmere Gate Metro Station,18,Medium,18
u4,Sunday,Haze,Anand Vihar ISBT,7,Medium,9
u4,Tuesday,Rain,New Delhi Railway Station,6,High,5
u4,Saturday,Clear,Anand Vihar ISBT,9,Low,9
u4,Wednesday,Rain,New Delhi Railway Station,5,Medium,6
u4,Friday,Clear,New Delhi Railway Station,9,Medium,7
u4,Sunday,Clouds,Kashmere Gate Metro Station,19,Low,18
u4,Sunday,Clear,Kashmere Gate Metro Station,18,Low,18
u4,Thursday,Haze,New Delhi Railway Station,9,Medium,7
u4,Wednesday,Clear,New Delhi Railway Station,6,Medium,7
u4,Thursday,Fog,New Delhi Railway Station,7,Medium,6
u4,Wednesday,Clouds,New Delhi Railway Station,8,Medium,7
u4,Wednesday,Clear,New Delhi Railway Station,7,Medium,7
u4,Monday,Haze,Kashmere Gate Metro Station,19,Medium,18
u4,Saturday,Clear,Kashmere Gate Metro Station,17,Low,18
u4,Thursday,Clear,Kashmere Gate Metro Station,17,Medium,18
u4,Monday,Clouds,New Delhi Railway Station,7,Medium,7
u4,Tuesday,Clear,New Delhi Railway Station,5,Medium,7
u4,Friday,Drizzle,Anand Vihar ISBT,7,Medium,7
u4,Friday,Clear,Kashmere Gate Metro Station,18,Medium,18
u4,Friday,Clouds,New Delhi Railway Station,8,Medium,7
u4,Tuesday,Clear,New Delhi Railway Station,8,Medium,7
u4,Thursday,Drizzle,Kashmere Gate Metro Station,19,Medium,17
u4,Monday,Rain,New Delhi Railway Station,8,High,5
u4,Tuesday,Drizzle,New Delhi Railway Station,7,High,5
u4,Thursday,Clear,New Delhi Railway Station,9,Medium,7
u4,Monday,Clear,New Delhi Railway Station,7,Medium,7
u4,Friday,Clouds,Kashmere Gate Metro Station,17,Medium,18
u4,Saturday,Rain,Anand Vihar ISBT,8,Medium,8
u4,Sunday,Haze,Kashmere Gate Metro Station,16,Medium,18
u4,Monday,Fog,New Delhi Railway Station,9,Medium,6
u4,Sunday,Rain,New Delhi Railway Station,8,Medium,7
u4,Saturday,Clear,New Delhi Railway Station,8,Medium,8
u4,Friday,Clear,New Delhi Railway Station,6,Medium,7
u4,Friday,Clear,New Delhi Railway Station,5,Medium,7
u4,Monday,Haze,New Delhi Railway Station,6,Medium,7
u4,Wednesday,Clear,Anand Vihar ISBT,7,Low,8
u4,Monday,Clouds,Kashmere Gate Metro Station,18,Medium,18
u4,Friday,Clouds,Anand Vihar ISBT,8,Low,8
u4,Tuesday,Clear,New Delhi Railway Station,7,Medium,7
u4,Monday,Drizzle,Kashmere Gate Metro Station,19,Medium,17
u4,Tuesday,Clouds,New Delhi Railway Station,7,Medium,7
u4,Tuesday,Fog,New Delhi Railway Station,7,Medium,6
u4,Tuesday,Clear,Anand Vihar ISBT,6,Low,8
u4,Tuesday,Clouds,New Delhi Railway Station,7,Medium,7
u4,Saturday,Fog,New Delhi Railway Station,8,Medium,7
u4,Sunday,Clouds,New Delhi Railway Station,8,Medium,8
u4,Tuesday,Clouds,Kashmere Gate Metro Station,20,Medium,18
u4,Friday,Clouds,Anand Vihar ISBT,6,Low,8
u4,Sunday,Drizzle,New Delhi Railway Station,10,Medium,7
u4,Wednesday,Clouds,Anand Vihar ISBT,10,Low,8
u4,Saturday,Rain,Anand Vihar ISBT,11,Medium,8
u4,Monday,Fog,New Delhi Railway Station,5,Medium,6
u4,Wednesday,Rain,Anand Vihar ISBT,8,Medium,7
u4,Saturday,Clear,Kashmere Gate Metro Station,18,Low,18
u4,Sunday,Clouds,New Delhi Railway Station,10,Low,8
u4,Thursday,Rain,New Delhi Railway Station,7,High,5
u4,Wednesday,Rain,Kashmere Gate Metro Station,19,High,16
u4,Sunday,Clear,New Delhi Railway Station,9,Low,8
u4,Thursday,Clouds,New Delhi Railway Station,7,Medium,7
u4,Monday,Haze,Anand Vihar ISBT,8,Medium,8
u4,Monday,Drizzle,Kashmere Gate Metro Station,19,Medium,17
u4,Wednesday,Haze,New Delhi Railway Station,7,Medium,7
u4,Saturday,Clear,Anand Vihar ISBT,7,Low,9
u4,Wednesday,Clouds,Kashmere Gate Metro Station,17,Medium,18
u4,Friday,Clear,New Delhi Railway Station,7,Medium,7
u4,Thursday,Clouds,Kashmere Gate Metro Station,18,Medium,18
u4,Saturday,Clouds,New Delhi Railway Station,7,Low,8
u4,Monday,Rain,Anand Vihar ISBT,8,Medium,7
u4,Tuesday,Clear,New Delhi Railway Station,9,Medium,7
u4,Tuesday,Clouds,Anand Vihar ISBT,8,Low,8
u4,Wednesday,Thunderstorm,Kashmere Gate Metro Station,20,High,17
u4,Thursday,Drizzle,New Delhi Railway Station,5,High,5
u4,Friday,Fog,Kashmere Gate Metro Station,20,Medium,17
u4,Monday,Rain,New Delhi Railway Station,8,High,5
u4,Thursday,Rain,New Delhi Railway Station,6,High,5
u4,Sunday,Clouds,Anand Vihar ISBT,9,Low,9
u4,Monday,Clear,Kashmere Gate Metro Station,20,Medium,18
u4,Tuesday,Clear,New Delhi Railway Station,7,Medium,7
u4,Sunday,Clear,Kashmere Gate Metro Station,17,Low,18
u4,Monday,Haze,Anand Vihar ISBT,8,Medium,8
u4,Monday,Clear,New Delhi Railway Station,6,Medium,7
u4,Tuesday,Rain,New Delhi Railway Station,6,High,5
u4,Tuesday,Fog,New Delhi Railway Station,5,Medium,6
u4,Sunday,Clear,Anand Vihar ISBT,11,Low,9
u4,Monday,Fog,Kashmere Gate Metro Station,18,Medium,17
u4,Tuesday,Rain,Anand Vihar ISBT,10,Medium,7
u4,Wednesday,Clear,New Delhi Railway Station,9,Medium,7
u4,Friday,Haze,Kashmere Gate Metro Station,20,Medium,18
u4,Friday,Rain,New Delhi Railway Station,6,High,5
u4,Thursday,Fog,Kashmere Gate Metro Station,20,Medium,17
u4,Friday,Fog,New Delhi Railway Station,5,Medium,6
u4,Saturday,Clouds,New Delhi Railway Station,10,Medium,8
u4,Sunday,Fog,Kashmere Gate Metro Station,19,Medium,17
u4,Wednesday,Clouds,Anand Vihar ISBT,7,Low,8
u4,Thursday,Rain,New Delhi Railway Station,7,High,5
u4,Friday,Clear,New Delhi Railway Station,5,Medium,7
u4,Friday,Clear,Kashmere Gate Metro Station,20,Medium,18
u4,Monday,Clear,New Delhi Railway Station,7,Medium,7
u4,Friday,Clear,Kashmere Gate Metro Station,17,Medium,18
u4,Monday,Clouds,Anand Vihar ISBT,10,Low,8
u4,Sunday,Rain,New Delhi Railway Station,6,Medium,7
u4,Thursday,Fog,New Delhi Railway Station,5,Medium,6
u4,Wednesday,Haze,Kashmere Gate Metro Station,16,Medium,18
u4,Thursday,Clear,New Delhi Railway Station,5,Medium,7
u4,Thursday,Haze,Kashmere Gate Metro Station,17,Medium,18
u4,Wednesday,Clouds,New Delhi Railway Station,9,Medium,7
u4,Thursday,Fog,Anand Vihar ISBT,10,Medium,7
u4,Friday,Fog,Kashmere Gate Metro Station,19,Medium,17
u4,Friday,Clouds,Kashmere Gate Metro Station,17,Medium,18
u4,Thursday,Clouds,New Delhi Railway Station,5,Medium,7
u4,Wednesday,Fog,Kashmere Gate Metro Station,16,Medium,17
u4,Monday,Clouds,New Delhi Railway Station,9,Medium,7
u4,Wednesday,Drizzle,New Delhi Railway Station,7,Medium,6
u4,Friday,Haze,New Delhi Railway Station,9,Medium,7
u4,Tuesday,Rain,New Delhi Railway Station,9,Medium,6
u4,Sunday,Haze,New Delhi Railway Station,8,Medium,8
u4,Tuesday,Haze,New Delhi Railway Station,6,Medium,7
u4,Saturday,Clear,Kashmere Gate Metro Station,19,Medium,18
u4,Friday,Clear,Kashmere Gate Metro Station,18,Medium,18
u4,Wednesday,Clear,New Delhi Railway Station,5,Medium,7
u4,Thursday,Drizzle,Kashmere Gate Metro Station,18,Medium,17
u4,Monday,Clear,Kashmere Gate Metro Station,18,Medium,18
u4,Saturday,Clouds,Kashmere Gate Metro Station,16,Low,18
u4,Saturday,Clouds,New Delhi Railway Station,8,Low,8
u4,Monday,Clear,New Delhi Railway Station,9,Medium,7
u4,Friday,Clouds,Kashmere Gate Metro Station,18,Medium,18
u4,Monday,Clouds,Anand Vihar ISBT,6,Low,8
u4,Monday,Clear,Anand Vihar ISBT,10,Low,8
u4,Tuesday,Rain,New Delhi Railway Station,6,High,5
u4,Sunday,Fog,New Delhi Railway Station,8,Medium,7
u4,Sunday,Drizzle,Kashmere Gate Metro Station,18,Medium,17
u4,Wednesday,Clouds,New Delhi Railway Station,8,Medium,7
u4,Tuesday,Haze,Kashmere Gate Metro Station,19,Medium,18
u4,Monday,Rain,Anand Vihar ISBT,8,Medium,7
u4,Friday,Clear,New Delhi Railway Station,5,Medium,7
u4,Friday,Rain,Kashmere Gate Metro Station,18,High,16
u4,Monday,Drizzle,New Delhi Railway Station,7,Medium,6
u4,Friday,Fog,Kashmere Gate Metro Station,17,Medium,17
u4,Monday,Clear,Kashmere Gate Metro Station,17,Medium,18
u4,Thursday,Rain,Anand Vihar ISBT,7,Medium,7
u4,Friday,Clouds,New Delhi Railway Station,8,Medium,7
u4,Monday,Rain,Kashmere Gate Metro Station,19,High,16
u4,Thursday,Clear,Kashmere Gate Metro Station,18,Medium,18
u4,Monday,Haze,Kashmere Gate Metro Station,18,Medium,18
u4,Thursday,Thunderstorm,New Delhi Railway Station,7,High,6
u4,Friday,Clear,New Delhi Railway Station,9,Medium,7
u4,Tuesday,Rain,Kashmere Gate Metro Station,20,High,16
u4,Friday,Fog,New Delhi Railway Station,9,Medium,6
u4,Saturday,Clear,New Delhi Railway Station,8,Low,8
u4,Saturday,Drizzle,Anand Vihar ISBT,9,Medium,8
u4,Thursday,Clear,New Delhi Railway Station,5,Medium,7
u4,Wednesday,Clear,New Delhi Railway Station,6,Medium,7
u4,Monday,Fog,New Delhi Railway Station,7,Medium,6
u4,Sunday,Clouds,Anand Vihar ISBT,7,Low,9
u4,Monday,Fog,New Delhi Railway Station,9,Medium,6
u4,Wednesday,Clouds,Kashmere Gate Metro Station,20,Medium,18
u4,Thursday,Clear,New Delhi Railway Station,9,Medium,7
u4,Monday,Clear,Kashmere Gate Metro Station,18,Medium,18
u4,Monday,Clear,New Delhi Railway Station,5,Medium,7
u4,Wednesday,Haze,New Delhi Railway Station,9,Medium,7
u4,Sunday,Clouds,Kashmere Gate Metro Station,16,Medium,18
u4,Thursday,Clouds,Kashmere Gate Metro Station,17,Medium,18
u4,Saturday,Haze,Anand Vihar ISBT,9,Medium,9
u4,Sunday,Clouds,New Delhi Railway Station,9,Medium,8
u4,Wednesday,Rain,New Delhi Railway Station,8,High,5
u4,Tuesday,Drizzle,New Delhi Railway Station,6,High,5
u4,Thursday,Haze,Kashmere Gate Metro Station,20,Medium,18
u4,Tuesday,Clear,New Delhi Railway Station,6,Medium,7
u4,Wednesday,Rain,New Delhi Railway Station,9,High,5
u4,Wednesday,Clear,New Delhi Railway Station,5,Medium,7
u4,Wednesday,Rain,New Delhi Railway Station,6,High,5
u4,Thursday,Rain,New Delhi Railway Station,8,High,5
u4,Friday,Fog,Kashmere Gate Metro Station,18,Medium,17
u4,Wednesday,Thunderstorm,Kashmere Gate Metro Station,18,High,17
u4,Friday,Haze,Anand Vihar ISBT,9,Medium,8
u4,Wednesday,Haze,Anand Vihar ISBT,10,Medium,8
u4,Thursday,Haze,New Delhi Railway Station,7,Medium,7
u4,Thursday,Rain,Kashmere Gate Metro Station,19,Medium,17
u4,Friday,Clouds,Anand Vihar ISBT,6,Low,8
u4,Friday,Clouds,New Delhi Railway Station,8,Medium,7
u4,Saturday,Clouds,Kashmere Gate Metro Station,17,Low,18
u4,Friday,Clear,Anand Vihar ISBT,9,Low,8
u4,Sunday,Clear,New Delhi Railway Station,7,Low,8
u4,Thursday,Rain,New Delhi Railway Station,9,High,5
u4,Sunday,Clear,Anand Vihar ISBT,9,Low,9
u4,Wednesday,Clear,Anand Vihar ISBT,6,Low,8
u4,Monday,Clear,Anand Vihar ISBT,8,Low,8
u4,Friday,Thunderstorm,Kashmere Gate Metro Station,16,High,17
u4,Monday,Haze,Anand Vihar ISBT,6,Medium,8
u4,Friday,Rain,New Delhi Railway Station,7,High,5
u4,Thursday,Clouds,New Delhi Railway Station,7,Medium,7
u4,Saturday,Drizzle,New Delhi Railway Station,9,Medium,7
u4,Saturday,Clear,Kashmere Gate Metro Station,17,Low,18
u4,Sunday,Rain,Kashmere Gate Metro Station,19,Medium,17
u4,Friday,Rain,Anand Vihar ISBT,9,Medium,7
u4,Tuesday,Haze,New Delhi Railway Station,9,Medium,7
u4,Tuesday,Clear,New Delhi Railway Station,7,Medium,7
u4,Saturday,Drizzle,Anand Vihar ISBT,9,Medium,8
u4,Monday,Clouds,Anand Vihar ISBT,9,Low,8
u4,Friday,Clouds,Kashmere Gate Metro Station,18,Medium,18
u4,Thursday,Clear,Kashmere Gate Metro Station,16,Medium,18
u4,Wednesday,Clear,New Delhi Railway Station,5,Medium,7
u4,Thursday,Clear,New Delhi Railway Station,7,Medium,7
u4,Saturday,Fog,New Delhi Railway Station,7,Medium,7
u4,Tuesday,Rain,Kashmere Gate Metro Station,19,High,16
u4,Friday,Clear,Anand Vihar ISBT,6,Low,8
u4,Thursday,Haze,Kashmere Gate Metro Station,20,Medium,18
u4,Sunday,Rain,Kashmere Gate Metro Station,19,Medium,17
u4,Thursday,Clouds,New Delhi Railway Station,9,Medium,7
u4,Tuesday,Clear,Kashmere Gate Metro Station,19,Medium,18
u4,Thursday,Rain,New Delhi Railway Station,5,High,5
u4,Saturday,Fog,Kashmere Gate Metro Station,18,Medium,17
u4,Friday,Clear,Anand Vihar ISBT,6,Low,8
u4,Saturday,Haze,New Delhi Railway Station,8,Medium,8
u4,Wednesday,Clouds,Anand Vihar ISBT,10,Low,8
u4,Thursday,Clear,New Delhi Railway Station,5,Medium,7
u4,Thursday,Thunderstorm,Kashmere Gate Metro Station,16,High,17
u4,Friday,Haze,Anand Vihar ISBT,7,Medium,8
u4,Thursday,Clouds,Kashmere Gate Metro Station,18,Medium,18
u4,Thursday,Clear,New Delhi Railway Station,6,Medium,7
u4,Wednesday,Rain,New Delhi Railway Station,7,Medium,6
u4,Sunday,Rain,Kashmere Gate Metro Station,17,Medium,17
u4,Saturday,Clear,Anand Vihar ISBT,9,Low,9
u4,Sunday,Drizzle,Anand Vihar ISBT,9,Medium,8
u4,Tuesday,Rain,New Delhi Railway Station,7,Medium,6
u4,Saturday,Rain,Kashmere Gate Metro Station,18,Medium,17
u4,Thursday,Fog,New Delhi Railway Station,5,Medium,6
u4,Tuesday,Clear,Kashmere Gate Metro Station,17,Medium,18
u4,Saturday,Clouds,New Delhi Railway Station,7,Medium,8
u4,Saturday,Clear,New Delhi Railway Station,7,Low,8
u4,Monday,Clear,New Delhi Railway Station,5,Medium,7
u4,Tuesday,Clouds,New Delhi Railway Station,8,Medium,7
u4,Sunday,Clouds,Kashmere Gate Metro Station,19,Low,18
u4,Thursday,Clouds,New Delhi Railway Station,7,Medium,7
u4,Sunday,Clouds,Anand Vihar ISBT,8,Low,9
u4,Sunday,Clear,Kashmere Gate Metro Station,18,Low,18
u4,Friday,Clouds,New Delhi Railway Station,5,Medium,7
u4,Thursday,Fog,Kashmere Gate Metro Station,18,High,16
u4,Wednesday,Clouds,New Delhi Railway Station,5,Medium,7
u4,Sunday,Rain,New Delhi Railway Station,6,Medium,7
u4,Tuesday,Clear,New Delhi Railway Station,6,Medium,7
u4,Monday,Haze,Kashmere Gate Metro Station,18,Medium,18
u4,Thursday,Clear,Kashmere Gate Metro Station,16,Medium,18
u4,Tuesday,Clear,New Delhi Railway Station,8,Medium,7
u4,Monday,Clouds,Anand Vihar ISBT,10,Low,8
u4,Tuesday,Clouds,Kashmere Gate Metro Station,19,Medium,18
u4,Friday,Fog,Anand Vihar ISBT,10,Medium,7
u4,Tuesday,Haze,Anand Vihar ISBT,9,Medium,8
u4,Wednesday,Rain,New Delhi Railway Station,7,Medium,6
u4,Saturday,Clouds,New Delhi Railway Station,7,Low,8
u4,Wednesday,Clouds,Kashmere Gate Metro Station,17,Medium,18
u4,Saturday,Clouds,Anand Vihar ISBT,9,Low,9
u4,Wednesday,Clouds,Kashmere Gate Metro Station,18,Medium,18
u4,Tuesday,Thunderstorm,Anand Vihar ISBT,9,Medium,8
u4,Thursday,Clouds,New Delhi Railway Station,6,Medium,7
u4,Thursday,Fog,Kashmere Gate Metro Station,18,Medium,17
u4,Monday,Clear,New Delhi Railway Station,9,Medium,7
u4,Friday,Drizzle,Kashmere Gate Metro Station,18,High,16
u4,Friday,Rain,Anand Vihar ISBT,6,Medium,7
u4,Saturday,Clear,New Delhi Railway Station,8,Low,8
u4,Sunday,Haze,New Delhi Railway Station,9,Medium,8
u4,Monday,Clouds,Kashmere Gate Metro Station,18,Medium,18
u4,Friday,Fog,New Delhi Railway Station,5,Medium,6
u4,Thursday,Clear,New Delhi Railway Station,7,Medium,7
u4,Wednesday,Clouds,New Delhi Railway Station,5,Medium,7
u4,Saturday,Clouds,New Delhi Railway Station,7,Low,8
u4,Saturday,Clear,New Delhi Railway Station,8,Low,8
u4,Friday,Clouds,New Delhi Railway Station,7,Medium,7
u4,Tuesday,Clear,New Delhi Railway Station,7,Medium,7
u4,Sunday,Fog,Kashmere Gate Metro Station,18,Medium,17
u4,Thursday,Rain,Kashmere Gate Metro Station,16,High,16
u4,Wednesday,Clear,Anand Vihar ISBT,10,Low,8
u4,Tuesday,Clear,Kashmere Gate Metro Station,20,Medium,18
u4,Wednesday,Drizzle,Kashmere Gate Metro Station,18,High,16
u4,Friday,Clear,Kashmere Gate Metro Station,18,Medium,18
u4,Monday,Clouds,Kashmere Gate Metro Station,18,Medium,18
u4,Friday,Clear,Anand Vihar ISBT,6,Low,8
u4,Saturday,Clear,Kashmere Gate Metro Station,18,Low,18
u4,Friday,Rain,New Delhi Railway Station,6,High,5
u4,Wednesday,Clouds,New Delhi Railway Station,7,Medium,7
u4,Monday,Clear,New Delhi Railway Station,7,Medium,7
u4,Monday,Clear,Kashmere Gate Metro Station,20,Medium,18
u4,Saturday,Rain,Anand Vihar ISBT,9,Medium,8
u4,Wednesday,Clouds,Anand Vihar ISBT,7,Low,8
u4,Monday,Drizzle,New Delhi Railway Station,6,Medium,6
u4,Friday,Clear,New Delhi Railway Station,8,Medium,7
u4,Saturday,Rain,Anand Vihar ISBT,9,Medium,8
u4,Friday,Fog,New Delhi Railway Station,7,Medium,6
u4,Wednesday,Drizzle,New Delhi Railway Station,8,Medium,6
u4,Wednesday,Fog,Kashmere Gate Metro Station,19,Medium,17
u4,Tuesday,Clouds,New Delhi Railway Station,7,Medium,7
u4,Wednesday,Clouds,Kashmere Gate Metro Station,17,Medium,18
u4,Monday,Drizzle,New Delhi Railway Station,7,Medium,6
u4,Thursday,Haze,New Delhi Railway Station,5,Medium,7
u4,Sunday,Clear,New Delhi Railway Station,9,Low,8
u4,Friday,Fog,New Delhi Railway Station,8,Medium,6
u4,Tuesday,Clear,New Delhi Railway Station,9,Medium,7
u4,Thursday,Clouds,Kashmere Gate Metro Station,18,Medium,18
u4,Monday,Clear,Anand Vihar ISBT,7,Low,8
u4,Tuesday,Clear,New Delhi Railway Station,9,Medium,7
u4,Sunday,Fog,Kashmere Gate Metro Station,17,Medium,17
u4,Monday,Clouds,New Delhi Railway Station,9,Medium,7
u4,Wednesday,Clouds,Kashmere Gate Metro Station,20,Medium,18
u4,Friday,Thunderstorm,New Delhi Railway Station,9,High,6
u4,Monday,Clear,New Delhi Railway Station,5,Medium,7
u4,Tuesday,Clouds,Anand Vihar ISBT,7,Low,8
u4,Saturday,Haze,New Delhi Railway Station,10,Medium,8
u4,Friday,Clear,Anand Vihar ISBT,10,Low,8
u4,Wednesday,Clouds,New Delhi Railway Station,7,Medium,7
u4,Monday,Rain,New Delhi Railway Station,7,High,5
u4,Tuesday,Clouds,New Delhi Railway Station,6,Medium,7
u4,Monday,Clear,New Delhi Railway Station,6,Medium,7
u4,Saturday,Clear,New Delhi Railway Station,9,Low,8
u4,Tuesday,Clear,New Delhi Railway Station,7,Medium,7
u4,Friday,Rain,Anand Vihar ISBT,9,Medium,7
u4,Sunday,Clear,New Delhi Railway Station,8,Low,8
u4,Monday,Clouds,Kashmere Gate Metro Station,17,Medium,18
u4,Friday,Haze,Kashmere Gate Metro Station,20,Medium,18
u4,Tuesday,Thunderstorm,New Delhi Railway Station,6,High,6
u4,Friday,Rain,Kashmere Gate Metro Station,20,High,16
u4,Wednesday,Clear,New Delhi Railway Station,5,Medium,7
u4,Tuesday,Rain,New Delhi Railway Station,9,High,5
u4,Friday,Haze,Kashmere Gate Metro Station,18,Medium,18
u4,Monday,Drizzle,Kashmere Gate Metro Station,19,High,16
u4,Tuesday,Clear,New Delhi Railway Station,7,Medium,7
u4,Sunday,Clouds,Kashmere Gate Metro Station,16,Low,18
u4,Tuesday,Clouds,New Delhi Railway Station,6,Medium,7
u4,Wednesday,Drizzle,Kashmere Gate Metro Station,16,Medium,17
u4,Tuesday,Clouds,Kashmere Gate Metro Station,17,Medium,18
u4,Friday,Clear,Anand Vihar ISBT,7,Low,8
u4,Monday,Clouds,New Delhi Railway Station,7,Medium,7
u4,Monday,Clear,Kashmere Gate Metro Station,17,Medium,18
u4,Wednesday,Clear,Anand Vihar ISBT,8,Low,8
u4,Saturday,Clouds,Kashmere Gate Metro Station,18,Medium,18
u4,Monday,Clear,Anand Vihar ISBT,6,Low,8
u4,Tuesday,Clouds,Anand Vihar ISBT,8,Low,8
u4,Thursday,Drizzle,Kashmere Gate Metro Station,20,Medium,17
u4,Friday,Clouds,Kashmere Gate Metro Station,18,Medium,18
u4,Thursday,Haze,Anand Vihar ISBT,8,Medium,8
u4,Thursday,Clouds,New Delhi Railway Station,7,Medium,7
u4,Wednesday,Fog,Anand Vihar ISBT,6,Medium,7
u4,Monday,Clouds,Kashmere Gate Metro Station,18,Medium,18
u4,Wednesday,Clouds,Kashmere Gate Metro Station,18,Medium,18
u4,Thursday,Haze,New Delhi Railway Station,9,Medium,7
u4,Friday,Rain,Anand Vihar ISBT,10,Medium,7
u4,Thursday,Rain,New Delhi Railway Station,9,High,5
u4,Monday,Clouds,New Delhi Railway Station,9,Medium,7
u4,Sunday,Clear,Kashmere Gate Metro Station,19,Low,18
u4,Wednesday,Clear,New Delhi Railway Station,7,Medium,7
u4,Tuesday,Drizzle,Kashmere Gate Metro Station,18,High,16
u4,Wednesday,Clear,Anand Vihar ISBT,8,Low,8
u4,Friday,Rain,Kashmere Gate Metro Station,20,Medium,17
u4,Friday,Thunderstorm,Anand Vihar ISBT,6,Medium,8
u4,Monday,Clear,Kashmere Gate Metro Station,16,Medium,18
u4,Thursday,Clouds,New Delhi Railway Station,6,Medium,7
u4,Saturday,Rain,Kashmere Gate Metro Station,16,Medium,17
u4,Tuesday,Haze,Anand Vihar ISBT,10,Medium,8
u4,Saturday,Clouds,New Delhi Railway Station,8,Low,8
u4,Saturday,Rain,New Delhi Railway Station,10,Medium,7
u4,Thursday,Rain,New Delhi Railway Station,9,High,5
u4,Monday,Rain,Kashmere Gate Metro Station,18,High,16
u4,Wednesday,Clear,Anand Vihar ISBT,9,Low,8
u4,Thursday,Drizzle,Anand Vihar ISBT,10,Medium,7
u4,Thursday,Clear,Kashmere Gate Metro Station,18,Medium,18
u4,Thursday,Clear,New Delhi Railway Station,5,Medium,7
u4,Sunday,Fog,New Delhi Railway Station,6,Medium,7
u4,Thursday,Clear,Kashmere Gate Metro Station,18,Medium,18
u4,Wednesday,Haze,New Delhi Railway Station,6,Medium,7
u4,Thursday,Rain,New Delhi Railway Station,9,Medium,6
u4,Thursday,Clear,Kashmere Gate Metro Station,20,Medium,18
u4,Monday,Clear,New Delhi Railway Station,7,Medium,7
u4,Wednesday,Clear,New Delhi Railway Station,7,Medium,7
u4,Saturday,Clear,New Delhi Railway Station,7,Low,8
u4,Saturday,Clouds,New Delhi Railway Station,6,Low,8
u4,Monday,Clear,New Delhi Railway Station,8,Medium,7
u4,Sunday,Clear,New Delhi Railway Station,10,Low,8
u4,Friday,Clear,Kashmere Gate Metro Station,18,Medium,18
u4,Saturday,Haze,New Delhi Railway Station,8,Medium,8
u4,Sunday,Clear,New Delhi Railway Station,8,Low,8
u4,Wednesday,Clear,New Delhi Railway Station,9,Medium,7
u4,Sunday,Clear,Anand Vihar ISBT,7,Low,9
u4,Thursday,Fog,New Delhi Railway Station,5,Medium,6
u4,Wednesday,Clouds,New Delhi Railway Station,5,Medium,7
u4,Wednesday,Clear,New Delhi Railway Station,6,Medium,7
u4,Wednesday,Clouds,Anand Vihar ISBT,7,Low,8
u4,Thursday,Clear,New Delhi Railway Station,7,Medium,7
u4,Monday,Haze,Kashmere Gate Metro Station,16,Medium,18
u4,Wednesday,Clouds,Anand Vihar ISBT,6,Low,8
u4,Saturday,Clear,Kashmere Gate Metro Station,18,Medium,18
u4,Sunday,Rain,Anand Vihar ISBT,9,Medium,8
u4,Tuesday,Clear,Anand Vihar ISBT,6,Low,8
u4,Wednesday,Rain,Kashmere Gate Metro Station,16,High,16
u4,Saturday,Haze,Kashmere Gate Metro Station,20,Medium,18
u4,Saturday,Clear,New Delhi Railway Station,10,Low,8
u4,Monday,Clear,New Delhi Railway Station,9,Medium,7
u4,Wednesday,Clouds,New Delhi Railway Station,7,Medium,7
u4,Monday,Clear,New Delhi Railway Station,7,Medium,7
u4,Friday,Haze,Kashmere Gate Metro Station,16,Medium,18
u4,Monday,Clear,Kashmere Gate Metro Station,16,Medium,18
u4,Friday,Clear,Kashmere Gate Metro Station,18,Medium,18
u4,Tuesday,Clear,Kashmere Gate Metro Station,17,Medium,18
u4,Tuesday,Clouds,New Delhi Railway Station,6,Medium,7
u4,Wednesday,Fog,Anand Vihar ISBT,8,Medium,7
u4,Thursday,Clear,New Delhi Railway Station,5,Medium,7
u4,Sunday,Clouds,Kashmere Gate Metro Station,19,Low,18
u4,Friday,Clouds,Kashmere Gate Metro Station,17,Medium,18
u4,Monday,Thunderstorm,Kashmere Gate Metro Station,18,High,17
u4,Friday,Clouds,New Delhi Railway Station,9,Medium,7
u4,Wednesday,Clear,Kashmere Gate Metro Station,17,Medium,18
u4,Wednesday,Clouds,Kashmere Gate Metro Station,16,Medium,18
u4,Monday,Haze,Kashmere Gate Metro Station,19,Medium,18
u4,Monday,Haze,Anand Vihar ISBT,8,Medium,8
u4,Tuesday,Rain,Anand Vihar ISBT,10,Medium,7
u4,Wednesday,Clear,New Delhi Railway Station,6,Medium,7
u4,Wednesday,Clear,Kashmere Gate Metro Station,19,Medium,18
u4,Saturday,Fog,New Delhi Railway Station,10,Medium,7
u4,Wednesday,Clear,New Delhi Railway Station,7,Medium,7
u4,Sunday,Clouds,Kashmere Gate Metro Station,20,Low,18
u4,Saturday,Clouds,Kashmere Gate Metro Station,19,Low,18
u4,Wednesday,Clear,New Delhi Railway Station,6,Medium,7
u4,Friday,Clouds,New Delhi Railway Station,9,Medium,7
u4,Friday,Clouds,New Delhi Railway Station,8,Medium,7
u4,Monday,Haze,Anand Vihar ISBT,8,Medium,8
u4,Wednesday,Clouds,New Delhi Railway Station,6,Medium,7
u4,Sunday,Drizzle,Kashmere Gate Metro Station,17,Medium,17
u4,Monday,Fog,New Delhi Railway Station,8,High,5
u4,Wednesday,Clear,Kashmere Gate Metro Station,16,Medium,18
u4,Wednesday,Rain,Anand Vihar ISBT,9,Medium,7
u4,Sunday,Clouds,Anand Vihar ISBT,11,Low,9
u4,Sunday,Drizzle,Anand Vihar ISBT,10,Medium,8
u4,Thursday,Clouds,New Delhi Railway Station,9,Medium,7
u4,Wednesday,Haze,Anand Vihar ISBT,6,Medium,8
u4,Friday,Clear,Anand Vihar ISBT,10,Low,8
u4,Friday,Clouds,Anand Vihar ISBT,9,Low,8
u4,Thursday,Clear,New Delhi Railway Station,8,Medium,7
u4,Monday,Clear,Kashmere Gate Metro Station,19,Medium,18
u4,Saturday,Clear,New Delhi Railway Station,8,Medium,8
u4,Tuesday,Clear,New Delhi Railway Station,7,Medium,7
u4,Friday,Clear,Kashmere Gate Metro Station,18,Medium,18
u4,Friday,Clouds,Kashmere Gate Metro Station,17,Medium,18
u4,Tuesday,Haze,New Delhi Railway Station,6,Medium,7
u4,Tuesday,Clear,Kashmere Gate Metro Station,18,Medium,18
u4,Monday,Rain,Anand Vihar ISBT,8,Medium,7
u4,Sunday,Clear,New Delhi Railway Station,8,Low,8
u4,Thursday,Clear,New Delhi Railway Station,7,Medium,7
u4,Sunday,Clouds,Kashmere Gate Metro Station,17,Low,18
u4,Tuesday,Haze,New Delhi Railway Station,5,Medium,7
u4,Friday,Clear,New Delhi Railway Station,6,Medium,7
u4,Wednesday,Fog,New Delhi Railway Station,7,Medium,6
u4,Monday,Clouds,New Delhi Railway Station,5,Medium,7
u4,Saturday,Rain,New Delhi Railway Station,10,Medium,7
u4,Thursday,Clear,New Delhi Railway Station,7,Medium,7
u4,Friday,Haze,New Delhi Railway Station,7,Medium,7
u4,Sunday,Fog,Anand Vihar ISBT,9,Medium,8
u4,Tuesday,Clouds,Kashmere Gate Metro Station,17,Medium,18
u4,Tuesday,Rain,New Delhi Railway Station,8,High,5
u4,Sunday,Clear,Kashmere Gate Metro Station,20,Low,18
u4,Wednesday,Clear,Kashmere Gate Metro Station,18,Medium,18
u4,Friday,Clouds,New Delhi Railway Station,7,Medium,7
u4,Friday,Rain,Anand Vihar ISBT,7,Medium,7
u4,Tuesday,Clear,Kashmere Gate Metro Station,16,Medium,18
u4,Sunday,Clear,Kashmere Gate Metro Station,18,Medium,18
u4,Wednesday,Clear,Kashmere Gate Metro Station,18,Medium,18
u4,Monday,Clear,New Delhi Railway Station,6,Medium,7
u4,Monday,Clear,Anand Vihar ISBT,8,Low,8
u4,Monday,Drizzle,New Delhi Railway Station,8,Medium,6
u4,Saturday,Rain,Anand Vihar ISBT,11,Medium,8
u4,Monday,Clear,Anand Vihar ISBT,9,Low,8
u4,Monday,Clear,New Delhi Railway Station,7,Medium,7
u4,Thursday,Clouds,New Delhi Railway Station,6,Medium,7
u4,Sunday,Clouds,New Delhi Railway Station,7,Low,8
u4,Wednesday,Clouds,New Delhi Railway Station,6,Medium,7
u4,Friday,Rain,Anand Vihar ISBT,10,Medium,7
u4,Friday,Clear,Anand Vihar ISBT,7,Low,8
u4,Wednesday,Haze,Kashmere Gate Metro Station,20,Medium,18
u4,Sunday,Fog,Kashmere Gate Metro Station,18,Medium,17
u4,Tuesday,Rain,Anand Vihar ISBT,7,Medium,7
u4,Tuesday,Clear,Anand Vihar ISBT,8,Low,8
u4,Tuesday,Fog,New Delhi Railway Station,9,Medium,6
u4,Tuesday,Drizzle,Kashmere Gate Metro Station,17,Medium,17
u4,Sunday,Clear,Kashmere Gate Metro Station,19,Low,18
u4,Friday,Fog,New Delhi Railway Station,9,Medium,6
u4,Thursday,Rain,New Delhi Railway Station,7,High,5
u4,Monday,Clear,Anand Vihar ISBT,8,Low,8
u4,Wednesday,Drizzle,Anand Vihar ISBT,7,Medium,7
u4,Saturday,Clear,Anand Vihar ISBT,11,Low,9
u4,Tuesday,Clear,Kashmere Gate Metro Station,17,Medium,18
u4,Wednesday,Clouds,New Delhi Railway Station,5,Medium,7
u4,Friday,Clear,Kashmere Gate Metro Station,18,Medium,18
u4,Sunday,Clear,Kashmere Gate Metro Station,18,Low,18
u4,Monday,Rain,New Delhi Railway Station,6,High,5
u4,Tuesday,Rain,Kashmere Gate Metro Station,18,High,16
u4,Friday,Clear,New Delhi Railway Station,6,Medium,7
u4,Thursday,Clouds,Kashmere Gate Metro Station,18,Medium,18
u4,Friday,Clear,Kashmere Gate Metro Station,16,Medium,18
u4,Thursday,Clouds,New Delhi Railway Station,7,Medium,7
u4,Saturday,Clouds,Anand Vihar ISBT,9,Low,9
u4,Friday,Fog,New Delhi Railway Station,7,Medium,6
u4,Monday,Clear,New Delhi Railway Station,9,Medium,7
u4,Thursday,Drizzle,Anand Vihar ISBT,8,Medium,7
u4,Tuesday,Clear,New Delhi Railway Station,8,Medium,7
u4,Thursday,Clear,Kashmere Gate Metro Station,16,Medium,18
u4,Wednesday,Haze,New Delhi Railway Station,8,Medium,7
u4,Wednesday,Rain,Anand Vihar ISBT,8,Medium,7
u4,Friday,Clear,Anand Vihar ISBT,6,Low,8
u4,Friday,Clear,Anand Vihar ISBT,8,Low,8
u4,Tuesday,Clouds,New Delhi Railway Station,5,Medium,7
u4,Tuesday,Clear,New Delhi Railway Station,8,Medium,7
u4,Wednesday,Clear,Kashmere Gate Metro Station,20,Medium,18
u4,Friday,Haze,New Delhi Railway Station,9,Medium,7
u4,Saturday,Clouds,New Delhi Railway Station,6,Low,8
u4,Wednesday,Clouds,Anand Vihar ISBT,10,Low,8
u4,Thursday,Haze,New Delhi Railway Station,7,Medium,7
u4,Saturday,Clear,New Delhi Railway Station,9,Low,8
u4,Thursday,Haze,New Delhi Railway Station,7,Medium,7
u5,Wednesday,Rain,Saket Select Citywalk Mall,17,Medium,17
u5,Monday,Fog,Saket Select Citywalk Mall,20,Medium,17
u5,Tuesday,Haze,Saket Select Citywalk Mall,19,Medium,18
u5,Thursday,Clouds,Connaught Place,9,Low,11
u5,Wednesday,Haze,Connaught Place,11,Low,11
u5,Friday,Clear,Saket Select Citywalk Mall,18,Medium,18
u5,Sunday,Drizzle,Saket Select Citywalk Mall,18,Medium,16
u5,Thursday,Clear,Saket Select Citywalk Mall,16,Medium,18
u5,Friday,Fog,Rohini Residential,8,Medium,8
u5,Tuesday,Rain,Rohini Residential,8,Medium,8
u5,Sunday,Fog,Saket Select Citywalk Mall,20,Medium,16
u5,Monday,Haze,Connaught Place,13,Low,11
u5,Thursday,Rain,Connaught Place,11,Low,10
u5,Tuesday,Rain,Connaught Place,13,Medium,10
u5,Thursday,Clouds,Saket Select Citywalk Mall,19,Medium,18
u5,Thursday,Rain,Rohini Residential,9,Medium,8
u5,Sunday,Rain,Rohini Residential,8,Medium,9
u5,Sunday,Clouds,Rohini Residential,9,Low,10
u5,Wednesday,Clouds,Rohini Residential,10,Low,9
u5,Thursday,Clear,Rohini Residential,10,Low,9
u5,Tuesday,Clouds,Rohini Residential,8,Low,9
u5,Saturday,Clear,Connaught Place,11,Low,11
u5,Monday,Drizzle,Saket Select Citywalk Mall,19,High,16
u5,Friday,Rain,Rohini Residential,9,Medium,8
u5,Thursday,Clouds,Connaught Place,10,Low,11
u5,Monday,Rain,Saket Select Citywalk Mall,17,Medium,17
u5,Tuesday,Rain,Connaught Place,11,Medium,10
u5,Monday,Drizzle,Saket Select Citywalk Mall,18,Medium,17
u5,Sunday,Clouds,Rohini Residential,8,Low,10
u5,Tuesday,Clear,Connaught Place,9,Low,11
u5,Thursday,Clear,Saket Select Citywalk Mall,17,Medium,18
u5,Thursday,Thunderstorm,Saket Select Citywalk Mall,17,Medium,18
u5,Saturday,Clear,Saket Select Citywalk Mall,17,Medium,17
u5,Wednesday,Haze,Rohini Residential,10,Medium,9
u5,Sunday,Clouds,Connaught Place,9,Low,11
u5,Sunday,Clear,Connaught Place,13,Low,11
u5,Monday,Rain,Rohini Residential,8,Medium,8
u5,Friday,Thunderstorm,Connaught Place,11,Medium,11
u5,Monday,Clear,Connaught Place,12,Low,11
u5,Sunday,Haze,Saket Select Citywalk Mall,18,High,16
u5,Tuesday,Clear,Saket Select Citywalk Mall,20,Medium,18
u5,Friday,Clear,Connaught Place,11,Low,11
u5,Tuesday,Clear,Saket Select Citywalk Mall,18,Medium,18
u5,Wednesday,Clear,Saket Select Citywalk Mall,20,Medium,18
u5,Wednesday,Clear,Rohini Residential,10,Low,9
u5,Wednesday,Fog,Connaught Place,12,Low,10
u5,Thursday,Clouds,Rohini Residential,9,Low,9
u5,Tuesday,Clear,Saket Select Citywalk Mall,20,Medium,18
u5,Thursday,Fog,Saket Select Citywalk Mall,20,Medium,17
u5,Friday,Clear,Saket Select Citywalk Mall,17,Medium,18
u5,Thursday,Rain,Saket Select Citywalk Mall,18,Medium,17
u5,Monday,Clear,Saket Select Citywalk Mall,16,Medium,18
u5,Saturday,Clouds,Saket Select Citywalk Mall,16,Medium,17
u5,Sunday,Clouds,Saket Select Citywalk Mall,17,Medium,17
u5,Monday,Clear,Saket Select Citywalk Mall,17,Medium,18
u5,Friday,Rain,Connaught Place,10,Medium,10
u5,Saturday,Rain,Connaught Place,10,Low,10
u5,Sunday,Clouds,Connaught Place,11,Low,11
u5,Monday,Clouds,Rohini Residential,9,Low,9
u5,Monday,Rain,Connaught Place,10,Low,10
u5,Monday,Clouds,Saket Select Citywalk Mall,16,Medium,18
u5,Friday,Clear,Rohini Residential,9,Low,9
u5,Tuesday,Clouds,Saket Select Citywalk Mall,18,Medium,18
u5,Saturday,Clouds,Rohini Residential,10,Low,10
u5,Saturday,Rain,Connaught Place,11,Medium,10
u5,Tuesday,Clouds,Saket Select Citywalk Mall,18,Medium,18
u5,Sunday,Clear,Rohini Residential,10,Low,10
u5,Sunday,Clear,Saket Select Citywalk Mall,19,Medium,17
u5,Wednesday,Clouds,Rohini Residential,9,Low,9
u5,Tuesday,Clouds,Rohini Residential,8,Low,9
u5,Monday,Clear,Saket Select Citywalk Mall,17,Medium,18
u5,Wednesday,Clear,Connaught Place,9,Low,11
u5,Tuesday,Clouds,Rohini Residential,7,Low,9
u5,Sunday,Drizzle,Saket Select Citywalk Mall,17,Medium,16
u5,Tuesday,Haze,Connaught Place,10,Low,11
u5,Monday,Clouds,Rohini Residential,10,Low,9
u5,Thursday,Drizzle,Saket Select Citywalk Mall,18,Medium,17
u5,Wednesday,Clouds,Connaught Place,11,Low,11
u5,Sunday,Clear,Connaught Place,10,Low,11
u5,Saturday,Fog,Connaught Place,13,Low,10
u5,Wednesday,Clear,Saket Select Citywalk Mall,18,Medium,18
u5,Monday,Clear,Connaught Place,13,Low,11
u5,Sunday,Fog,Saket Select Citywalk Mall,19,Medium,16
u5,Saturday,Haze,Connaught Place,10,Low,11
u5,Monday,Clear,Saket Select Citywalk Mall,18,Medium,18
u5,Friday,Fog,Saket Select Citywalk Mall,17,Medium,17
u5,Thursday,Rain,Saket Select Citywalk Mall,16,Medium,17
u5,Wednesday,Clear,Saket Select Citywalk Mall,16,Medium,18
u5,Friday,Rain,Rohini Residential,10,Medium,8
u5,Friday,Rain,Connaught Place,13,Low,10
u5,Wednesday,Clouds,Connaught Place,13,Low,11
u5,Wednesday,Clouds,Rohini Residential,9,Low,9
u5,Friday,Clear,Connaught Place,12,Low,11
u5,Wednesday,Clouds,Connaught Place,13,Low,11
u5,Saturday,Rain,Saket Select Citywalk Mall,20,High,15
u5,Tuesday,Clear,Rohini Residential,10,Low,9
u5,Monday,Clouds,Connaught Place,11,Low,11
u5,Monday,Fog,Saket Select Citywalk Mall,16,Medium,17
u5,Saturday,Rain,Connaught Place,13,Medium,10
u5,Monday,Clear,Connaught Place,13,Low,11
u5,Thursday,Fog,Connaught Place,11,Low,10
u5,Friday,Fog,Saket Select Citywalk Mall,17,Medium,17
u5,Sunday,Fog,Rohini Residential,11,Medium,9
u5,Friday,Haze,Connaught Place,9,Low,11
u5,Wednesday,Clear,Saket Select Citywalk Mall,20,Medium,18
u5,Wednesday,Clear,Connaught Place,10,Low,11
u5,Sunday,Fog,Connaught Place,11,Low,10
u5,Friday,Clear,Saket Select Citywalk Mall,16,Medium,18
u5,Saturday,Fog,Rohini Residential,11,Medium,9
u5,Tuesday,Drizzle,Connaught Place,12,Medium,10
u5,Monday,Rain,Saket Select Citywalk Mall,20,Medium,17
u5,Monday,Clear,Saket Select Citywalk Mall,16,Medium,18
u5,Wednesday,Clouds,Saket Select Citywalk Mall,19,Medium,18
u5,Friday,Clear,Rohini Residential,8,Low,9
u5,Thursday,Haze,Saket Select Citywalk Mall,20,Medium,18
u5,Tuesday,Fog,Connaught Place,13,Low,10
u5,Tuesday,Clear,Rohini Residential,8,Low,9
u5,Friday,Clouds,Saket Select Citywalk Mall,17,Medium,18
u5,Monday,Clouds,Saket Select Citywalk Mall,16,Medium,18
u5,Thursday,Clear,Connaught Place,9,Low,11
u5,Wednesday,Clear,Saket Select Citywalk Mall,20,Medium,18
u5,Friday,Clouds,Saket Select Citywalk Mall,19,Medium,18
u5,Tuesday,Clouds,Saket Select Citywalk Mall,16,Medium,18
u5,Tuesday,Clouds,Connaught Place,11,Low,11
u5,Thursday,Clear,Rohini Residential,11,Low,9
u5,Monday,Haze,Saket Select Citywalk Mall,17,Medium,18
u5,Thursday,Fog,Saket Select Citywalk Mall,16,Medium,17
u5,Monday,Clear,Rohini Residential,7,Low,9
u5,Sunday,Haze,Saket Select Citywalk Mall,18,High,16
u5,Thursday,Clouds,Rohini Residential,8,Low,9
u5,Monday,Rain,Rohini Residential,11,Medium,8
u5,Sunday,Rain,Saket Select Citywalk Mall,17,High,15
u5,Sunday,Clear,Rohini Residential,9,Low,10
u5,Monday,Clouds,Rohini Residential,9,Low,9
u5,Saturday,Clear,Saket Select Citywalk Mall,19,Medium,17
u5,Saturday,Haze,Saket Select Citywalk Mall,17,Medium,17
u5,Monday,Drizzle,Rohini Residential,8,Medium,8
u5,Friday,Clear,Connaught Place,9,Low,11
u5,Friday,Fog,Saket Select Citywalk Mall,20,Medium,17
u5,Saturday,Clouds,Saket Select Citywalk Mall,18,Medium,17
u5,Thursday,Clear,Connaught Place,11,Low,11
u5,Thursday,Clear,Connaught Place,13,Low,11
u5,Monday,Clouds,Connaught Place,10,Low,11
u5,Tuesday,Clouds,Rohini Residential,7,Low,9
u5,Monday,Rain,Saket Select Citywalk Mall,16,Medium,17
u5,Sunday,Clouds,Rohini Residential,8,Low,10
u5,Wednesday,Clouds,Connaught Place,9,Low,11
u5,Sunday,Rain,Rohini Residential,8,Medium,9
u5,Tuesday,Haze,Rohini Residential,8,Medium,9
u5,Sunday,Drizzle,Rohini Residential,11,Medium,9
u5,Tuesday,Clear,Rohini Residential,9,Low,9
u5,Friday,Clouds,Saket Select Citywalk Mall,16,Medium,18
u5,Tuesday,Clear,Saket Select Citywalk Mall,16,Medium,18
u5,Thursday,Clouds,Rohini Residential,8,Low,9
u5,Sunday,Haze,Connaught Place,9,Low,11
u5,Sunday,Clear,Connaught Place,13,Low,11
u5,Friday,Rain,Saket Select Citywalk Mall,17,Medium,17
u5,Wednesday,Clear,Saket Select Citywalk Mall,18,Medium,18
u5,Thursday,Clear,Saket Select Citywalk Mall,20,Medium,18
u5,Friday,Clear,Connaught Place,10,Low,11
u5,Tuesday,Fog,Saket Select Citywalk Mall,16,Medium,17
u5,Saturday,Drizzle,Rohini Residential,10,Medium,9
u5,Thursday,Haze,Saket Select Citywalk Mall,18,Medium,18
u5,Tuesday,Clear,Connaught Place,11,Low,11
u5,Friday,Clouds,Saket Select Citywalk Mall,20,Medium,18
u5,Friday,Clear,Rohini Residential,9,Low,9
u5,Wednesday,Clouds,Rohini Residential,10,Low,9
u5,Saturday,Fog,Saket Select Citywalk Mall,16,Medium,16
u5,Tuesday,Clouds,Rohini Residential,9,Low,9
u5,Saturday,Clear,Rohini Residential,12,Low,10
u5,Tuesday,Clear,Saket Select Citywalk Mall,19,Medium,18
u5,Sunday,Clear,Connaught Place,13,Low,11
u5,Sunday,Drizzle,Rohini Residential,9,Medium,9
u5,Tuesday,Clear,Saket Select Citywalk Mall,19,Medium,18
u5,Tuesday,Clouds,Saket Select Citywalk Mall,16,Medium,18
u5,Wednesday,Rain,Connaught Place,12,Medium,10
u5,Monday,Clouds,Connaught Place,12,Low,11
u5,Tuesday,Clouds,Rohini Residential,7,Low,9
u5,Wednesday,Clear,Saket Select Citywalk Mall,18,Medium,18
u5,Thursday,Clouds,Saket Select Citywalk Mall,18,Medium,18
u5,Wednesday,Rain,Saket Select Citywalk Mall,18,Medium,17
u5,Wednesday,Fog,Rohini Residential,7,Medium,8
u5,Monday,Clear,Saket Select Citywalk Mall,20,Medium,18
u5,Monday,Fog,Connaught Place,12,Low,10
u5,Friday,Clouds,Rohini Residential,10,Low,9
u5,Tuesday,Fog,Rohini Residential,8,Medium,8
u5,Monday,Drizzle,Connaught Place,9,Low,10
u5,Tuesday,Clear,Connaught Place,11,Low,11
u5,Wednesday,Rain,Rohini Residential,11,Medium,8
u5,Tuesday,Clear,Connaught Place,11,Low,11
u5,Saturday,Rain,Rohini Residential,11,Medium,9
u5,Friday,Clouds,Connaught Place,13,Low,11
u5,Saturday,Clouds,Connaught Place,13,Low,11
u5,Monday,Thunderstorm,Rohini Residential,7,Medium,9
u5,Sunday,Haze,Rohini Residential,8,Medium,10
u5,Wednesday,Rain,Saket Select Citywalk Mall,16,High,16
u5,Saturday,Haze,Saket Select Citywalk Mall,18,High,16
u5,Wednesday,Clouds,Saket Select Citywalk Mall,17,Medium,18
u5,Monday,Clear,Saket Select Citywalk Mall,18,Medium,18
u5,Saturday,Clear,Saket Select Citywalk Mall,19,Medium,17
u5,Friday,Clear,Saket Select Citywalk Mall,18,Medium,18
u5,Friday,Clouds,Rohini Residential,9,Low,9
u5,Thursday,Clouds,Rohini Residential,8,Low,9
u5,Saturday,Clear,Saket Select Citywalk Mall,18,Medium,17
u5,Friday,Rain,Connaught Place,12,Medium,10
u5,Thursday,Clouds,Saket Select Citywalk Mall,17,Medium,18
u5,Tuesday,Clear,Saket Select Citywalk Mall,17,Medium,18
u5,Wednesday,Drizzle,Connaught Place,11,Low,10
u5,Friday,Clear,Saket Select Citywalk Mall,20,Medium,18
u5,Wednesday,Clouds,Connaught Place,13,Low,11
u5,Sunday,Clouds,Rohini Residential,12,Low,10
u5,Tuesday,Fog,Rohini Residential,8,Medium,8
u5,Monday,Clear,Saket Select Citywalk Mall,20,Medium,18
u5,Sunday,Clouds,Saket Select Citywalk Mall,18,Medium,17
u5,Monday,Haze,Saket Select Citywalk Mall,17,Medium,18
u5,Monday,Clouds,Saket Select Citywalk Mall,19,Medium,18
u5,Friday,Clear,Saket Select Citywalk Mall,17,Medium,18
u5,Thursday,Rain,Connaught Place,11,Medium,10
u5,Wednesday,Haze,Connaught Place,11,Low,11
u5,Tuesday,Rain,Connaught Place,12,Low,10
u5,Friday,Fog,Saket Select Citywalk Mall,18,Medium,17
u5,Friday,Haze,Connaught Place,11,Low,11
u5,Wednesday,Clouds,Saket Select Citywalk Mall,20,Medium,18
u5,Wednesday,Fog,Saket Select Citywalk Mall,19,Medium,17
u5,Sunday,Clear,Rohini Residential,8,Low,10
u5,Tuesday,Rain,Connaught Place,12,Low,10
u5,Friday,Clouds,Connaught Place,12,Low,11
u5,Monday,Clouds,Saket Select Citywalk Mall,17,Medium,18
u5,Tuesday,Rain,Saket Select Citywalk Mall,19,Medium,17
u5,Monday,Clear,Saket Select Citywalk Mall,20,Medium,18
u5,Monday,Haze,Connaught Place,11,Low,11
u5,Tuesday,Clear,Saket Select Citywalk Mall,16,Medium,18
u5,Wednesday,Clouds,Saket Select Citywalk Mall,17,Medium,18
u5,Tuesday,Clear,Saket Select Citywalk Mall,16,Medium,18
u5,Tuesday,Clear,Rohini Residential,9,Low,9
u5,Tuesday,Clear,Rohini Residential,8,Low,9
u5,Wednesday,Clouds,Saket Select Citywalk Mall,17,Medium,18
u5,Saturday,Haze,Saket Select Citywalk Mall,20,High,16
u5,Thursday,Rain,Rohini Residential,7,Medium,8
u5,Monday,Haze,Saket Select Citywalk Mall,19,Medium,18
u5,Monday,Clear,Rohini Residential,9,Low,9
u5,Sunday,Clear,Saket Select Citywalk Mall,19,Medium,17
u5,Thursday,Haze,Rohini Residential,9,Medium,9
u5,Monday,Clear,Rohini Residential,10,Low,9
u5,Thursday,Clear,Connaught Place,12,Low,11
u5,Thursday,Clear,Rohini Residential,7,Low,9
u5,Friday,Clouds,Rohini Residential,10,Low,9
u5,Wednesday,Rain,Rohini Residential,9,Medium,8
u5,Saturday,Fog,Rohini Residential,10,Medium,9
u5,Tuesday,Clouds,Saket Select Citywalk Mall,20,Medium,18
u5,Friday,Haze,Saket Select Citywalk Mall,17,Medium,18
u5,Thursday,Clouds,Saket Select Citywalk Mall,19,Medium,18
u5,Friday,Clear,Rohini Residential,11,Low,9
u5,Sunday,Clear,Rohini Residential,11,Low,10
u5,Wednesday,Clear,Rohini Residential,9,Low,9
u5,Saturday,Clouds,Connaught Place,9,Low,11
u5,Saturday,Clouds,Connaught Place,11,Low,11
u5,Wednesday,Clear,Connaught Place,11,Low,11
u5,Thursday,Clear,Connaught Place,10,Low,11
u5,Saturday,Clear,Saket Select Citywalk Mall,20,Medium,17
u5,Wednesday,Haze,Rohini Residential,8,Medium,9
u5,Friday,Rain,Connaught Place,11,Low,10
u5,Friday,Rain,Connaught Place,10,Medium,10
u5,Thursday,Clear,Saket Select Citywalk Mall,17,Medium,18
u5,Thursday,Clear,Rohini Residential,11,Low,9
u5,Sunday,Haze,Connaught Place,10,Low,11
u5,Tuesday,Haze,Saket Select Citywalk Mall,16,Medium,18
u5,Thursday,Clouds,Rohini Residential,7,Low,9
u5,Tuesday,Clouds,Saket Select Citywalk Mall,17,Medium,18
u5,Tuesday,Haze,Connaught Place,10,Low,11
u5,Sunday,Clear,Connaught Place,12,Low,11
u5,Thursday,Clouds,Rohini Residential,9,Low,9
u5,Saturday,Clouds,Connaught Place,11,Low,11
u5,Tuesday,Haze,Rohini Residential,11,Medium,9
u5,Friday,Rain,Connaught Place,11,Low,10
u5,Tuesday,Clear,Connaught Place,11,Low,11
u5,Wednesday,Clear,Rohini Residential,7,Low,9
u5,Sunday,Clear,Saket Select Citywalk Mall,19,Medium,17
u5,Monday,Haze,Connaught Place,11,Low,11
u5,Friday,Clouds,Saket Select Citywalk Mall,20,Medium,18
u5,Saturday,Clear,Rohini Residential,11,Low,10
u5,Tuesday,Clear,Connaught Place,11,Low,11
u5,Thursday,Clouds,Rohini Residential,10,Low,9
u5,Monday,Haze,Connaught Place,12,Low,11
u5,Sunday,Rain,Saket Select Citywalk Mall,18,High,15
u5,Friday,Clouds,Saket Select Citywalk Mall,16,Medium,18
u5,Saturday,Clear,Connaught Place,9,Low,11
u5,Thursday,Rain,Saket Select Citywalk Mall,19,Medium,17
u5,Monday,Clear,Saket Select Citywalk Mall,18,Medium,18
u5,Saturday,Clouds,Rohini Residential,11,Low,10
u5,Saturday,Clear,Rohini Residential,11,Low,10
u5,Wednesday,Rain,Rohini Residential,10,Medium,8
u5,Saturday,Drizzle,Rohini Residential,10,Medium,9
u5,Monday,Clear,Rohini Residential,8,Low,9
u5,Wednesday,Clouds,Rohini Residential,9,Low,9
u5,Monday,Rain,Rohini Residential,9,Medium,8
u5,Thursday,Clouds,Saket Select Citywalk Mall,19,Medium,18
u5,Friday,Clouds,Saket Select Citywalk Mall,17,Medium,18
u5,Monday,Drizzle,Saket Select Citywalk Mall,18,Medium,17
u5,Sunday,Rain,Rohini Residential,11,Medium,9
u5,Monday,Clouds,Connaught Place,9,Low,11
u5,Monday,Clear,Rohini Residential,10,Low,9
u5,Friday,Rain,Rohini Residential,8,Medium,8
u5,Tuesday,Haze,Saket Select Citywalk Mall,19,Medium,18
u5,Tuesday,Clear,Saket Select Citywalk Mall,16,Medium,18
u5,Monday,Clear,Connaught Place,11,Low,11
u5,Wednesday,Fog,Saket Select Citywalk Mall,18,Medium,17
u5,Monday,Clouds,Saket Select Citywalk Mall,19,Medium,18
u5,Sunday,Rain,Saket Select Citywalk Mall,20,High,15
u5,Tuesday,Clear,Rohini Residential,8,Low,9
u5,Monday,Clear,Saket Select Citywalk Mall,18,Medium,18
u5,Saturday,Clear,Connaught Place,10,Low,11
u5,Friday,Clouds,Connaught Place,13,Low,11
u5,Wednesday,Clouds,Rohini Residential,9,Low,9
u5,Thursday,Clear,Rohini Residential,7,Low,9
u5,Friday,Clouds,Saket Select Citywalk Mall,16,Medium,18
u5,Wednesday,Clear,Rohini Residential,7,Low,9
u5,Wednesday,Clear,Saket Select Citywalk Mall,16,Medium,18
u5,Sunday,Clear,Connaught Place,11,Low,11
u5,Tuesday,Haze,Rohini Residential,10,Medium,9
u5,Tuesday,Rain,Saket Select Citywalk Mall,18,Medium,17
u5,Thursday,Clear,Connaught Place,11,Low,11
u5,Thursday,Clear,Saket Select Citywalk Mall,20,Medium,18
u5,Saturday,Haze,Connaught Place,11,Low,11
u5,Sunday,Drizzle,Rohini Residential,10,Medium,9
u5,Thursday,Clear,Rohini Residential,7,Low,9
u5,Tuesday,Clear,Connaught Place,11,Low,11
u5,Monday,Haze,Connaught Place,9,Low,11
u5,Friday,Clear,Rohini Residential,9,Low,9
u5,Monday,Clear,Connaught Place,12,Low,11
u5,Wednesday,Rain,Connaught Place,9,Medium,10
u5,Friday,Drizzle,Rohini Residential,9,Medium,8
u5,Monday,Clear,Connaught Place,10,Low,11
u5,Saturday,Rain,Rohini Residential,10,Medium,9
u5,Wednesday,Clouds,Saket Select Citywalk Mall,20,Medium,18
u5,Wednesday,Fog,Connaught Place,13,Low,10
u5,Wednesday,Rain,Rohini Residential,9,Medium,8
u5,Tuesday,Haze,Rohini Residential,11,Medium,9
u5,Thursday,Haze,Connaught Place,13,Low,11
u5,Wednesday,Clouds,Saket Select Citywalk Mall,18,Medium,18
u5,Sunday,Clouds,Rohini Residential,8,Low,10
u5,Tuesday,Clear,Saket Select Citywalk Mall,20,Medium,18
u5,Tuesday,Clear,Saket Select Citywalk Mall,18,Medium,18
u5,Wednesday,Haze,Saket Select Citywalk Mall,20,Medium,18
u5,Saturday,Rain,Saket Select Citywalk Mall,17,Medium,16
u5,Thursday,Haze,Saket Select Citywalk Mall,18,Medium,18
u5,Saturday,Fog,Saket Select Citywalk Mall,16,Medium,16
u5,Saturday,Drizzle,Rohini Residential,10,Medium,9
u5,Thursday,Clear,Saket Select Citywalk Mall,19,Medium,18
u5,Tuesday,Clear,Rohini Residential,7,Low,9
u5,Thursday,Clear,Saket Select Citywalk Mall,18,Medium,18
u5,Thursday,Fog,Saket Select Citywalk Mall,19,Medium,17
u5,Saturday,Haze,Rohini Residential,8,Medium,10
u5,Monday,Clouds,Rohini Residential,9,Low,9
u5,Friday,Clear,Saket Select Citywalk Mall,17,Medium,18
u5,Wednesday,Clear,Saket Select Citywalk Mall,18,Medium,18
u5,Thursday,Clear,Saket Select Citywalk Mall,19,Medium,18
u5,Wednesday,Clear,Rohini Residential,8,Low,9
u5,Sunday,Clear,Rohini Residential,10,Low,10
u5,Friday,Haze,Connaught Place,9,Low,11
u5,Thursday,Rain,Connaught Place,11,Medium,10
u5,Saturday,Rain,Saket Select Citywalk Mall,18,High,15
u5,Tuesday,Drizzle,Connaught Place,10,Low,10
u5,Thursday,Drizzle,Connaught Place,13,Low,10
u5,Thursday,Clear,Saket Select Citywalk Mall,16,Medium,18
u5,Sunday,Haze,Connaught Place,11,Low,11
u5,Friday,Clouds,Rohini Residential,11,Low,9
u5,Wednesday,Haze,Connaught Place,11,Low,11
u5,Friday,Clouds,Rohini Residential,9,Low,9
u5,Saturday,Clear,Connaught Place,9,Low,11
u5,Friday,Clear,Saket Select Citywalk Mall,17,Medium,18
u5,Monday,Haze,Connaught Place,13,Low,11
u5,Wednesday,Drizzle,Saket Select Citywalk Mall,18,Medium,17
u5,Saturday,Clouds,Connaught Place,12,Low,11
u5,Monday,Clear,Saket Select Citywalk Mall,17,Medium,18
u5,Friday,Clouds,Rohini Residential,9,Low,9
u5,Friday,Clouds,Rohini Residential,8,Low,9
u5,Saturday,Haze,Saket Select Citywalk Mall,20,Medium,17
u5,Friday,Clouds,Rohini Residential,10,Low,9
u5,Thursday,Clear,Saket Select Citywalk Mall,19,Medium,18
u5,Monday,Clouds,Rohini Residential,10,Low,9
u5,Friday,Clear,Connaught Place,11,Low,11
u5,Wednesday,Clear,Saket Select Citywalk Mall,16,Medium,18
u5,Wednesday,Clouds,Rohini Residential,10,Low,9
u5,Monday,Clear,Rohini Residential,11,Low,9
u5,Friday,Clouds,Saket Select Citywalk Mall,18,Medium,18
u5,Thursday,Fog,Connaught Place,11,Low,10
u5,Monday,Clear,Connaught Place,11,Low,11
u5,Monday,Clear,Connaught Place,11,Low,11
u5,Tuesday,Clear,Rohini Residential,10,Low,9
u5,Monday,Clear,Rohini Residential,10,Low,9
u5,Sunday,Clouds,Saket Select Citywalk Mall,18,Medium,17
u5,Wednesday,Clouds,Rohini Residential,7,Low,9
u5,Thursday,Drizzle,Rohini Residential,9,Medium,8
u5,Monday,Clouds,Saket Select Citywalk Mall,20,Medium,18
u5,Thursday,Haze,Saket Select Citywalk Mall,17,Medium,18
u5,Friday,Clear,Connaught Place,10,Low,11
u5,Friday,Clear,Saket Select Citywalk Mall,20,Medium,18
u5,Wednesday,Fog,Connaught Place,12,Low,10
u5,Wednesday,Rain,Saket Select Citywalk Mall,16,Medium,17
u5,Sunday,Clear,Connaught Place,12,Low,11
u5,Tuesday,Haze,Rohini Residential,8,Medium,9
u5,Wednesday,Clear,Rohini Residential,9,Low,9
u5,Wednesday,Rain,Rohini Residential,10,Medium,8
u5,Thursday,Haze,Connaught Place,9,Low,11
u5,Friday,Clear,Connaught Place,11,Low,11
u5,Tuesday,Rain,Connaught Place,9,Medium,10
u5,Tuesday,Rain,Saket Select Citywalk Mall,18,Medium,17
u5,Sunday,Fog,Connaught Place,9,Low,10
u5,Friday,Clear,Saket Select Citywalk Mall,17,Medium,18
u5,Monday,Drizzle,Rohini Residential,9,Medium,8
u5,Tuesday,Clear,Rohini Residential,9,Low,9
u5,Sunday,Drizzle,Rohini Residential,9,Medium,9
u5,Friday,Drizzle,Rohini Residential,9,Medium,8
u5,Friday,Clouds,Saket Select Citywalk Mall,18,Medium,18
u5,Tuesday,Clear,Connaught Place,12,Low,11
u5,Wednesday,Fog,Saket Select Citywalk Mall,17,Medium,17
u5,Thursday,Haze,Rohini Residential,11,Medium,9
u5,Friday,Fog,Saket Select Citywalk Mall,18,Medium,17
u5,Wednesday,Clear,Saket Select Citywalk Mall,18,Medium,18
u5,Tuesday,Haze,Saket Select Citywalk Mall,18,Medium,18
u5,Tuesday,Haze,Saket Select Citywalk Mall,20,Medium,18
u5,Thursday,Clear,Rohini Residential,9,Low,9
u5,Friday,Clear,Rohini Residential,7,Low,9
u5,Wednesday,Clear,Rohini Residential,7,Low,9
u5,Saturday,Clear,Connaught Place,12,Low,11
u5,Tuesday,Rain,Rohini Residential,10,Medium,8
u5,Thursday,Clear,Connaught Place,13,Low,11
u5,Monday,Haze,Rohini Residential,7,Medium,9
u5,Monday,Rain,Connaught Place,11,Medium,10
u5,Wednesday,Fog,Connaught Place,11,Low,10
u5,Tuesday,Clear,Rohini Residential,9,Low,9
u5,Monday,Clear,Saket Select Citywalk Mall,20,Medium,18
u5,Thursday,Clear,Rohini Residential,8,Low,9
u5,Tuesday,Clear,Rohini Residential,7,Low,9
u5,Wednesday,Rain,Saket Select Citywalk Mall,17,Medium,17
u5,Tuesday,Clear,Saket Select Citywalk Mall,16,Medium,18
u5,Saturday,Clear,Rohini Residential,9,Low,10
u5,Thursday,Clear,Rohini Residential,7,Low,9
u5,Wednesday,Haze,Saket Select Citywalk Mall,20,Medium,18
u5,Sunday,Clear,Rohini Residential,8,Low,10
u5,Wednesday,Fog,Rohini Residential,7,Medium,8
u5,Wednesday,Fog,Rohini Residential,7,Medium,8
u5,Thursday,Fog,Rohini Residential,9,Medium,8
u5,Monday,Fog,Rohini Residential,9,Medium,8
u5,Monday,Clear,Rohini Residential,7,Low,9
u5,Friday,Clear,Rohini Residential,9,Low,9
u5,Tuesday,Clouds,Connaught Place,9,Low,11
u5,Thursday,Clear,Saket Select Citywalk Mall,16,Medium,18
u5,Monday,Rain,Connaught Place,11,Low,10
u5,Saturday,Clouds,Saket Select Citywalk Mall,17,Medium,17
u5,Friday,Haze,Connaught Place,11,Low,11
u5,Saturday,Rain,Rohini Residential,9,Medium,9
u5,Wednesday,Clear,Saket Select Citywalk Mall,18,Medium,18
u5,Saturday,Clear,Saket Select Citywalk Mall,17,Medium,17
u5,Friday,Thunderstorm,Saket Select Citywalk Mall,16,Medium,18
u5,Thursday,Clouds,Connaught Place,11,Low,11
u5,Thursday,Clouds,Connaught Place,11,Low,11
u5,Saturday,Fog,Saket Select Citywalk Mall,19,Medium,16
u5,Friday,Clear,Rohini Residential,9,Low,9
u5,Sunday,Clouds,Saket Select Citywalk Mall,18,Medium,17
u5,Monday,Drizzle,Saket Select Citywalk Mall,20,Medium,17
u5,Friday,Rain,Rohini Residential,10,Medium,8
u5,Sunday,Clear,Rohini Residential,9,Low,10
u5,Saturday,Rain,Saket Select Citywalk Mall,20,Medium,16
u5,Tuesday,Clear,Saket Select Citywalk Mall,20,Medium,18
u5,Wednesday,Clouds,Rohini Residential,10,Low,9
u5,Friday,Rain,Rohini Residential,8,Medium,8
u5,Wednesday,Clear,Rohini Residential,7,Low,9
u5,Thursday,Rain,Saket Select Citywalk Mall,18,Medium,17
u5,Tuesday,Rain,Connaught Place,9,Low,10
u5,Sunday,Clouds,Saket Select Citywalk Mall,17,Medium,17
u5,Wednesday,Fog,Connaught Place,11,Low,10
u5,Friday,Clear,Saket Select Citywalk Mall,17,Medium,18
u5,Thursday,Fog,Rohini Residential,9,Medium,8
u5,Monday,Clouds,Saket Select Citywalk Mall,17,Medium,18
u5,Saturday,Drizzle,Rohini Residential,10,Medium,9
u5,Monday,Clear,Connaught Place,12,Low,11
u5,Wednesday,Haze,Connaught Place,11,Low,11
u5,Thursday,Clouds,Saket Select Citywalk Mall,17,Medium,18
u5,Thursday,Clouds,Rohini Residential,8,Low,9
u5,Sunday,Clear,Saket Select Citywalk Mall,18,Medium,17
u5,Wednesday,Rain,Rohini Residential,10,Medium,8
u5,Tuesday,Clouds,Connaught Place,11,Low,11
u5,Tuesday,Fog,Connaught Place,10,Low,10
u5,Wednesday,Clear,Rohini Residential,11,Low,9
u5,Tuesday,Clouds,Saket Select Citywalk Mall,17,Medium,18
u5,Wednesday,Clear,Connaught Place,11,Low,11
u5,Wednesday,Clear,Saket Select Citywalk Mall,18,Medium,18
u5,Tuesday,Haze,Connaught Place,11,Low,11
u5,Thursday,Clouds,Rohini Residential,10,Low,9
u5,Tuesday,Haze,Saket Select Citywalk Mall,18,Medium,18
u5,Tuesday,Clear,Rohini Residential,9,Low,9
u5,Saturday,Fog,Rohini Residential,10,Medium,9
u5,Tuesday,Clouds,Rohini Residential,8,Low,9
u5,Monday,Clear,Saket Select Citywalk Mall,18,Medium,18
u5,Sunday,Rain,Rohini Residential,8,Medium,9
u5,Saturday,Drizzle,Saket Select Citywalk Mall,16,Medium,16
u5,Monday,Clouds,Saket Select Citywalk Mall,18,Medium,18
u5,Sunday,Haze,Connaught Place,11,Low,11
u5,Wednesday,Clouds,Rohini Residential,10,Low,9
u5,Sunday,Clear,Saket Select Citywalk Mall,18,Medium,17
u5,Sunday,Clear,Rohini Residential,12,Low,10
u5,Sunday,Clear,Saket Select Citywalk Mall,18,Medium,17
u5,Tuesday,Drizzle,Rohini Residential,9,Medium,8
u5,Tuesday,Clear,Saket Select Citywalk Mall,17,Medium,18
u5,Sunday,Rain,Rohini Residential,11,Medium,9
u5,Tuesday,Thunderstorm,Connaught Place,12,Medium,11
u5,Tuesday,Fog,Rohini Residential,10,Medium,8
u5,Monday,Rain,Saket Select Citywalk Mall,19,Medium,17
u5,Sunday,Clouds,Rohini Residential,11,Low,10
u5,Thursday,Clear,Rohini Residential,9,Low,9
u5,Sunday,Clear,Saket Select Citywalk Mall,20,Medium,17
u5,Friday,Clear,Rohini Residential,7,Low,9
u5,Wednesday,Clear,Saket Select Citywalk Mall,18,Medium,18
u5,Saturday,Clouds,Saket Select Citywalk Mall,17,Medium,17
u5,Saturday,Clear,Rohini Residential,11,Low,10
u5,Saturday,Clouds,Saket Select Citywalk Mall,17,Medium,17
u5,Sunday,Clouds,Saket Select Citywalk Mall,16,Medium,17
u5,Monday,Clouds,Rohini Residential,9,Low,9
u5,Monday,Clouds,Rohini Residential,9,Low,9
u5,Friday,Rain,Rohini Residential,11,Medium,8
u5,Tuesday,Clouds,Connaught Place,13,Low,11
u5,Sunday,Drizzle,Connaught Place,11,Medium,10
u5,Sunday,Rain,Rohini Residential,11,Medium,9
u5,Saturday,Clear,Connaught Place,11,Low,11
u5,Monday,Clear,Rohini Residential,9,Low,9
u5,Sunday,Clear,Connaught Place,11,Low,11
u5,Sunday,Clouds,Saket Select Citywalk Mall,20,Medium,17
u5,Wednesday,Rain,Saket Select Citywalk Mall,18,Medium,17
u5,Saturday,Clear,Connaught Place,11,Low,11
u5,Friday,Clouds,Connaught Place,13,Low,11
u5,Wednesday,Clear,Connaught Place,11,Low,11
u5,Monday,Clear,Connaught Place,10,Low,11
u5,Sunday,Drizzle,Connaught Place,12,Low,10
u5,Monday,Clouds,Rohini Residential,9,Low,9
u5,Wednesday,Clear,Saket Select Citywalk Mall,19,Medium,18
u5,Monday,Rain,Saket Select Citywalk Mall,18,Medium,17
u5,Thursday,Clear,Saket Select Citywalk Mall,16,Medium,18
u5,Monday,Clouds,Saket Select Citywalk Mall,20,Medium,18
u5,Wednesday,Clouds,Saket Select Citywalk Mall,19,Medium,18
u5,Sunday,Clouds,Saket Select Citywalk Mall,19,Medium,17
u5,Monday,Clouds,Saket Select Citywalk Mall,16,Medium,18
u5,Tuesday,Clear,Rohini Residential,10,Low,9
u5,Wednesday,Clear,Rohini Residential,9,Low,9
u5,Thursday,Clear,Rohini Residential,9,Low,9
u5,Friday,Clouds,Rohini Residential,9,Low,9
u5,Monday,Haze,Rohini Residential,11,Medium,9
u5,Monday,Clear,Saket Select Citywalk Mall,18,Medium,18
u5,Wednesday,Rain,Saket Select Citywalk Mall,18,Medium,17
u5,Saturday,Drizzle,Saket Select Citywalk Mall,18,Medium,16
u5,Saturday,Clear,Rohini Residential,10,Low,10
u5,Wednesday,Clear,Saket Select Citywalk Mall,17,Medium,18
u5,Monday,Haze,Connaught Place,13,Low,11
u5,Monday,Clear,Saket Select Citywalk Mall,17,Medium,18
u5,Friday,Haze,Rohini Residential,9,Medium,9
u5,Thursday,Clear,Rohini Residential,9,Low,9
u5,Sunday,Fog,Saket Select Citywalk Mall,16,Medium,16
u5,Wednesday,Clouds,Saket Select Citywalk Mall,17,Medium,18
u5,Wednesday,Clouds,Connaught Place,11,Low,11
u5,Tuesday,Clear,Saket Select Citywalk Mall,19,Medium,18
u5,Thursday,Clear,Saket Select Citywalk Mall,16,Medium,18
u5,Friday,Rain,Saket Select Citywalk Mall,18,Medium,17
u5,Monday,Rain,Saket Select Citywalk Mall,17,Medium,17
u5,Saturday,Thunderstorm,Saket Select Citywalk Mall,18,High,16
u5,Tuesday,Fog,Connaught Place,11,Low,10
u5,Wednesday,Clear,Saket Select Citywalk Mall,18,Medium,18
u5,Sunday,Clouds,Rohini Residential,9,Low,10
u5,Monday,Clear,Connaught Place,11,Low,11
u5,Tuesday,Clouds,Saket Select Citywalk Mall,19,Medium,18
u5,Thursday,Clouds,Saket Select Citywalk Mall,17,Medium,18
u5,Monday,Clear,Saket Select Citywalk Mall,16,Medium,18
u5,Monday,Fog,Rohini Residential,9,Medium,8
u5,Friday,Clouds,Rohini Residential,11,Low,9
u5,Wednesday,Clear,Connaught Place,9,Low,11
u5,Tuesday,Rain,Rohini Residential,9,Medium,8
u5,Friday,Fog,Saket Select Citywalk Mall,19,Medium,17
u5,Thursday,Clear,Rohini Residential,8,Low,9
u5,Tuesday,Clouds,Saket Select Citywalk Mall,17,Medium,18
u5,Saturday,Fog,Rohini Residential,12,Medium,9
u5,Tuesday,Fog,Rohini Residential,7,Medium,8
u5,Wednesday,Clouds,Connaught Place,11,Low,11
u5,Tuesday,Drizzle,Rohini Residential,9,Medium,8
u5,Monday,Clear,Connaught Place,11,Low,11
u5,Tuesday,Rain,Rohini Residential,7,Medium,8
u5,Wednesday,Clear,Rohini Residential,9,Low,9
u5,Saturday,Clear,Rohini Residential,9,Low,10
u5,Wednesday,Rain,Saket Select Citywalk Mall,20,Medium,17
u5,Wednesday,Clouds,Saket Select Citywalk Mall,16,Medium,18
u5,Wednesday,Clear,Connaught Place,11,Low,11
u5,Wednesday,Drizzle,Saket Select Citywalk Mall,18,Medium,17
u5,Wednesday,Clear,Saket Select Citywalk Mall,20,Medium,18
u5,Wednesday,Clear,Rohini Residential,7,Low,9
u5,Thursday,Rain,Connaught Place,12,Low,10
u5,Tuesday,Rain,Connaught Place,9,Medium,10
u5,Thursday,Clear,Rohini Residential,10,Low,9
u5,Tuesday,Fog,Connaught Place,13,Low,10
u5,Sunday,Clouds,Rohini Residential,11,Low,10
u5,Sunday,Haze,Rohini Residential,12,Medium,10
u5,Wednesday,Clear,Saket Select Citywalk Mall,16,Medium,18
u5,Wednesday,Rain,Connaught Place,9,Medium,10
u5,Sunday,Clear,Rohini Residential,11,Low,10
u5,Friday,Clear,Rohini Residential,11,Low,9
u5,Sunday,Haze,Connaught Place,10,Low,11
u5,Sunday,Clear,Rohini Residential,11,Low,10
u5,Thursday,Clear,Connaught Place,12,Low,11
u5,Tuesday,Clear,Saket Select Citywalk Mall,20,Medium,18
u5,Tuesday,Clear,Connaught Place,10,Low,11
u5,Wednesday,Clouds,Rohini Residential,11,Low,9
u5,Friday,Clouds,Saket Select Citywalk Mall,18,Medium,18
u5,Tuesday,Clear,Connaught Place,9,Low,11
u5,Sunday,Haze,Connaught Place,12,Low,11
u5,Wednesday,Haze,Saket Select Citywalk Mall,20,Medium,18
u5,Monday,Rain,Saket Select Citywalk Mall,20,Medium,17
u5,Tuesday,Haze,Rohini Residential,9,Medium,9
u5,Tuesday,Clear,Connaught Place,11,Low,11
u5,Friday,Clouds,Connaught Place,11,Low,11
u5,Friday,Clear,Rohini Residential,7,Low,9
u5,Sunday,Clouds,Rohini Residential,11,Low,10
u5,Monday,Clear,Rohini Residential,10,Low,9
u5,Friday,Clouds,Saket Select Citywalk Mall,18,Medium,18
u5,Tuesday,Rain,Rohini Residential,11,Medium,8
u5,Tuesday,Clouds,Saket Select Citywalk Mall,20,Medium,18
u5,Saturday,Clouds,Connaught Place,11,Low,11
u5,Friday,Rain,Connaught Place,11,Medium,10
u5,Tuesday,Haze,Rohini Residential,7,Medium,9
u5,Wednesday,Rain,Saket Select Citywalk Mall,19,Medium,17
u5,Wednesday,Clear,Connaught Place,11,Low,11
u5,Monday,Rain,Rohini Residential,8,Medium,8
u5,Tuesday,Clouds,Saket Select Citywalk Mall,18,Medium,18
u5,Wednesday,Clouds,Connaught Place,12,Low,11
u5,Saturday,Clear,Saket Select Citywalk Mall,18,Medium,17
u5,Monday,Clear,Saket Select Citywalk Mall,18,Medium,18
u5,Wednesday,Clear,Saket Select Citywalk Mall,16,Medium,18
u5,Thursday,Clouds,Connaught Place,13,Low,11
u5,Wednesday,Haze,Saket Select Citywalk Mall,19,Medium,18
u5,Thursday,Clear,Saket Select Citywalk Mall,18,Medium,18
u5,Tuesday,Clouds,Saket Select Citywalk Mall,18,Medium,18
u5,Thursday,Clear,Connaught Place,13,Low,11
u5,Sunday,Rain,Saket Select Citywalk Mall,18,High,15
u5,Wednesday,Rain,Rohini Residential,7,Medium,8
u5,Tuesday,Clear,Connaught Place,10,Low,11
u5,Friday,Clouds,Rohini Residential,9,Low,9
u5,Wednesday,Rain,Saket Select Citywalk Mall,20,Medium,17
u5,Sunday,Haze,Saket Select Citywalk Mall,19,Medium,17
u5,Sunday,Rain,Saket Select Citywalk Mall,19,High,15
u5,Tuesday,Fog,Rohini Residential,10,Medium,8
u5,Sunday,Rain,Connaught Place,10,Medium,10
u5,Wednesday,Haze,Connaught Place,9,Low,11
u5,Monday,Clouds,Rohini Residential,9,Low,9
u5,Sunday,Clouds,Saket Select Citywalk Mall,19,Medium,17
u5,Friday,Haze,Connaught Place,10,Low,11
u5,Tuesday,Haze,Rohini Residential,10,Medium,9
u5,Tuesday,Clear,Rohini Residential,9,Low,9
u5,Monday,Clear,Rohini Residential,9,Low,9
u5,Friday,Fog,Rohini Residential,10,Medium,8
u5,Tuesday,Fog,Connaught Place,12,Low,10
u5,Friday,Drizzle,Saket Select Citywalk Mall,17,Medium,17
u5,Tuesday,Haze,Saket Select Citywalk Mall,20,Medium,18
u5,Thursday,Rain,Rohini Residential,9,Medium,8
u5,Wednesday,Clouds,Saket Select Citywalk Mall,19,Medium,18
u5,Thursday,Clear,Saket Select Citywalk Mall,18,Medium,18
u5,Monday,Clouds,Connaught Place,9,Low,11
u5,Thursday,Fog,Saket Select Citywalk Mall,20,Medium,17
u5,Friday,Clear,Saket Select Citywalk Mall,20,Medium,18
u5,Thursday,Clouds,Rohini Residential,11,Low,9
u5,Thursday,Clouds,Connaught Place,9,Low,11
u5,Monday,Clouds,Rohini Residential,7,Low,9
u5,Wednesday,Clear,Connaught Place,11,Low,11
u5,Thursday,Drizzle,Saket Select Citywalk Mall,18,Medium,17
u5,Saturday,Clear,Saket Select Citywalk Mall,16,Medium,17
u5,Sunday,Clear,Connaught Place,12,Low,11
u5,Saturday,Fog,Connaught Place,13,Low,10
u5,Friday,Rain,Saket Select Citywalk Mall,16,Medium,17
u5,Wednesday,Clear,Saket Select Citywalk Mall,17,Medium,18
u5,Monday,Haze,Connaught Place,11,Low,11
u5,Thursday,Clear,Saket Select Citywalk Mall,17,Medium,18
u5,Thursday,Clear,Saket Select Citywalk Mall,16,Medium,18
u5,Thursday,Drizzle,Saket Select Citywalk Mall,18,Medium,17
u5,Thursday,Clear,Rohini Residential,7,Low,9
u5,Sunday,Clear,Saket Select Citywalk Mall,17,Medium,17
u5,Tuesday,Clear,Connaught Place,9,Low,11
u5,Saturday,Clouds,Connaught Place,12,Low,11
u5,Thursday,Clouds,Rohini Residential,9,Low,9
u5,Saturday,Clouds,Connaught Place,11,Low,11
u5,Monday,Clear,Saket Select Citywalk Mall,20,Medium,18
u5,Sunday,Thunderstorm,Rohini Residential,8,Medium,10
u5,Thursday,Fog,Rohini Residential,7,Medium,8
u5,Monday,Fog,Connaught Place,10,Low,10
u5,Sunday,Clear,Connaught Place,11,Low,11
u5,Sunday,Haze,Connaught Place,9,Low,11
u5,Thursday,Clear,Rohini Residential,10,Low,9
u5,Monday,Drizzle,Saket Select Citywalk Mall,19,Medium,17
u5,Thursday,Clouds,Connaught Place,11,Low,11
u5,Sunday,Haze,Connaught Place,11,Low,11
u5,Thursday,Clear,Rohini Residential,11,Low,9
u5,Thursday,Haze,Connaught Place,11,Low,11
u5,Wednesday,Clouds,Rohini Residential,8,Low,9
u5,Thursday,Rain,Rohini Residential,10,Medium,8
u5,Tuesday,Clouds,Rohini Residential,9,Low,9
u5,Tuesday,Drizzle,Connaught Place,13,Low,10
u5,Sunday,Clouds,Rohini Residential,10,Low,10
u5,Friday,Clear,Rohini Residential,9,Low,9
u5,Monday,Fog,Rohini Residential,8,Medium,8
u5,Thursday,Clouds,Connaught Place,12,Low,11
u5,Saturday,Clouds,Saket Select Citywalk Mall,18,Medium,17
u5,Wednesday,Clear,Rohini Residential,7,Low,9
u5,Thursday,Fog,Connaught Place,10,Low,10
u5,Thursday,Thunderstorm,Rohini Residential,11,Medium,9
u5,Wednesday,Clouds,Rohini Residential,10,Low,9
u5,Sunday,Thunderstorm,Saket Select Citywalk Mall,18,High,16
u5,Tuesday,Clear,Connaught Place,9,Low,11
u5,Wednesday,Clouds,Saket Select Citywalk Mall,19,Medium,18
u5,Friday,Clear,Saket Select Citywalk Mall,17,Medium,18
u5,Friday,Haze,Rohini Residential,8,Medium,9
u5,Friday,Rain,Saket Select Citywalk Mall,20,Medium,17
u5,Tuesday,Clear,Saket Select Citywalk Mall,16,Medium,18
u5,Sunday,Clouds,Rohini Residential,8,Low,10
u5,Tuesday,Clouds,Saket Select Citywalk Mall,18,Medium,18
u5,Monday,Clouds,Rohini Residential,7,Low,9
u5,Sunday,Fog,Connaught Place,11,Low,10
u5,Monday,Rain,Saket Select Citywalk Mall,18,Medium,17
u5,Sunday,Drizzle,Rohini Residential,8,Medium,9
u5,Saturday,Clear,Connaught Place,13,Low,11
u5,Thursday,Clear,Saket Select Citywalk Mall,18,Medium,18
u5,Sunday,Clear,Rohini Residential,8,Low,10
u5,Friday,Haze,Saket Select Citywalk Mall,16,High,17
u5,Tuesday,Clear,Rohini Residential,9,Low,9
u5,Thursday,Clear,Connaught Place,10,Low,11
u5,Monday,Haze,Rohini Residential,10,Medium,9
u5,Saturday,Clouds,Connaught Place,13,Low,11
u5,Wednesday,Clear,Saket Select Citywalk Mall,17,Medium,18
u5,Thursday,Clear,Rohini Residential,9,Low,9
u5,Monday,Clouds,Saket Select Citywalk Mall,16,Medium,18
u5,Saturday,Clouds,Saket Select Citywalk Mall,18,Medium,17
u5,Monday,Clear,Saket Select Citywalk Mall,16,Medium,18
u5,Monday,Rain,Saket Select Citywalk Mall,18,Medium,17
u5,Wednesday,Clear,Rohini Residential,8,Low,9
u5,Monday,Drizzle,Connaught Place,11,Low,10
u5,Friday,Rain,Saket Select Citywalk Mall,18,Medium,17
u5,Sunday,Clear,Connaught Place,11,Low,11
u5,Monday,Fog,Rohini Residential,11,Medium,8
u5,Saturday,Drizzle,Connaught Place,13,Low,10
u5,Saturday,Clear,Rohini Residential,10,Low,10
u5,Tuesday,Drizzle,Rohini Residential,11,Medium,8
u5,Saturday,Rain,Connaught Place,13,Medium,10
u5,Friday,Clouds,Saket Select Citywalk Mall,16,Medium,18
u5,Thursday,Clouds,Saket Select Citywalk Mall,20,Medium,18
u5,Thursday,Clear,Connaught Place,9,Low,11
u5,Sunday,Clear,Rohini Residential,9,Low,10
u5,Sunday,Clear,Connaught Place,12,Low,11
u5,Thursday,Clear,Saket Select Citywalk Mall,18,Medium,18
u5,Tuesday,Rain,Saket Select Citywalk Mall,17,Medium,17
u5,Thursday,Drizzle,Connaught Place,10,Low,10
u5,Sunday,Clear,Saket Select Citywalk Mall,20,Medium,17
u5,Wednesday,Clear,Saket Select Citywalk Mall,17,Medium,18
u5,Thursday,Clouds,Connaught Place,12,Low,11
u5,Saturday,Haze,Connaught Place,13,Low,11
u5,Thursday,Clouds,Rohini Residential,8,Low,9
u5,Monday,Clear,Rohini Residential,9,Low,9
u5,Saturday,Clear,Rohini Residential,9,Low,10
u5,Wednesday,Rain,Saket Select Citywalk Mall,18,Medium,17
u5,Monday,Clear,Saket Select Citywalk Mall,17,Medium,18
u5,Wednesday,Drizzle,Rohini Residential,8,Medium,8
u5,Monday,Thunderstorm,Connaught Place,11,Medium,11
u5,Sunday,Haze,Connaught Place,11,Low,11
u5,Monday,Haze,Saket Select Citywalk Mall,20,Medium,18
u5,Tuesday,Clear,Connaught Place,11,Low,11
u5,Tuesday,Clear,Rohini Residential,7,Low,9
u5,Sunday,Haze,Rohini Residential,11,Medium,10
u5,Thursday,Haze,Connaught Place,9,Low,11
u5,Monday,Clear,Saket Select Citywalk Mall,18,Medium,18
u5,Wednesday,Clouds,Rohini Residential,7,Low,9
u5,Saturday,Clouds,Connaught Place,11,Low,11
u5,Thursday,Clouds,Rohini Residential,7,Low,9
u5,Saturday,Rain,Saket Select Citywalk Mall,18,High,15
u5,Tuesday,Clear,Connaught Place,10,Low,11
u5,Monday,Clear,Rohini Residential,10,Low,9
u5,Friday,Clear,Saket Select Citywalk Mall,20,Medium,18
u5,Thursday,Clear,Saket Select Citywalk Mall,18,Medium,18
u5,Tuesday,Fog,Rohini Residential,9,Medium,8
u5,Thursday,Rain,Connaught Place,10,Low,10
u5,Wednesday,Rain,Connaught Place,9,Medium,10
u5,Wednesday,Clear,Saket Select Citywalk Mall,16,Medium,18
u5,Thursday,Clear,Saket Select Citywalk Mall,17,Medium,18
u5,Sunday,Clear,Rohini Residential,9,Low,10
u5,Friday,Clear,Rohini Residential,7,Low,9
u5,Wednesday,Clear,Connaught Place,13,Low,11
u5,Sunday,Fog,Rohini Residential,10,Medium,9
u5,Saturday,Clear,Connaught Place,11,Low,11
u5,Sunday,Thunderstorm,Connaught Place,10,Medium,11
u5,Friday,Clear,Rohini Residential,7,Low,9
u5,Wednesday,Haze,Connaught Place,12,Low,11
u5,Friday,Haze,Rohini Residential,8,Medium,9
u5,Sunday,Clear,Connaught Place,9,Low,11
u5,Friday,Haze,Saket Select Citywalk Mall,17,High,17
u5,Friday,Clouds,Rohini Residential,7,Low,9
u5,Saturday,Clear,Connaught Place,9,Low,11
u5,Sunday,Clear,Saket Select Citywalk Mall,17,Medium,17
u5,Saturday,Thunderstorm,Saket Select Citywalk Mall,18,High,16
u5,Sunday,Clouds,Saket Select Citywalk Mall,16,Medium,17
u5,Monday,Clear,Rohini Residential,8,Low,9
u5,Tuesday,Clouds,Connaught Place,11,Low,11
u5,Monday,Clouds,Saket Select Citywalk Mall,16,Medium,18
u5,Sunday,Clouds,Saket Select Citywalk Mall,18,Medium,17
u5,Sunday,Clouds,Connaught Place,11,Low,11
u5,Thursday,Clouds,Connaught Place,11,Low,11
u5,Thursday,Haze,Saket Select Citywalk Mall,17,Medium,18
u5,Monday,Rain,Connaught Place,11,Medium,10
u5,Friday,Rain,Connaught Place,12,Medium,10
u5,Monday,Haze,Saket Select Citywalk Mall,20,Medium,18
u5,Thursday,Rain,Saket Select Citywalk Mall,18,Medium,17
u5,Thursday,Clouds,Saket Select Citywalk Mall,20,Medium,18
u5,Thursday,Clouds,Saket Select Citywalk Mall,17,Medium,18
u5,Tuesday,Rain,Saket Select Citywalk Mall,19,Medium,17
u5,Thursday,Clear,Connaught Place,12,Low,11
u5,Friday,Haze,Saket Select Citywalk Mall,16,High,17
u5,Wednesday,Clouds,Connaught Place,13,Low,11
u5,Wednesday,Clouds,Rohini Residential,10,Low,9
u5,Friday,Clouds,Saket Select Citywalk Mall,19,Medium,18
u5,Friday,Clouds,Rohini Residential,11,Low,9
u5,Thursday,Clear,Saket Select Citywalk Mall,16,Medium,18
u5,Tuesday,Clear,Rohini Residential,10,Low,9
u5,Wednesday,Clear,Saket Select Citywalk Mall,17,Medium,18
u5,Friday,Clear,Connaught Place,11,Low,11
u5,Saturday,Clear,Connaught Place,12,Low,11
u5,Friday,Clear,Connaught Place,10,Low,11
u5,Tuesday,Clouds,Connaught Place,12,Low,11
u5,Wednesday,Haze,Connaught Place,10,Low,11
u5,Thursday,Clear,Saket Select Citywalk Mall,17,Medium,18
u5,Saturday,Clear,Connaught Place,11,Low,11
u5,Tuesday,Rain,Connaught Place,10,Medium,10
u5,Tuesday,Clouds,Saket Select Citywalk Mall,20,Medium,18
u5,Thursday,Clouds,Saket Select Citywalk Mall,18,Medium,18
u5,Wednesday,Clear,Saket Select Citywalk Mall,16,Medium,18
u5,Friday,Clear,Saket Select Citywalk Mall,18,Medium,18
u5,Friday,Clouds,Connaught Place,9,Low,11
u5,Monday,Haze,Rohini Residential,9,Medium,9
u5,Sunday,Clouds,Saket Select Citywalk Mall,19,Medium,17
u5,Wednesday,Rain,Rohini Residential,8,Medium,8
u5,Sunday,Rain,Saket Select Citywalk Mall,17,High,15
u5,Wednesday,Clear,Saket Select Citywalk Mall,19,Medium,18
u5,Tuesday,Clouds,Rohini Residential,8,Low,9
u5,Sunday,Clear,Connaught Place,11,Low,11
u5,Wednesday,Clouds,Rohini Residential,8,Low,9
u5,Wednesday,Clouds,Rohini Residential,10,Low,9
u5,Wednesday,Clear,Saket Select Citywalk Mall,19,Medium,18
u5,Friday,Rain,Rohini Residential,10,Medium,8
u5,Wednesday,Clouds,Connaught Place,11,Low,11
u5,Friday,Clear,Rohini Residential,9,Low,9
u5,Thursday,Fog,Saket Select Citywalk Mall,18,Medium,17
u5,Tuesday,Haze,Connaught Place,12,Low,11
u5,Thursday,Clouds,Saket Select Citywalk Mall,18,Medium,18
u5,Thursday,Fog,Connaught Place,11,Low,10
u5,Tuesday,Clear,Connaught Place,12,Low,11
u5,Wednesday,Clear,Connaught Place,9,Low,11
u5,Friday,Clear,Rohini Residential,9,Low,9
u5,Wednesday,Rain,Saket Select Citywalk Mall,19,Medium,17
u5,Wednesday,Haze,Connaught Place,9,Low,11
u5,Tuesday,Clear,Rohini Residential,10,Low,9
u5,Monday,Clear,Saket Select Citywalk Mall,18,Medium,18
u5,Tuesday,Clouds,Connaught Place,12,Low,11
u5,Tuesday,Clear,Saket Select Citywalk Mall,18,Medium,18
u5,Wednesday,Haze,Rohini Residential,10,Medium,9
u5,Tuesday,Clouds,Connaught Place,13,Low,11
u5,Sunday,Clear,Saket Select Citywalk Mall,18,Medium,17
u5,Wednesday,Clouds,Connaught Place,11,Low,11
u5,Sunday,Rain,Rohini Residential,9,Medium,9
u5,Thursday,Clear,Connaught Place,10,Low,11
u5,Saturday,Clear,Rohini Residential,12,Low,10
u5,Thursday,Rain,Connaught Place,11,Medium,10
u5,Thursday,Clouds,Rohini Residential,10,Low,9
u5,Sunday,Clear,Rohini Residential,11,Low,10
u5,Monday,Clear,Saket Select Citywalk Mall,18,Medium,18
u5,Monday,Clouds,Rohini Residential,8,Low,9
u5,Sunday,Clear,Connaught Place,12,Low,11
u5,Tuesday,Clear,Saket Select Citywalk Mall,18,Medium,18
u5,Thursday,Clouds,Connaught Place,10,Low,11
u5,Saturday,Clear,Rohini Residential,8,Low,10
u5,Thursday,Clear,Rohini Residential,9,Low,9
u5,Sunday,Clear,Connaught Place,12,Low,11
u5,Sunday,Clear,Rohini Residential,11,Low,10
u5,Friday,Haze,Connaught Place,11,Low,11
u5,Friday,Clear,Saket Select Citywalk Mall,19,Medium,18
u5,Friday,Haze,Connaught Place,9,Low,11
u5,Sunday,Clear,Connaught Place,11,Low,11
u5,Thursday,Clouds,Saket Select Citywalk Mall,17,Medium,18
u5,Friday,Clear,Connaught Place,10,Low,11
u5,Friday,Clear,Rohini Residential,11,Low,9
u5,Thursday,Clouds,Rohini Residential,9,Low,9
u5,Monday,Clouds,Connaught Place,9,Low,11
u5,Saturday,Thunderstorm,Connaught Place,11,Medium,11
u5,Wednesday,Thunderstorm,Saket Select Citywalk Mall,17,Medium,18
u5,Tuesday,Clouds,Connaught Place,11,Low,11
u5,Thursday,Clear,Rohini Residential,9,Low,9
u5,Wednesday,Clear,Saket Select Citywalk Mall,18,Medium,18
u5,Friday,Fog,Saket Select Citywalk Mall,17,Medium,17
u5,Saturday,Rain,Connaught Place,10,Low,10
u5,Wednesday,Clear,Rohini Residential,9,Low,9
u5,Thursday,Clouds,Saket Select Citywalk Mall,18,Medium,18
u5,Thursday,Clear,Rohini Residential,10,Low,9
u5,Monday,Clear,Rohini Residential,11,Low,9
u5,Sunday,Clouds,Saket Select Citywalk Mall,20,Medium,17
u5,Thursday,Clouds,Saket Select Citywalk Mall,18,Medium,18
u5,Friday,Haze,Saket Select Citywalk Mall,20,Medium,18
u5,Saturday,Clear,Rohini Residential,10,Low,10
u5,Tuesday,Haze,Rohini Residential,10,Medium,9
u5,Friday,Clear,Saket Select Citywalk Mall,17,Medium,18
u5,Thursday,Haze,Connaught Place,10,Low,11
u5,Monday,Haze,Saket Select Citywalk Mall,19,Medium,18
u5,Sunday,Clear,Saket Select Citywalk Mall,16,Medium,17
u5,Tuesday,Clear,Connaught Place,9,Low,11
u5,Saturday,Clouds,Saket Select Citywalk Mall,18,Medium,17
u5,Tuesday,Clouds,Connaught Place,11,Low,11
u5,Wednesday,Clouds,Connaught Place,10,Low,11
u5,Tuesday,Rain,Saket Select Citywalk Mall,18,Medium,17
u5,Wednesday,Clouds,Connaught Place,9,Low,11
u5,Wednesday,Haze,Rohini Residential,7,Medium,9
u5,Friday,Rain,Connaught Place,12,Low,10
u5,Saturday,Fog,Rohini Residential,10,Medium,9
u5,Wednesday,Clear,Connaught Place,11,Low,11
u5,Sunday,Rain,Connaught Place,11,Medium,10
u5,Monday,Rain,Rohini Residential,9,Medium,8
u5,Wednesday,Fog,Connaught Place,11,Low,10
u5,Wednesday,Rain,Saket Select Citywalk Mall,18,Medium,17
u5,Monday,Clear,Connaught Place,11,Low,11
u5,Friday,Rain,Saket Select Citywalk Mall,18,Medium,17
u5,Tuesday,Rain,Rohini Residential,8,Medium,8
u5,Thursday,Clear,Rohini Residential,8,Low,9
u5,Monday,Drizzle,Connaught Place,12,Medium,10
u5,Thursday,Rain,Rohini Residential,9,Medium,8
u5,Friday,Clear,Rohini Residential,9,Low,9
u5,Friday,Clouds,Rohini Residential,11,Low,9
u5,Thursday,Clouds,Saket Select Citywalk Mall,18,Medium,18
u5,Wednesday,Haze,Rohini Residential,7,Medium,9
u5,Friday,Clouds,Connaught Place,13,Low,11
u5,Monday,Clear,Saket Select Citywalk Mall,18,Medium,18
u5,Monday,Clouds,Saket Select Citywalk Mall,19,Medium,18
u5,Monday,Clouds,Rohini Residential,9,Low,9
u5,Tuesday,Clouds,Saket Select Citywalk Mall,17,Medium,18
u5,Thursday,Clouds,Saket Select Citywalk Mall,18,Medium,18
u5,Saturday,Rain,Rohini Residential,12,Medium,9
u5,Wednesday,Haze,Saket Select Citywalk Mall,18,Medium,18
u5,Wednesday,Fog,Saket Select Citywalk Mall,18,Medium,17
u5,Monday,Haze,Rohini Residential,8,Medium,9
u5,Saturday,Rain,Connaught Place,9,Medium,10
u5,Monday,Haze,Rohini Residential,11,Medium,9
u5,Tuesday,Fog,Saket Select Citywalk Mall,18,Medium,17
u5,Friday,Clouds,Saket Select Citywalk Mall,18,Medium,18
u5,Wednesday,Clear,Saket Select Citywalk Mall,17,Medium,18
u5,Saturday,Clear,Connaught Place,10,Low,11
u5,Monday,Clear,Saket Select Citywalk Mall,17,Medium,18
u5,Monday,Haze,Rohini Residential,9,Medium,9
u5,Thursday,Clear,Rohini Residential,8,Low,9
u5,Tuesday,Haze,Connaught Place,10,Low,11
u5,Tuesday,Clouds,Rohini Residential,11,Low,9
u5,Tuesday,Clouds,Connaught Place,13,Low,11
u5,Sunday,Clear,Rohini Residential,12,Low,10
u5,Friday,Rain,Rohini Residential,7,Medium,8
u5,Wednesday,Rain,Saket Select Citywalk Mall,18,Medium,17
u5,Thursday,Fog,Rohini Residential,9,Medium,8
u5,Friday,Clear,Connaught Place,10,Low,11
u5,Thursday,Fog,Connaught Place,10,Low,10
u5,Thursday,Thunderstorm,Rohini Residential,9,Medium,9
u5,Friday,Clear,Rohini Residential,7,Low,9
u5,Wednesday,Clear,Saket Select Citywalk Mall,18,Medium,18
u5,Wednesday,Fog,Connaught Place,9,Low,10
u5,Monday,Clouds,Connaught Place,11,Low,11
u5,Tuesday,Rain,Connaught Place,12,Medium,10
u5,Tuesday,Clear,Rohini Residential,11,Low,9
u5,Thursday,Clear,Saket Select Citywalk Mall,18,Medium,18
u5,Monday,Drizzle,Rohini Residential,8,Medium,8
u5,Saturday,Clear,Rohini Residential,10,Low,10
u5,Thursday,Clouds,Connaught Place,11,Low,11
u5,Thursday,Clouds,Saket Select Citywalk Mall,16,Medium,18
u5,Friday,Clouds,Rohini Residential,10,Low,9
u5,Sunday,Rain,Connaught Place,10,Medium,10
u5,Tuesday,Clear,Saket Select Citywalk Mall,20,Medium,18
u5,Tuesday,Clouds,Rohini Residential,10,Low,9
u5,Thursday,Rain,Connaught Place,11,Medium,10
u5,Friday,Haze,Connaught Place,12,Low,11
u5,Wednesday,Drizzle,Connaught Place,10,Low,10
u5,Thursday,Haze,Saket Select Citywalk Mall,18,Medium,18
u5,Monday,Drizzle,Saket Select Citywalk Mall,18,Medium,17
u5,Tuesday,Clear,Saket Select Citywalk Mall,16,Medium,18
u5,Friday,Clear,Saket Select Citywalk Mall,20,Medium,18
u5,Monday,Clear,Saket Select Citywalk Mall,20,Medium,18
u5,Tuesday,Haze,Saket Select Citywalk Mall,20,Medium,18
u5,Sunday,Clear,Connaught Place,13,Low,11
u5,Monday,Haze,Rohini Residential,10,Medium,9
u5,Saturday,Clear,Connaught Place,12,Low,11
u5,Wednesday,Haze,Rohini Residential,9,Medium,9
u5,Saturday,Clear,Saket Select Citywalk Mall,18,Medium,17
u5,Friday,Clear,Rohini Residential,10,Low,9
u5,Monday,Rain,Saket Select Citywalk Mall,17,Medium,17
u5,Wednesday,Clear,Connaught Place,13,Low,11
u5,Thursday,Haze,Connaught Place,10,Low,11
u5,Thursday,Fog,Saket Select Citywalk Mall,19,Medium,17
u5,Sunday,Clouds,Saket Select Citywalk Mall,16,Medium,17
u5,Tuesday,Clouds,Rohini Residential,9,Low,9
u5,Friday,Clouds,Saket Select Citywalk Mall,17,Medium,18
u5,Thursday,Clouds,Rohini Residential,9,Low,9
u5,Monday,Clear,Rohini Residential,11,Low,9
u5,Thursday,Clouds,Connaught Place,11,Low,11
u5,Tuesday,Fog,Saket Select Citywalk Mall,16,Medium,17
u5,Thursday,Clouds,Saket Select Citywalk Mall,17,Medium,18
u5,Wednesday,Clouds,Saket Select Citywalk Mall,16,Medium,18
u5,Friday,Drizzle,Rohini Residential,10,Medium,8
u5,Wednesday,Clear,Rohini Residential,7,Low,9
u5,Wednesday,Rain,Connaught Place,10,Medium,10
u5,Saturday,Clear,Saket Select Citywalk Mall,16,Medium,17
u5,Friday,Clear,Saket Select Citywalk Mall,19,Medium,18
u5,Sunday,Clear,Saket Select Citywalk Mall,19,Medium,17
u5,Saturday,Clouds,Rohini Residential,11,Low,10
u5,Monday,Clouds,Connaught Place,11,Low,11
u5,Tuesday,Rain,Connaught Place,11,Medium,10
u5,Tuesday,Haze,Saket Select Citywalk Mall,19,High,17
u5,Sunday,Clear,Saket Select Citywalk Mall,17,Medium,17
u5,Wednesday,Clear,Connaught Place,10,Low,11
u5,Thursday,Clear,Rohini Residential,10,Low,9
u5,Wednesday,Clear,Connaught Place,9,Low,11
u5,Wednesday,Clouds,Rohini Residential,9,Low,9
u5,Thursday,Rain,Saket Select Citywalk Mall,17,Medium,17
u5,Friday,Fog,Rohini Residential,9,Medium,8
u5,Saturday,Clear,Connaught Place,10,Low,11
u5,Wednesday,Fog,Connaught Place,10,Low,10
u5,Tuesday,Clouds,Saket Select Citywalk Mall,18,Medium,18
u5,Friday,Clear,Rohini Residential,7,Low,9
u5,Friday,Thunderstorm,Saket Select Citywalk Mall,19,Medium,18
u5,Thursday,Clear,Saket Select Citywalk Mall,18,Medium,18
u5,Sunday,Clear,Saket Select Citywalk Mall,20,Medium,17
u5,Tuesday,Clouds,Connaught Place,11,Low,11
u5,Tuesday,Clear,Connaught Place,10,Low,11
u5,Saturday,Clear,Saket Select Citywalk Mall,16,Medium,17
u5,Saturday,Fog,Saket Select Citywalk Mall,16,Medium,16
u5,Saturday,Clear,Rohini Residential,11,Low,10
u5,Monday,Clear,Connaught Place,12,Low,11
u5,Wednesday,Rain,Saket Select Citywalk Mall,18,Medium,17
u5,Friday,Drizzle,Saket Select Citywalk Mall,18,Medium,17
u5,Wednesday,Clouds,Rohini Residential,9,Low,9
u5,Tuesday,Clear,Rohini Residential,8,Low,9
u5,Friday,Clouds,Connaught Place,11,Low,11
u5,Wednesday,Haze,Saket Select Citywalk Mall,18,Medium,18
u5,Wednesday,Clear,Saket Select Citywalk Mall,18,Medium,18
u5,Tuesday,Rain,Saket Select Citywalk Mall,17,Medium,17
u5,Wednesday,Clear,Rohini Residential,9,Low,9
u5,Sunday,Haze,Rohini Residential,10,Medium,10
u5,Friday,Clear,Connaught Place,11,Low,11
u5,Wednesday,Clear,Connaught Place,12,Low,11
u5,Tuesday,Clear,Saket Select Citywalk Mall,19,Medium,18
u5,Wednesday,Clouds,Connaught Place,9,Low,11
u5,Friday,Haze,Saket Select Citywalk Mall,16,Medium,18
u5,Monday,Rain,Connaught Place,10,Medium,10
u5,Friday,Clouds,Connaught Place,13,Low,11
u5,Tuesday,Clear,Connaught Place,11,Low,11
u5,Tuesday,Clear,Rohini Residential,11,Low,9
u5,Sunday,Clear,Rohini Residential,10,Low,10
u5,Tuesday,Haze,Rohini Residential,7,Medium,9
u5,Monday,Clouds,Rohini Residential,9,Low,9
u5,Monday,Clear,Connaught Place,13,Low,11
u5,Tuesday,Clear,Saket Select Citywalk Mall,20,Medium,18
u5,Tuesday,Clouds,Saket Select Citywalk Mall,20,Medium,18
u5,Wednesday,Haze,Rohini Residential,11,Medium,9
u5,Monday,Clear,Connaught Place,13,Low,11
u5,Wednesday,Haze,Connaught Place,11,Low,11
u5,Thursday,Haze,Rohini Residential,9,Medium,9
u5,Monday,Haze,Rohini Residential,7,Medium,9
u5,Wednesday,Clouds,Rohini Residential,10,Low,9
u5,Tuesday,Clear,Saket Select Citywalk Mall,19,Medium,18
u5,Friday,Haze,Connaught Place,10,Low,11
u5,Wednesday,Clouds,Saket Select Citywalk Mall,19,Medium,18
u5,Friday,Clear,Rohini Residential,8,Low,9
u5,Sunday,Clear,Rohini Residential,8,Low,10
u5,Thursday,Clouds,Saket Select Citywalk Mall,16,Medium,18
u5,Friday,Clouds,Rohini Residential,11,Low,9
u5,Monday,Clouds,Saket Select Citywalk Mall,17,Medium,18
u5,Sunday,Clear,Rohini Residential,9,Low,10
u5,Friday,Drizzle,Saket Select Citywalk Mall,19,Medium,17
u5,Wednesday,Clear,Connaught Place,12,Low,11
u5,Saturday,Clouds,Rohini Residential,11,Low,10
u5,Monday,Clear,Rohini Residential,10,Low,9
u5,Friday,Clear,Rohini Residential,10,Low,9
u5,Monday,Drizzle,Rohini Residential,10,Medium,8
u5,Thursday,Clear,Rohini Residential,8,Low,9
u5,Saturday,Fog,Rohini Residential,11,Medium,9
u5,Thursday,Haze,Connaught Place,9,Low,11
u5,Monday,Rain,Saket Select Citywalk Mall,20,Medium,17
u5,Thursday,Clear,Connaught Place,13,Low,11
u5,Saturday,Clear,Rohini Residential,10,Low,10
u5,Tuesday,Clear,Saket Select Citywalk Mall,19,Medium,18
u5,Thursday,Clear,Saket Select Citywalk Mall,16,Medium,18
u5,Monday,Fog,Saket Select Citywalk Mall,17,Medium,17
u5,Friday,Clear,Saket Select Citywalk Mall,18,Medium,18
u5,Tuesday,Clouds,Connaught Place,13,Low,11
u5,Thursday,Clouds,Rohini Residential,10,Low,9
u5,Thursday,Clear,Connaught Place,12,Low,11
u5,Thursday,Clouds,Rohini Residential,8,Low,9
u5,Saturday,Clouds,Connaught Place,11,Low,11
u5,Monday,Clouds,Connaught Place,11,Low,11
u5,Wednesday,Clouds,Connaught Place,10,Low,11
u5,Wednesday,Haze,Saket Select Citywalk Mall,18,Medium,18
u5,Sunday,Clear,Saket Select Citywalk Mall,18,Medium,17
u5,Tuesday,Clouds,Rohini Residential,9,Low,9
u5,Monday,Clear,Connaught Place,10,Low,11
u5,Tuesday,Thunderstorm,Rohini Residential,8,Medium,9
u5,Monday,Rain,Rohini Residential,9,Medium,8
u5,Saturday,Clear,Connaught Place,11,Low,11
u5,Wednesday,Clouds,Connaught Place,13,Low,11
u5,Wednesday,Clouds,Rohini Residential,7,Low,9
u5,Friday,Clear,Connaught Place,12,Low,11
u5,Wednesday,Clouds,Saket Select Citywalk Mall,18,Medium,18
u5,Sunday,Haze,Rohini Residential,9,Medium,10
u5,Wednesday,Clear,Rohini Residential,10,Low,9
u5,Saturday,Clear,Saket Select Citywalk Mall,20,Medium,17
u5,Monday,Drizzle,Connaught Place,9,Low,10
u5,Wednesday,Clear,Connaught Place,12,Low,11
u5,Monday,Clear,Saket Select Citywalk Mall,18,Medium,18
u5,Sunday,Clouds,Rohini Residential,9,Low,10
u5,Wednesday,Clouds,Saket Select Citywalk Mall,20,Medium,18
u5,Thursday,Clear,Connaught Place,10,Low,11
u5,Sunday,Clear,Connaught Place,11,Low,11
u5,Wednesday,Haze,Rohini Residential,10,Medium,9
u5,Monday,Clear,Connaught Place,9,Low,11
u5,Saturday,Clear,Saket Select Citywalk Mall,18,Medium,17
u5,Tuesday,Clear,Connaught Place,12,Low,11
u5,Friday,Clear,Rohini Residential,7,Low,9
u5,Wednesday,Clear,Connaught Place,12,Low,11
u5,Thursday,Clear,Rohini Residential,11,Low,9
u5,Friday,Rain,Rohini Residential,9,Medium,8
u5,Monday,Clear,Connaught Place,13,Low,11
u5,Thursday,Clouds,Saket Select Citywalk Mall,19,Medium,18
u5,Monday,Clouds,Connaught Place,11,Low,11
u5,Monday,Haze,Saket Select Citywalk Mall,19,Medium,18
u5,Monday,Clouds,Connaught Place,11,Low,11
u5,Thursday,Rain,Saket Select Citywalk Mall,17,Medium,17
u5,Saturday,Rain,Connaught Place,13,Low,10
u5,Wednesday,Clouds,Saket Select Citywalk Mall,20,Medium,18
u5,Saturday,Thunderstorm,Saket Select Citywalk Mall,18,High,16
u5,Saturday,Clouds,Rohini Residential,10,Low,10
u5,Friday,Clouds,Saket Select Citywalk Mall,20,Medium,18
u5,Thursday,Clouds,Connaught Place,12,Low,11
u5,Monday,Haze,Rohini Residential,7,Medium,9
u5,Friday,Clear,Rohini Residential,9,Low,9
u5,Wednesday,Clouds,Rohini Residential,9,Low,9
u5,Monday,Clear,Saket Select Citywalk Mall,17,Medium,18
u5,Monday,Rain,Connaught Place,12,Low,10
u5,Tuesday,Rain,Rohini Residential,11,Medium,8
u5,Thursday,Clear,Saket Select Citywalk Mall,16,Medium,18
u5,Tuesday,Clouds,Saket Select Citywalk Mall,18,Medium,18
u5,Friday,Haze,Rohini Residential,11,Medium,9
u5,Tuesday,Rain,Rohini Residential,10,Medium,8
u5,Monday,Clouds,Connaught Place,13,Low,11
u5,Tuesday,Haze,Rohini Residential,9,Medium,9
u5,Friday,Clear,Saket Select Citywalk Mall,19,Medium,18
u5,Thursday,Clear,Saket Select Citywalk Mall,18,Medium,18
u5,Monday,Fog,Connaught Place,10,Low,10
u5,Tuesday,Rain,Rohini Residential,7,Medium,8
u5,Monday,Clouds,Saket Select Citywalk Mall,16,Medium,18
u5,Sunday,Haze,Connaught Place,10,Low,11
u5,Saturday,Clouds,Saket Select Citywalk Mall,17,Medium,17
u5,Monday,Clouds,Rohini Residential,9,Low,9
u5,Tuesday,Haze,Connaught Place,12,Low,11
u5,Sunday,Fog,Connaught Place,10,Low,10
u5,Friday,Clear,Rohini Residential,8,Low,9
u5,Tuesday,Thunderstorm,Saket Select Citywalk Mall,17,Medium,18
u5,Friday,Clear,Saket Select Citywalk Mall,16,Medium,18
u5,Friday,Clear,Saket Select Citywalk Mall,19,Medium,18
u5,Sunday,Clear,Connaught Place,11,Low,11
u5,Monday,Drizzle,Saket Select Citywalk Mall,16,Medium,17
u5,Wednesday,Clear,Rohini Residential,8,Low,9
u5,Thursday,Clear,Connaught Place,10,Low,11
u5,Thursday,Drizzle,Connaught Place,11,Low,10
u5,Monday,Clear,Rohini Residential,9,Low,9
u5,Thursday,Clouds,Saket Select Citywalk Mall,19,Medium,18
u5,Monday,Rain,Rohini Residential,7,Medium,8
u5,Monday,Clouds,Rohini Residential,8,Low,9
u5,Thursday,Fog,Rohini Residential,9,Medium,8
u5,Sunday,Clear,Rohini Residential,12,Low,10
u5,Monday,Clear,Rohini Residential,11,Low,9
u5,Sunday,Clouds,Rohini Residential,11,Low,10
u5,Monday,Clear,Connaught Place,12,Low,11
u5,Friday,Fog,Saket Select Citywalk Mall,20,High,16
u5,Sunday,Rain,Saket Select Citywalk Mall,19,High,15
u5,Sunday,Thunderstorm,Rohini Residential,12,Medium,10
u5,Thursday,Rain,Connaught Place,10,Medium,10
u5,Tuesday,Clear,Saket Select Citywalk Mall,18,Medium,18
u5,Tuesday,Clear,Connaught Place,11,Low,11
u5,Wednesday,Clear,Rohini Residential,9,Low,9
u5,Thursday,Clouds,Rohini Residential,9,Low,9
u5,Thursday,Clear,Saket Select Citywalk Mall,16,Medium,18
u5,Tuesday,Fog,Connaught Place,11,Low,10
u5,Friday,Clear,Rohini Residential,9,Low,9
u5,Monday,Clouds,Saket Select Citywalk Mall,19,Medium,18
u5,Sunday,Haze,Saket Select Citywalk Mall,18,Medium,17
u5,Monday,Haze,Rohini Residential,11,Medium,9
u5,Thursday,Rain,Rohini Residential,9,Medium,8
u5,Friday,Clear,Connaught Place,9,Low,11
u5,Monday,Clouds,Rohini Residential,7,Low,9
u5,Tuesday,Fog,Rohini Residential,8,Medium,8
u5,Wednesday,Clouds,Saket Select Citywalk Mall,19,Medium,18
u5,Wednesday,Haze,Connaught Place,9,Low,11
u5,Thursday,Fog,Connaught Place,10,Low,10
u5,Wednesday,Fog,Rohini Residential,9,Medium,8
u5,Saturday,Clouds,Rohini Residential,11,Low,10
u5,Tuesday,Haze,Rohini Residential,9,Medium,9
u5,Sunday,Rain,Saket Select Citywalk Mall,18,High,15
u5,Friday,Clouds,Saket Select Citywalk Mall,20,Medium,18
u5,Tuesday,Clear,Saket Select Citywalk Mall,17,Medium,18
u5,Sunday,Rain,Rohini Residential,8,Medium,9
u5,Sunday,Clouds,Saket Select Citywalk Mall,20,Medium,17
u5,Thursday,Haze,Connaught Place,12,Low,11
u5,Friday,Drizzle,Rohini Residential,7,Medium,8
u5,Wednesday,Clear,Connaught Place,9,Low,11
u5,Monday,Rain,Connaught Place,10,Medium,10
u5,Thursday,Clear,Saket Select Citywalk Mall,18,Medium,18
u5,Friday,Haze,Connaught Place,11,Low,11
u5,Monday,Fog,Connaught Place,11,Low,10
u5,Saturday,Clear,Connaught Place,11,Low,11
u5,Wednesday,Haze,Rohini Residential,8,Medium,9
u5,Sunday,Thunderstorm,Rohini Residential,10,Medium,10
u5,Tuesday,Clear,Connaught Place,13,Low,11
u5,Sunday,Rain,Saket Select Citywalk Mall,17,Medium,16
u5,Saturday,Drizzle,Connaught Place,11,Low,10
u5,Wednesday,Rain,Connaught Place,11,Medium,10
u5,Monday,Clouds,Rohini Residential,8,Low,9
u5,Thursday,Rain,Connaught Place,9,Medium,10
u5,Friday,Thunderstorm,Saket Select Citywalk Mall,16,Medium,18
u5,Monday,Thunderstorm,Saket Select Citywalk Mall,20,High,17
u5,Wednesday,Clear,Connaught Place,13,Low,11
u5,Saturday,Clouds,Connaught Place,9,Low,11
u5,Friday,Haze,Connaught Place,12,Low,11
u5,Tuesday,Clear,Connaught Place,11,Low,11
u5,Thursday,Drizzle,Rohini Residential,9,Medium,8
u5,Monday,Drizzle,Connaught Place,10,Low,10
u5,Friday,Drizzle,Rohini Residential,11,Medium,8
u5,Monday,Clouds,Connaught Place,9,Low,11
u5,Thursday,Clear,Rohini Residential,9,Low,9
u5,Friday,Clear,Rohini Residential,9,Low,9
u5,Wednesday,Clouds,Saket Select Citywalk Mall,20,Medium,18
u5,Tuesday,Clouds,Connaught Place,12,Low,11
u5,Wednesday,Clear,Rohini Residential,10,Low,9
u5,Monday,Clear,Saket Select Citywalk Mall,20,Medium,18
u5,Thursday,Clear,Rohini Residential,9,Low,9
u5,Wednesday,Clear,Rohini Residential,9,Low,9
u5,Tuesday,Haze,Saket Select Citywalk Mall,18,Medium,18
u5,Sunday,Clear,Rohini Residential,8,Low,10
u5,Monday,Drizzle,Connaught Place,12,Low,10
u5,Monday,Clouds,Connaught Place,11,Low,11
u5,Friday,Fog,Rohini Residential,11,Medium,8
u5,Thursday,Clouds,Connaught Place,13,Low,11
u5,Saturday,Haze,Rohini Residential,9,Medium,10
u5,Tuesday,Fog,Saket Select Citywalk Mall,16,Medium,17
u5,Tuesday,Clear,Saket Select Citywalk Mall,16,Medium,18
u5,Sunday,Rain,Connaught Place,10,Medium,10
u5,Thursday,Rain,Rohini Residential,8,Medium,8
u5,Tuesday,Fog,Saket Select Citywalk Mall,18,High,16
u5,Saturday,Clear,Saket Select Citywalk Mall,16,Medium,17
u5,Wednesday,Rain,Connaught Place,11,Medium,10
u5,Monday,Rain,Saket Select Citywalk Mall,19,Medium,17
u5,Monday,Clouds,Rohini Residential,10,Low,9
u5,Wednesday,Clear,Saket Select Citywalk Mall,18,Medium,18
u5,Tuesday,Rain,Rohini Residential,9,Medium,8
u5,Sunday,Rain,Rohini Residential,10,Medium,9
u5,Saturday,Haze,Saket Select Citywalk Mall,19,Medium,17
u5,Wednesday,Clouds,Rohini Residential,10,Low,9
u5,Tuesday,Haze,Connaught Place,10,Low,11
u5,Monday,Haze,Saket Select Citywalk Mall,16,Medium,18
u5,Monday,Haze,Saket Select Citywalk Mall,16,Medium,18
u5,Saturday,Haze,Connaught Place,12,Low,11
u5,Wednesday,Clear,Connaught Place,12,Low,11
u5,Wednesday,Clear,Connaught Place,11,Low,11
u5,Thursday,Clear,Saket Select Citywalk Mall,18,Medium,18
u5,Thursday,Rain,Rohini Residential,11,Medium,8
u5,Tuesday,Haze,Saket Select Citywalk Mall,18,Medium,18
u5,Monday,Drizzle,Rohini Residential,8,Medium,8
u5,Thursday,Clear,Saket Select Citywalk Mall,18,Medium,18
u5,Thursday,Clear,Connaught Place,11,Low,11
u5,Monday,Clear,Saket Select Citywalk Mall,19,Medium,18
u5,Monday,Clouds,Rohini Residential,9,Low,9
u5,Sunday,Clear,Rohini Residential,11,Low,10
u5,Friday,Clear,Saket Select Citywalk Mall,17,Medium,18
u5,Wednesday,Clear,Connaught Place,10,Low,11
u5,Sunday,Haze,Connaught Place,11,Low,11
u5,Wednesday,Clear,Saket Select Citywalk Mall,20,Medium,18
u5,Monday,Clouds,Rohini Residential,9,Low,9
u5,Thursday,Clouds,Saket Select Citywalk Mall,19,Medium,18
u5,Thursday,Clear,Connaught Place,9,Low,11
u5,Sunday,Clouds,Saket Select Citywalk Mall,19,Medium,17
u5,Saturday,Fog,Saket Select Citywalk Mall,17,Medium,16
u5,Monday,Rain,Saket Select Citywalk Mall,18,Medium,17
u5,Sunday,Drizzle,Saket Select Citywalk Mall,18,Medium,16
u5,Wednesday,Clear,Connaught Place,12,Low,11
u5,Monday,Clouds,Connaught Place,10,Low,11
u5,Monday,Clouds,Rohini Residential,11,Low,9
u5,Thursday,Clouds,Rohini Residential,8,Low,9
u5,Friday,Clouds,Connaught Place,9,Low,11
u5,Wednesday,Clouds,Rohini Residential,7,Low,9
u5,Monday,Clear,Saket Select Citywalk Mall,19,Medium,18
u5,Sunday,Fog,Rohini Residential,8,Medium,9
u5,Sunday,Rain,Saket Select Citywalk Mall,20,High,15
u5,Wednesday,Clouds,Rohini Residential,7,Low,9
u5,Wednesday,Fog,Saket Select Citywalk Mall,18,Medium,17
u5,Sunday,Clear,Saket Select Citywalk Mall,18,Medium,17
u5,Monday,Clouds,Saket Select Citywalk Mall,18,Medium,18
u5,Tuesday,Rain,Rohini Residential,9,Medium,8
u5,Friday,Rain,Connaught Place,13,Low,10
u5,Friday,Fog,Connaught Place,11,Low,10
u5,Friday,Clear,Connaught Place,12,Low,11
u5,Tuesday,Clear,Saket Select Citywalk Mall,17,Medium,18
u5,Friday,Drizzle,Saket Select Citywalk Mall,20,Medium,17
u5,Thursday,Rain,Connaught Place,10,Medium,10
u5,Friday,Haze,Connaught Place,13,Low,11
u5,Friday,Clear,Connaught Place,12,Low,11
u5,Thursday,Drizzle,Saket Select Citywalk Mall,18,Medium,17
u5,Tuesday,Clear,Rohini Residential,7,Low,9
u5,Saturday,Clear,Connaught Place,13,Low,11
u5,Sunday,Haze,Saket Select Citywalk Mall,20,Medium,17
u5,Wednesday,Clear,Rohini Residential,10,Low,9
u5,Tuesday,Rain,Saket Select Citywalk Mall,16,Medium,17
u5,Thursday,Haze,Saket Select Citywalk Mall,18,Medium,18
u5,Saturday,Clear,Connaught Place,10,Low,11
u5,Wednesday,Clear,Rohini Residential,8,Low,9
u5,Wednesday,Clouds,Rohini Residential,9,Low,9
u5,Tuesday,Clouds,Connaught Place,10,Low,11
u5,Wednesday,Clouds,Rohini Residential,8,Low,9
u5,Wednesday,Rain,Connaught Place,13,Low,10
u5,Thursday,Clouds,Connaught Place,11,Low,11
u5,Thursday,Clear,Saket Select Citywalk Mall,18,Medium,18
u5,Saturday,Rain,Saket Select Citywalk Mall,20,High,15
u5,Friday,Clear,Connaught Place,11,Low,11
u5,Monday,Clear,Saket Select Citywalk Mall,17,Medium,18
u5,Thursday,Clouds,Connaught Place,13,Low,11
u5,Wednesday,Rain,Saket Select Citywalk Mall,16,Medium,17
u5,Friday,Fog,Saket Select Citywalk Mall,16,Medium,17
u5,Saturday,Fog,Rohini Residential,12,Medium,9
u5,Friday,Clouds,Connaught Place,11,Low,11
u5,Monday,Clouds,Saket Select Citywalk Mall,16,Medium,18
u5,Monday,Clouds,Saket Select Citywalk Mall,17,Medium,18
u5,Sunday,Rain,Rohini Residential,12,Medium,9
u5,Monday,Clouds,Rohini Residential,8,Low,9
u5,Saturday,Rain,Rohini Residential,12,Medium,9
u5,Monday,Haze,Saket Select Citywalk Mall,17,Medium,18
u5,Friday,Rain,Connaught Place,10,Low,10
u5,Sunday,Clear,Saket Select Citywalk Mall,16,Medium,17
u5,Tuesday,Rain,Connaught Place,13,Medium,10
u5,Thursday,Clouds,Rohini Residential,11,Low,9
u5,Thursday,Clouds,Connaught Place,13,Low,11
u5,Friday,Rain,Rohini Residential,8,Medium,8
u5,Thursday,Haze,Connaught Place,9,Low,11
u5,Tuesday,Clear,Rohini Residential,9,Low,9
u5,Thursday,Haze,Rohini Residential,8,Medium,9
u5,Saturday,Clouds,Connaught Place,11,Low,11
u5,Wednesday,Clouds,Saket Select Citywalk Mall,20,Medium,18
u5,Wednesday,Haze,Connaught Place,11,Low,11
u5,Thursday,Clear,Saket Select Citywalk Mall,18,Medium,18
u5,Monday,Rain,Rohini Residential,7,Medium,8
u5,Friday,Haze,Saket Select Citywalk Mall,16,Medium,18
u5,Tuesday,Haze,Saket Select Citywalk Mall,17,Medium,18
u5,Monday,Haze,Saket Select Citywalk Mall,18,Medium,18
u5,Friday,Clouds,Connaught Place,10,Low,11
u5,Friday,Clouds,Rohini Residential,8,Low,9
u5,Monday,Drizzle,Saket Select Citywalk Mall,17,Medium,17
u5,Sunday,Clouds,Connaught Place,11,Low,11
u5,Friday,Haze,Saket Select Citywalk Mall,18,Medium,18
u5,Sunday,Clear,Saket Select Citywalk Mall,19,Medium,17
u5,Tuesday,Clouds,Connaught Place,11,Low,11
u5,Tuesday,Fog,Connaught Place,11,Low,10
u5,Friday,Drizzle,Rohini Residential,9,Medium,8
u5,Friday,Clouds,Rohini Residential,9,Low,9
u5,Saturday,Fog,Connaught Place,12,Low,10
u5,Thursday,Rain,Connaught Place,12,Medium,10
u5,Friday,Clear,Saket Select Citywalk Mall,17,Medium,18
u5,Tuesday,Clouds,Saket Select Citywalk Mall,17,Medium,18
u5,Friday,Rain,Rohini Residential,9,Medium,8
u5,Wednesday,Clouds,Connaught Place,11,Low,11
u5,Wednesday,Haze,Connaught Place,9,Low,11
u5,Saturday,Drizzle,Saket Select Citywalk Mall,19,High,15
u5,Sunday,Clear,Saket Select Citywalk Mall,18,Medium,17
u5,Monday,Clouds,Rohini Residential,10,Low,9
u5,Friday,Fog,Saket Select Citywalk Mall,17,Medium,17
u5,Thursday,Clouds,Saket Select Citywalk Mall,18,Medium,18
u5,Friday,Rain,Saket Select Citywalk Mall,18,Medium,17
u5,Wednesday,Clear,Saket Select Citywalk Mall,20,Medium,18
u5,Tuesday,Thunderstorm,Rohini Residential,9,Medium,9
u5,Monday,Drizzle,Saket Select Citywalk Mall,17,Medium,17
u5,Monday,Rain,Connaught Place,10,Medium,10
u5,Wednesday,Drizzle,Connaught Place,10,Low,10
u5,Wednesday,Clear,Saket Select Citywalk Mall,17,Medium,18
u5,Monday,Rain,Saket Select Citywalk Mall,20,Medium,17
u5,Sunday,Clouds,Rohini Residential,8,Low,10
u5,Wednesday,Clear,Rohini Residential,9,Low,9
u5,Saturday,Clouds,Rohini Residential,10,Low,10
u5,Monday,Thunderstorm,Rohini Residential,9,Medium,9
u5,Tuesday,Rain,Saket Select Citywalk Mall,18,Medium,17
u5,Wednesday,Clouds,Rohini Residential,9,Low,9
u5,Monday,Haze,Rohini Residential,11,Medium,9
u5,Monday,Clouds,Saket Select Citywalk Mall,18,Medium,18
u5,Thursday,Rain,Connaught Place,12,Medium,10
u5,Sunday,Clear,Rohini Residential,10,Low,10
u5,Wednesday,Clear,Rohini Residential,7,Low,9
u5,Friday,Rain,Saket Select Citywalk Mall,20,Medium,17
u5,Friday,Fog,Rohini Residential,9,Medium,8
u5,Sunday,Clouds,Connaught Place,13,Low,11
u5,Monday,Fog,Saket Select Citywalk Mall,17,Medium,17
u5,Tuesday,Rain,Saket Select Citywalk Mall,16,Medium,17
u5,Saturday,Clouds,Rohini Residential,12,Low,10
u5,Friday,Clear,Rohini Residential,8,Low,9
u5,Friday,Fog,Connaught Place,9,Low,10
u5,Monday,Fog,Saket Select Citywalk Mall,19,Medium,17
u5,Saturday,Haze,Connaught Place,11,Low,11
u5,Wednesday,Clouds,Connaught Place,12,Low,11
u5,Tuesday,Thunderstorm,Connaught Place,10,Medium,11
u5,Friday,Clear,Saket Select Citywalk Mall,19,Medium,18
u5,Saturday,Clear,Connaught Place,11,Low,11
u5,Tuesday,Rain,Connaught Place,11,Low,10
u5,Friday,Clouds,Rohini Residential,10,Low,9
u5,Friday,Fog,Connaught Place,12,Low,10
u5,Tuesday,Rain,Saket Select Citywalk Mall,18,High,16
u5,Monday,Clear,Rohini Residential,9,Low,9
u5,Tuesday,Clear,Connaught Place,9,Low,11
u5,Thursday,Clear,Connaught Place,12,Low,11
u5,Wednesday,Rain,Rohini Residential,8,Medium,8
u5,Monday,Clear,Saket Select Citywalk Mall,16,Medium,18
u5,Wednesday,Clouds,Connaught Place,11,Low,11
u5,Wednesday,Clouds,Rohini Residential,8,Low,9
u5,Thursday,Rain,Rohini Residential,10,Medium,8
u5,Thursday,Clear,Connaught Place,11,Low,11
u5,Tuesday,Clouds,Rohini Residential,11,Low,9
u5,Friday,Haze,Rohini Residential,8,Medium,9
u5,Friday,Clear,Rohini Residential,10,Low,9
u5,Wednesday,Rain,Saket Select Citywalk Mall,17,Medium,17
u5,Saturday,Clear,Saket Select Citywalk Mall,17,Medium,17
u5,Wednesday,Clear,Rohini Residential,11,Low,9
u5,Saturday,Clouds,Saket Select Citywalk Mall,17,Medium,17
u5,Thursday,Clouds,Connaught Place,13,Low,11
u5,Friday,Clear,Connaught Place,12,Low,11
u5,Friday,Clear,Connaught Place,10,Low,11
u5,Tuesday,Clouds,Saket Select Citywalk Mall,17,Medium,18
u5,Monday,Clear,Connaught Place,11,Low,11
u5,Saturday,Drizzle,Saket Select Citywalk Mall,16,Medium,16
u5,Thursday,Clouds,Saket Select Citywalk Mall,18,Medium,18
u5,Friday,Clear,Connaught Place,11,Low,11
u5,Wednesday,Clouds,Connaught Place,12,Low,11
u5,Sunday,Clouds,Rohini Residential,12,Low,10
u5,Thursday,Clear,Rohini Residential,7,Low,9
u5,Wednesday,Clouds,Rohini Residential,9,Low,9
u5,Saturday,Rain,Rohini Residential,12,Medium,9
u5,Tuesday,Thunderstorm,Connaught Place,12,Medium,11
u5,Thursday,Clear,Saket Select Citywalk Mall,19,Medium,18
u5,Saturday,Clear,Connaught Place,12,Low,11
u5,Sunday,Rain,Connaught Place,10,Medium,10
u5,Tuesday,Clouds,Rohini Residential,7,Low,9
u5,Tuesday,Clear,Rohini Residential,9,Low,9
u5,Tuesday,Fog,Rohini Residential,10,Medium,8
u5,Wednesday,Clouds,Saket Select Citywalk Mall,18,Medium,18
u5,Tuesday,Drizzle,Connaught Place,11,Low,10
u5,Monday,Clouds,Saket Select Citywalk Mall,20,Medium,18
u5,Thursday,Clear,Connaught Place,9,Low,11
u5,Wednesday,Clear,Saket Select Citywalk Mall,20,Medium,18
u5,Friday,Clear,Connaught Place,11,Low,11
u5,Saturday,Haze,Saket Select Citywalk Mall,20,Medium,17
u5,Tuesday,Clear,Connaught Place,11,Low,11
u5,Saturday,Rain,Saket Select Citywalk Mall,17,High,15
u5,Sunday,Rain,Connaught Place,11,Low,10
u5,Sunday,Clear,Saket Select Citywalk Mall,19,Medium,17
u5,Friday,Rain,Connaught Place,12,Low,10
u5,Friday,Clouds,Rohini Residential,8,Low,9
u5,Monday,Clear,Saket Select Citywalk Mall,19,Medium,18
u5,Saturday,Fog,Connaught Place,11,Low,10
u5,Wednesday,Fog,Rohini Residential,9,Medium,8
u5,Wednesday,Clouds,Rohini Residential,8,Low,9
u5,Saturday,Fog,Connaught Place,9,Low,10
u5,Monday,Clear,Connaught Place,11,Low,11
u5,Wednesday,Fog,Rohini Residential,9,Medium,8
u5,Monday,Clouds,Saket Select Citywalk Mall,18,Medium,18
u5,Wednesday,Rain,Connaught Place,11,Medium,10
u5,Thursday,Clouds,Rohini Residential,10,Low,9
u5,Wednesday,Haze,Rohini Residential,9,Medium,9
u5,Monday,Clear,Saket Select Citywalk Mall,18,Medium,18
u5,Friday,Rain,Saket Select Citywalk Mall,16,Medium,17
u5,Tuesday,Fog,Rohini Residential,7,Medium,8
u5,Friday,Clear,Saket Select Citywalk Mall,20,Medium,18
u5,Thursday,Rain,Saket Select Citywalk Mall,18,Medium,17
u5,Wednesday,Clouds,Connaught Place,12,Low,11
u5,Wednesday,Clear,Connaught Place,11,Low,11
u5,Tuesday,Haze,Rohini Residential,9,Medium,9
u5,Monday,Clear,Rohini Residential,8,Low,9
u5,Tuesday,Clouds,Saket Select Citywalk Mall,18,Medium,18
u5,Wednesday,Clear,Saket Select Citywalk Mall,16,Medium,18
u5,Thursday,Thunderstorm,Rohini Residential,7,Medium,9
u5,Saturday,Clouds,Connaught Place,10,Low,11
u5,Tuesday,Clear,Saket Select Citywalk Mall,17,Medium,18
u5,Thursday,Clear,Rohini Residential,11,Low,9
u5,Monday,Clouds,Saket Select Citywalk Mall,18,Medium,18
u5,Monday,Clear,Saket Select Citywalk Mall,17,Medium,18
u5,Friday,Clouds,Rohini Residential,9,Low,9
u5,Monday,Rain,Rohini Residential,11,Medium,8
u5,Monday,Haze,Rohini Residential,9,Medium,9
u5,Friday,Fog,Saket Select Citywalk Mall,18,Medium,17
u5,Saturday,Rain,Rohini Residential,11,Medium,9
u5,Saturday,Fog,Saket Select Citywalk Mall,16,Medium,16
u5,Saturday,Clouds,Rohini Residential,12,Low,10
u5,Thursday,Fog,Saket Select Citywalk Mall,17,Medium,17
u5,Friday,Drizzle,Saket Select Citywalk Mall,19,Medium,17
u5,Thursday,Clouds,Rohini Residential,11,Low,9
u5,Friday,Drizzle,Connaught Place,9,Low,10
u5,Sunday,Clouds,Saket Select Citywalk Mall,18,Medium,17
u5,Thursday,Drizzle,Saket Select Citywalk Mall,16,Medium,17
u5,Friday,Fog,Connaught Place,11,Low,10
u5,Sunday,Clouds,Connaught Place,12,Low,11
u5,Friday,Fog,Rohini Residential,8,Medium,8
u5,Friday,Rain,Saket Select Citywalk Mall,17,Medium,17
u5,Monday,Clouds,Saket Select Citywalk Mall,18,Medium,18
u5,Wednesday,Clear,Saket Select Citywalk Mall,19,Medium,18
u5,Tuesday,Haze,Saket Select Citywalk Mall,18,Medium,18
u5,Sunday,Clouds,Rohini Residential,10,Low,10
u5,Wednesday,Clear,Rohini Residential,10,Low,9
u5,Sunday,Clouds,Rohini Residential,10,Low,10
u5,Monday,Clouds,Connaught Place,11,Low,11
u5,Saturday,Clear,Saket Select Citywalk Mall,17,Medium,17
u5,Thursday,Drizzle,Saket Select Citywalk Mall,19,Medium,17
u5,Thursday,Clouds,Saket Select Citywalk Mall,18,Medium,18
u5,Sunday,Clear,Saket Select Citywalk Mall,18,Medium,17
u5,Friday,Clear,Rohini Residential,9,Low,9
u5,Friday,Rain,Rohini Residential,11,Medium,8
u5,Wednesday,Clear,Connaught Place,10,Low,11
u5,Saturday,Clouds,Saket Select Citywalk Mall,16,Medium,17
u5,Monday,Fog,Connaught Place,13,Low,10
u5,Wednesday,Clear,Connaught Place,11,Low,11
u5,Saturday,Fog,Connaught Place,13,Low,10
u5,Thursday,Clear,Rohini Residential,9,Low,9
u5,Wednesday,Clouds,Rohini Residential,8,Low,9
u5,Friday,Haze,Rohini Residential,9,Medium,9
u5,Monday,Clear,Rohini Residential,9,Low,9
u5,Thursday,Clouds,Connaught Place,12,Low,11
u5,Thursday,Rain,Connaught Place,11,Medium,10
u5,Wednesday,Clear,Connaught Place,11,Low,11
u5,Wednesday,Haze,Connaught Place,13,Low,11
u5,Tuesday,Clear,Saket Select Citywalk Mall,17,Medium,18
u5,Saturday,Clouds,Rohini Residential,8,Low,10
u5,Saturday,Rain,Saket Select Citywalk Mall,16,Medium,16
u5,Wednesday,Clear,Saket Select Citywalk Mall,19,Medium,18
u5,Friday,Clear,Rohini Residential,9,Low,9
u5,Friday,Clouds,Rohini Residential,9,Low,9
u5,Wednesday,Fog,Connaught Place,11,Low,10
u5,Wednesday,Clear,Rohini Residential,10,Low,9
u5,Saturday,Clouds,Saket Select Citywalk Mall,16,Medium,17
u5,Sunday,Clouds,Rohini Residential,9,Low,10
u5,Sunday,Clouds,Saket Select Citywalk Mall,18,Medium,17
u5,Monday,Haze,Rohini Residential,8,Medium,9
u5,Tuesday,Clouds,Connaught Place,11,Low,11
u5,Tuesday,Rain,Saket Select Citywalk Mall,18,Medium,17
u5,Sunday,Clear,Connaught Place,11,Low,11
u5,Wednesday,Rain,Saket Select Citywalk Mall,16,Medium,17
u5,Friday,Clouds,Connaught Place,9,Low,11
u5,Wednesday,Rain,Saket Select Citywalk Mall,18,Medium,17
u5,Tuesday,Drizzle,Saket Select Citywalk Mall,18,Medium,17
u5,Tuesday,Clouds,Saket Select Citywalk Mall,16,Medium,18
u5,Monday,Haze,Connaught Place,12,Low,11
u5,Thursday,Haze,Rohini Residential,8,Medium,9
u5,Tuesday,Clear,Saket Select Citywalk Mall,19,Medium,18
u5,Thursday,Clouds,Connaught Place,13,Low,11
u5,Saturday,Clear,Rohini Residential,12,Low,10
u5,Monday,Fog,Connaught Place,12,Low,10
u5,Wednesday,Clouds,Rohini Residential,11,Low,9
u5,Thursday,Rain,Saket Select Citywalk Mall,16,Medium,17
u5,Monday,Clear,Connaught Place,11,Low,11
u5,Thursday,Clouds,Saket Select Citywalk Mall,18,Medium,18
u5,Tuesday,Clouds,Saket Select Citywalk Mall,18,Medium,18
u5,Tuesday,Clear,Connaught Place,9,Low,11
u5,Saturday,Clear,Connaught Place,11,Low,11
u5,Wednesday,Haze,Saket Select Citywalk Mall,16,Medium,18
u5,Saturday,Haze,Rohini Residential,8,Medium,10
u5,Friday,Fog,Saket Select Citywalk Mall,16,High,16
u5,Friday,Rain,Saket Select Citywalk Mall,18,Medium,17
u5,Tuesday,Drizzle,Rohini Residential,10,Medium,8
u5,Monday,Fog,Saket Select Citywalk Mall,20,Medium,17
u5,Thursday,Clouds,Rohini Residential,11,Low,9
u5,Wednesday,Clear,Rohini Residential,10,Low,9
u5,Thursday,Clear,Rohini Residential,10,Low,9
u5,Thursday,Fog,Saket Select Citywalk Mall,20,Medium,17
u5,Tuesday,Clear,Saket Select Citywalk Mall,17,Medium,18
u5,Thursday,Clear,Connaught Place,12,Low,11
u5,Friday,Clear,Connaught Place,11,Low,11
u5,Monday,Drizzle,Saket Select Citywalk Mall,17,Medium,17
u5,Monday,Haze,Rohini Residential,9,Medium,9
u5,Friday,Rain,Connaught Place,11,Low,10
u5,Tuesday,Clear,Rohini Residential,9,Low,9
u5,Saturday,Haze,Connaught Place,13,Low,11
u5,Thursday,Clouds,Saket Select Citywalk Mall,18,Medium,18
u5,Tuesday,Drizzle,Connaught Place,11,Low,10
u5,Monday,Rain,Saket Select Citywalk Mall,20,Medium,17
u5,Wednesday,Clouds,Rohini Residential,9,Low,9
u5,Wednesday,Clouds,Connaught Place,10,Low,11
u5,Tuesday,Clear,Rohini Residential,8,Low,9
u5,Monday,Rain,Saket Select Citywalk Mall,18,Medium,17
u5,Friday,Haze,Rohini Residential,11,Medium,9
u5,Saturday,Fog,Saket Select Citywalk Mall,16,Medium,16
u5,Friday,Clear,Connaught Place,10,Low,11
u5,Wednesday,Rain,Connaught Place,13,Low,10
