day_of_week,weather_main,temp,rain_1h,holiday,destination_type,preferred_arrival_hour,traffic_level,best_departure_hour
Thursday,Clear,295.79,0.0,No,office,9,Medium,7
Thursday,Clear,303.11,0.0,Yes,office,8,Medium,6
Friday,Clear,304.79,0.0,No,market,17,Medium,15
Friday,Clouds,292.64,0.19,No,office,9,Medium,7
Wednesday,Haze,297.91,0.0,No,mall,19,Medium,18
Sunday,Rain,295.51,1.96,No,mall,18,High,15
Monday,Thunderstorm,301.54,2.73,No,office,9,High,6
Thursday,Clouds,301.39,0.14,No,mall,19,Medium,18
Thursday,Clear,300.59,0.0,No,office,8,Medium,6
Friday,Clear,309.44,0.0,No,market,20,Medium,17
Tuesday,Rain,290.35,1.61,No,office,10,High,7
Monday,Clouds,302.7,0.09,No,office,10,Medium,8
Tuesday,Clouds,302.85,0.17,No,station,18,Medium,16
Friday,Clouds,300.13,0.09,No,mall,12,Low,12
Friday,Fog,289.76,0.0,No,office,10,Medium,7
Wednesday,Drizzle,297.43,0.71,No,mall,18,Medium,16
Saturday,Clear,308.25,0.0,No,mall,17,Medium,15
Thursday,Rain,299.94,1.91,No,mall,12,Medium,10
Tuesday,Clear,302.72,0.0,No,residential,8,Low,8
Monday,Clear,310.45,0.0,No,mall,13,Low,13
Sunday,Clear,299.23,0.0,No,market,19,Medium,17
Wednesday,Clear,294.28,0.0,Yes,mall,12,Medium,11
Thursday,Clear,311.11,0.0,No,office,8,Medium,6
Thursday,Clear,295.65,0.0,No,office,9,Medium,6
Tuesday,Clear,294.94,0.0,No,mall,20,Medium,18
Wednesday,Haze,300.75,0.0,No,market,10,Medium,8
Friday,Clear,296.8,0.0,No,market,10,Low,9
Tuesday,Clouds,304.64,0.11,Yes,mall,12,Medium,11
Sunday,Clear,302.71,0.0,No,station,7,Low,6
Sunday,Thunderstorm,291.51,2.57,No,office,10,Medium,7
Friday,Clouds,302.21,0.03,No,market,20,Medium,18
Thursday,Clear,304.68,0.0,No,residential,18,Low,18
Monday,Clear,294.36,0.0,No,mall,13,Low,12
Monday,Clouds,290.68,0.02,No,station,7,Medium,5
Sunday,Clear,298.31,0.0,No,office,12,Low,12
Wednesday,Clear,305.42,0.0,No,station,6,Low,5
Monday,Clear,299.98,0.0,No,office,9,Medium,7
Wednesday,Haze,294.79,0.0,No,office,10,Medium,8
Friday,Drizzle,288.01,0.32,No,residential,8,Medium,6
Tuesday,Clear,305.68,0.0,No,residential,18,Low,17
Tuesday,Clear,301.47,0.0,No,station,6,Low,5
Wednesday,Clear,301.84,0.0,No,office,9,Medium,7
Monday,Rain,294.28,1.92,No,station,19,High,16
Wednesday,Rain,298.53,1.96,No,office,9,High,6
Friday,Fog,291.38,0.0,No,residential,18,Medium,16
Sunday,Drizzle,298.16,1.08,Yes,office,10,Medium,8
Friday,Clear,308.75,0.0,No,mall,17,Medium,16
Saturday,Clouds,303.95,0.17,No,office,11,Low,11
Wednesday,Drizzle,290.19,0.84,No,office,8,Medium,5
Sunday,Clear,312.25,0.0,No,office,11,Low,11
Thursday,Clouds,306.73,0.02,No,mall,19,Medium,18
Tuesday,Clouds,303.71,0.14,No,market,10,Low,10
Wednesday,Haze,295.61,0.0,No,office,9,Medium,7
Thursday,Clouds,295.03,0.03,No,residential,18,Low,17
Friday,Clouds,296.9,0.17,No,station,18,Medium,16
Wednesday,Clouds,297.52,0.04,No,residential,18,Low,18
Friday,Clear,309.37,0.0,No,office,10,Medium,8
Tuesday,Clear,312.68,0.0,No,office,8,Medium,6
Wednesday,Clear,306.93,0.0,No,station,18,Medium,16
Monday,Fog,282.06,0.0,No,residential,8,Medium,5
Monday,Clouds,303.62,0.13,No,office,8,Medium,6
Sunday,Rain,300.16,1.23,No,station,18,Medium,15
Saturday,Clouds,302.78,0.17,No,market,17,Medium,14
Thursday,Fog,282.28,0.0,No,office,8,Medium,5
Monday,Haze,286.03,0.0,No,office,8,Medium,5
Wednesday,Clouds,303.09,0.19,Yes,office,9,Medium,6
Wednesday,Fog,290.95,0.0,No,station,8,Medium,5
Thursday,Haze,288.53,0.0,No,market,20,Medium,17
Thursday,Fog,290.77,0.0,No,mall,20,Medium,18
Sunday,Clear,301.57,0.0,No,residential,7,Low,7
Monday,Clouds,295.74,0.18,No,mall,17,Medium,15
Tuesday,Fog,279.73,0.0,No,office,8,Medium,5
Friday,Clear,293.62,0.0,No,market,19,Medium,17
Thursday,Haze,294.02,0.0,No,office,9,Medium,7
Friday,Drizzle,296.78,0.98,No,office,10,Medium,7
Monday,Clouds,305.44,0.08,No,office,9,Medium,7
Monday,Clear,308.45,0.0,No,residential,10,Low,10
Friday,Clouds,297.28,0.07,No,residential,7,Low,7
Monday,Clear,312.22,0.0,No,mall,21,Medium,19
Friday,Haze,299.71,0.0,No,mall,18,Medium,16
Wednesday,Clear,297.91,0.0,No,market,12,Low,12
Saturday,Clouds,301.36,0.07,No,office,11,Low,11
Tuesday,Clouds,304.97,0.14,No,office,9,Medium,7
Thursday,Fog,285.84,0.0,No,office,8,Medium,5
Friday,Clear,297.43,0.0,No,mall,11,Low,11
Friday,Clouds,302.68,0.07,No,mall,19,Medium,18
Tuesday,Clear,307.86,0.0,No,office,8,Medium,6
Tuesday,Fog,292.67,0.0,No,market,12,Low,11
Sunday,Clear,296.59,0.0,Yes,market,12,Medium,11
Tuesday,Clear,311.88,0.0,No,station,18,Medium,15
Monday,Clouds,297.49,0.04,Yes,office,9,Medium,6
Monday,Clear,305.59,0.0,Yes,office,9,Medium,7
Saturday,Thunderstorm,289.01,2.53,No,station,6,Low,5
Friday,Clear,304.77,0.0,No,mall,21,Medium,20
Thursday,Clear,297.22,0.0,No,market,20,Medium,18
Tuesday,Clear,302.01,0.0,No,residential,9,Low,9
Monday,Haze,292.26,0.0,No,office,9,Medium,7
Friday,Clouds,299.26,0.13,No,residential,10,Low,10
Monday,Haze,298.19,0.0,No,office,9,Medium,6
Monday,Drizzle,293.51,0.69,No,residential,19,Medium,17
Saturday,Clear,294.83,0.0,No,market,18,Medium,16
Sunday,Clouds,302.97,0.04,No,residential,17,Low,16
Sunday,Clouds,303.84,0.19,No,office,12,Low,11
Wednesday,Clear,306.87,0.0,No,residential,9,Low,8
Saturday,Clear,298.05,0.0,Yes,residential,20,Low,19
Saturday,Haze,293.68,0.0,No,market,10,Medium,9
Thursday,Haze,297.16,0.0,No,residential,20,Medium,19
Sunday,Clear,312.46,0.0,No,mall,21,Medium,19
Friday,Clouds,291.58,0.2,No,office,8,Medium,5
Sunday,Clouds,302.18,0.1,No,residential,9,Low,8
Sunday,Clear,296.81,0.0,No,office,12,Low,12
Saturday,Clear,308.75,0.0,No,office,11,Low,11
Tuesday,Clouds,301.22,0.17,No,office,10,Medium,7
Wednesday,Clouds,295.47,0.04,No,residential,19,Low,18
Tuesday,Clear,302.46,0.0,No,market,10,Low,9
Wednesday,Clouds,290.63,0.1,No,residential,9,Low,9
Saturday,Clear,295.88,0.0,No,mall,21,Medium,19
Monday,Clear,306.85,0.0,No,market,12,Low,12
Saturday,Drizzle,295.4,1.09,No,market,17,High,14
Thursday,Thunderstorm,299.7,1.87,No,office,9,High,6
Wednesday,Clear,308.92,0.0,No,residential,7,Low,7
Wednesday,Clouds,303.47,0.03,No,office,9,Medium,6
Thursday,Clear,302.22,0.0,No,office,10,Medium,8
Friday,Rain,296.52,0.77,No,station,17,Medium,14
Sunday,Haze,292.31,0.0,No,office,11,Low,10
Saturday,Clouds,299.77,0.2,No,office,11,Low,10
Tuesday,Rain,297.67,1.92,No,residential,7,Medium,5
Thursday,Haze,295.84,0.0,No,mall,17,Medium,16
Thursday,Clear,308.77,0.0,Yes,station,19,Medium,17
Friday,Clear,301.31,0.0,No,office,9,Medium,7
Thursday,Clear,309.49,0.0,No,station,7,Medium,5
Friday,Clouds,291.28,0.15,No,mall,12,Low,11
Sunday,Clear,300.89,0.0,No,market,12,Medium,11
Wednesday,Clouds,303.98,0.19,No,residential,17,Low,17
Wednesday,Rain,288.76,0.61,No,residential,18,Medium,16
Friday,Drizzle,290.57,0.69,No,office,8,Medium,5
Wednesday,Clouds,302.35,0.18,No,mall,20,Medium,18
Thursday,Clear,300.41,0.0,No,station,8,Medium,6
Saturday,Clouds,305.33,0.13,Yes,office,12,Low,12
Tuesday,Clear,297.24,0.0,No,office,9,Medium,7
Monday,Fog,281.87,0.0,No,mall,13,Low,12
Thursday,Clear,295.95,0.0,No,market,11,Low,11
Tuesday,Clouds,303.57,0.02,No,station,7,Medium,5
Monday,Clouds,290.27,0.05,No,market,11,Low,10
Thursday,Clouds,296.15,0.12,No,market,17,Medium,15
Sunday,Clouds,297.79,0.19,Yes,office,12,Low,11
Saturday,Clouds,305.46,0.01,Yes,mall,12,Medium,11
Monday,Clouds,295.53,0.2,No,office,10,Medium,7
Thursday,Rain,296.07,1.81,No,mall,12,Medium,10
Wednesday,Clear,302.07,0.0,No,station,17,Medium,15
Tuesday,Clouds,292.59,0.18,No,office,9,Medium,7
Monday,Rain,294.46,1.5,No,office,9,High,6
Friday,Rain,297.26,2.15,No,mall,20,Medium,18
Monday,Haze,288.59,0.0,No,mall,13,Low,13
Monday,Rain,299.37,2.16,No,office,8,High,5
Thursday,Clear,298.47,0.0,No,residential,17,Low,17
Wednesday,Clouds,296.81,0.03,No,office,8,Medium,6
Monday,Clouds,295.8,0.07,No,residential,19,Low,19
Saturday,Clear,294.63,0.0,No,office,12,Low,11
Thursday,Clear,303.25,0.0,No,mall,18,Medium,17
Tuesday,Clouds,295.24,0.04,No,residential,20,Low,20
Monday,Fog,289.7,0.0,No,office,8,Medium,5
Monday,Clear,303.65,0.0,No,market,11,Low,11
Monday,Clouds,297.82,0.02,No,market,10,Low,9
Thursday,Clear,301.1,0.0,No,market,17,Medium,15
Saturday,Clear,309.89,0.0,No,residential,18,Low,17
Thursday,Fog,282.1,0.0,No,mall,18,Medium,16
Thursday,Clear,308.52,0.0,No,office,10,Medium,8
Tuesday,Clear,296.06,0.0,No,office,8,Medium,6
Tuesday,Clouds,299.58,0.12,No,market,17,Medium,15
Saturday,Clouds,297.97,0.13,No,residential,9,Low,9
Wednesday,Clouds,290.97,0.17,No,office,9,Medium,7
Thursday,Clouds,306.22,0.15,Yes,mall,21,Medium,19
Wednesday,Drizzle,292.76,1.01,No,mall,13,Medium,11
Thursday,Haze,300.86,0.0,No,office,8,Medium,6
Wednesday,Clouds,295.75,0.12,No,station,17,Medium,15
Monday,Clear,307.47,0.0,No,office,9,Medium,7
Wednesday,Rain,290.27,1.62,No,residential,9,Medium,7
Thursday,Clouds,300.94,0.07,No,station,8,Medium,6
Friday,Clear,299.18,0.0,No,mall,19,Medium,18
Sunday,Thunderstorm,289.63,1.59,No,mall,17,High,14
Friday,Clear,300.53,0.0,No,market,18,Medium,16
Friday,Haze,288.8,0.0,No,office,9,Medium,7
Friday,Clouds,295.26,0.16,No,market,11,Low,11
Wednesday,Clouds,294.79,0.08,No,station,17,Medium,15
Saturday,Rain,285.89,1.32,No,market,11,Medium,9
Friday,Clear,308.26,0.0,No,mall,12,Low,12
Saturday,Rain,300.04,2.08,No,office,10,Medium,7
Thursday,Clouds,290.48,0.19,No,office,8,Medium,6
Friday,Rain,293.03,1.91,No,office,9,High,6
Wednesday,Clear,297.31,0.0,No,office,8,Medium,5
Monday,Clear,297.77,0.0,No,office,9,Medium,6
Monday,Haze,285.26,0.0,No,market,17,Medium,15
Friday,Haze,288.85,0.0,No,office,8,Medium,6
Thursday,Clouds,297.99,0.13,No,mall,11,Low,11
Friday,Clouds,302.46,0.13,No,mall,12,Low,12
Monday,Rain,287.98,1.82,No,mall,19,Medium,16
Thursday,Fog,292.21,0.0,Yes,market,10,Medium,8
Monday,Clear,299.2,0.0,No,office,8,Medium,5
Tuesday,Clear,310.24,0.0,Yes,market,11,Low,11
Tuesday,Rain,297.64,2.02,No,market,17,Medium,14
Thursday,Rain,297.36,0.63,No,mall,18,Medium,16
Thursday,Clear,298.91,0.0,No,mall,12,Low,11
Tuesday,Clear,310.4,0.0,No,mall,21,Medium,19
Tuesday,Clear,305.75,0.0,No,station,6,Low,5
Sunday,Haze,292.01,0.0,No,office,12,Low,12
Friday,Drizzle,286.49,0.35,No,mall,20,Medium,18
Wednesday,Clear,300.34,0.0,No,market,18,Medium,16
Tuesday,Clouds,296.58,0.11,No,office,8,Medium,6
Friday,Clear,311.33,0.0,No,office,10,Medium,8
Monday,Rain,292.57,0.65,No,office,8,Medium,5
Friday,Clouds,305.15,0.17,No,market,18,Medium,16
Friday,Thunderstorm,300.47,1.47,No,mall,12,Medium,10
Thursday,Haze,286.38,0.0,No,mall,13,Low,12
Thursday,Clouds,292.13,0.06,No,market,20,Medium,17
Friday,Fog,280.81,0.0,No,mall,13,Low,12
Saturday,Clear,299.45,0.0,No,mall,18,Medium,16
Sunday,Rain,289.26,1.58,No,mall,18,High,15
Thursday,Clouds,292.87,0.19,No,residential,8,Low,8
Saturday,Clear,311.97,0.0,No,residential,7,Low,7
Friday,Haze,285.48,0.0,No,market,17,Medium,15
Friday,Rain,296.64,1.01,No,office,8,High,5
Monday,Clear,305.13,0.0,No,mall,21,Medium,20
Friday,Clear,300.41,0.0,No,market,17,Medium,15
Tuesday,Clear,294.94,0.0,No,office,9,Medium,6
Saturday,Rain,300.87,1.73,No,mall,13,Medium,11
Thursday,Rain,293.46,0.65,No,mall,21,Medium,18
Sunday,Clear,298.63,0.0,No,office,11,Low,10
Tuesday,Clouds,305.0,0.15,No,office,8,Medium,6
Monday,Clear,304.06,0.0,No,office,10,Medium,7
Friday,Haze,286.9,0.0,No,office,10,Medium,7
Wednesday,Drizzle,297.32,0.4,No,station,18,Medium,15
Monday,Rain,293.83,0.75,No,office,9,Medium,6
Wednesday,Clouds,300.48,0.17,No,residential,9,Low,8
Friday,Clouds,301.45,0.2,No,office,8,Medium,6
Thursday,Clouds,302.26,0.12,No,office,10,Medium,7
Monday,Clouds,301.91,0.04,No,residential,7,Low,6
Monday,Clouds,300.4,0.09,No,residential,19,Low,19
Friday,Thunderstorm,295.13,1.75,No,mall,19,Medium,16
Sunday,Haze,298.88,0.0,No,mall,19,Medium,17
Thursday,Clear,298.97,0.0,No,office,8,Medium,6
Friday,Haze,290.07,0.0,No,market,19,Medium,17
Tuesday,Rain,291.71,1.09,No,residential,19,Medium,17
Tuesday,Clouds,297.52,0.05,No,office,8,Medium,6
Saturday,Haze,287.2,0.0,No,office,12,Low,12
Tuesday,Haze,285.84,0.0,No,residential,10,Medium,8
Monday,Drizzle,300.67,0.36,No,market,10,Medium,7
Wednesday,Clear,305.92,0.0,No,office,9,Medium,7
Friday,Rain,287.98,2.0,No,office,8,High,5
Sunday,Clear,307.98,0.0,No,mall,21,Medium,19
Saturday,Haze,299.86,0.0,No,office,12,Low,11
Sunday,Rain,287.28,1.36,No,residential,20,Medium,18
Wednesday,Clear,296.72,0.0,No,market,19,Medium,17
Thursday,Haze,295.22,0.0,No,market,11,Low,10
Thursday,Clear,295.81,0.0,No,office,8,Medium,6
Monday,Fog,292.36,0.0,No,mall,21,Medium,19
Tuesday,Clear,295.36,0.0,No,mall,17,Medium,15
Friday,Fog,288.66,0.0,No,station,19,Medium,16
Wednesday,Clouds,297.73,0.2,No,office,8,Medium,5
Friday,Clear,297.95,0.0,No,market,20,Medium,18
Thursday,Clear,304.28,0.0,No,residential,18,Low,18
Thursday,Rain,292.51,1.66,No,office,9,High,6
Monday,Clouds,298.73,0.09,Yes,mall,11,Low,10
Friday,Clouds,303.88,0.15,No,office,8,Medium,6
Wednesday,Thunderstorm,302.89,1.14,No,market,18,Medium,15
Tuesday,Fog,292.7,0.0,No,office,8,Medium,5
Wednesday,Rain,300.42,1.14,No,station,17,High,14
Friday,Thunderstorm,293.68,1.25,No,mall,13,Medium,11
Friday,Haze,293.71,0.0,No,station,17,Medium,15
Tuesday,Clear,310.5,0.0,No,mall,18,Medium,17
Saturday,Clear,294.35,0.0,No,mall,11,Low,10
Thursday,Clear,293.88,0.0,No,market,10,Low,10
Friday,Clouds,294.92,0.16,No,market,11,Low,11
Thursday,Clear,299.04,0.0,No,market,20,Medium,18
Wednesday,Drizzle,299.2,1.11,No,office,10,High,7
Thursday,Drizzle,296.07,0.99,No,office,9,Medium,6
Wednesday,Fog,285.63,0.0,No,office,8,Medium,5
Saturday,Rain,294.56,2.15,No,office,11,Medium,9
Wednesday,Haze,299.76,0.0,No,office,9,Medium,7
Thursday,Clear,306.47,0.0,No,market,10,Low,10
Tuesday,Haze,288.47,0.0,No,market,19,Medium,17
Tuesday,Drizzle,300.43,0.32,No,station,7,Medium,4
Sunday,Clouds,294.07,0.06,No,residential,10,Low,9
Thursday,Clouds,305.01,0.09,No,mall,18,Medium,16
Friday,Clouds,297.04,0.11,No,mall,17,Medium,16
Monday,Clear,296.92,0.0,No,residential,19,Low,19
Thursday,Clear,309.43,0.0,No,residential,18,Low,17
Wednesday,Clear,307.41,0.0,No,market,12,Low,12
Thursday,Drizzle,296.02,0.96,No,market,10,Medium,8
Monday,Clouds,296.34,0.12,No,office,8,Medium,5
Friday,Clouds,290.2,0.11,No,office,10,Medium,8
Monday,Clouds,305.98,0.04,No,market,19,Medium,17
Tuesday,Rain,289.54,1.17,No,residential,17,Medium,14
Wednesday,Clear,309.56,0.0,No,office,8,Medium,6
Monday,Clear,293.19,0.0,No,mall,21,Medium,19
Saturday,Clouds,304.59,0.02,No,residential,18,Low,18
Tuesday,Rain,293.08,0.58,No,station,19,Medium,16
Saturday,Clear,310.01,0.0,Yes,residential,7,Low,7
Thursday,Rain,300.79,1.01,No,market,19,Medium,16
Friday,Fog,280.96,0.0,No,residential,19,Medium,17
Thursday,Clear,297.64,0.0,No,station,6,Low,4
Sunday,Fog,285.31,0.0,No,mall,18,Medium,15
Wednesday,Clear,305.37,0.0,No,residential,19,Low,19
Monday,Fog,283.43,0.0,No,office,8,Medium,5
Sunday,Clear,294.75,0.0,No,mall,18,Medium,15
Monday,Clear,304.96,0.0,No,office,10,Medium,7
Monday,Fog,286.83,0.0,No,mall,12,Low,11
Thursday,Clear,298.38,0.0,No,office,9,Medium,7
Monday,Clear,308.65,0.0,No,mall,20,Medium,19
Friday,Clouds,292.3,0.0,No,mall,17,Medium,15
Saturday,Clouds,304.0,0.13,No,mall,19,Medium,17
Wednesday,Clouds,293.02,0.08,No,station,7,Medium,4
Sunday,Clouds,303.88,0.08,Yes,market,12,Medium,11
Thursday,Drizzle,292.92,0.91,No,residential,7,Medium,5
Saturday,Haze,287.23,0.0,No,office,11,Low,11
Friday,Clouds,297.63,0.12,No,market,20,Medium,17
Thursday,Haze,298.0,0.0,No,market,12,Low,12
Monday,Clear,305.25,0.0,No,office,9,Medium,6
Sunday,Clear,294.97,0.0,No,mall,20,Medium,18
Wednesday,Clouds,290.42,0.02,No,mall,13,Low,13
Monday,Clouds,295.83,0.16,No,station,7,Medium,5
Wednesday,Clear,299.01,0.0,No,mall,21,Medium,20
Monday,Haze,287.63,0.0,No,mall,12,Low,12
Thursday,Clouds,306.29,0.05,No,residential,18,Low,18
Tuesday,Clear,305.28,0.0,No,residential,19,Low,18
Wednesday,Clear,307.08,0.0,No,market,11,Low,11
Friday,Clear,302.15,0.0,No,residential,18,Low,17
Thursday,Haze,294.39,0.0,No,residential,19,Medium,17
Thursday,Rain,300.62,1.5,No,market,19,Medium,16
Monday,Clouds,292.4,0.08,No,office,8,Medium,5
Wednesday,Clouds,298.32,0.03,No,mall,13,Low,12
Thursday,Clouds,293.32,0.08,No,market,10,Low,9
Wednesday,Clouds,291.41,0.01,No,mall,21,Medium,20
Monday,Clear,302.15,0.0,No,office,9,Medium,6
Thursday,Clear,303.86,0.0,No,office,8,Medium,6
Friday,Thunderstorm,288.74,2.66,No,mall,17,Medium,15
Saturday,Clouds,303.88,0.09,No,office,11,Low,11
Tuesday,Clouds,302.08,0.13,No,market,19,Medium,17
Friday,Clear,300.02,0.0,No,market,20,Medium,18
Wednesday,Clouds,306.19,0.1,No,market,12,Low,12
Monday,Rain,301.87,1.97,No,market,17,Medium,14
Tuesday,Clear,309.87,0.0,No,market,20,Medium,18
Thursday,Clouds,291.28,0.16,No,office,9,Medium,6
Thursday,Clouds,298.3,0.12,No,office,9,Medium,7
Friday,Rain,298.53,1.18,No,mall,19,Medium,17
Thursday,Clear,304.56,0.0,No,mall,18,Medium,16
Friday,Clear,305.52,0.0,No,station,6,Low,5
Monday,Clouds,306.86,0.09,No,market,17,Medium,15
Saturday,Clear,300.21,0.0,Yes,office,11,Low,11
Monday,Clouds,291.55,0.02,No,residential,10,Low,10
Monday,Clear,306.91,0.0,No,office,9,Medium,6
Friday,Clouds,302.42,0.02,No,mall,17,Medium,16
Monday,Rain,295.91,1.65,No,market,20,Medium,17
Thursday,Fog,287.79,0.0,No,office,9,Medium,6
Thursday,Clear,295.01,0.0,No,mall,17,Medium,15
Wednesday,Clear,305.89,0.0,No,mall,13,Low,13
Friday,Clear,305.14,0.0,No,residential,17,Low,16
Tuesday,Clouds,291.92,0.1,No,office,8,Medium,6
Sunday,Clouds,304.26,0.08,No,station,7,Low,7
Friday,Clear,294.35,0.0,No,station,6,Low,5
Sunday,Clouds,300.69,0.1,No,station,17,Low,16
Monday,Clear,299.2,0.0,No,residential,9,Low,9
Sunday,Clouds,300.78,0.17,No,office,11,Low,11
Tuesday,Clear,294.72,0.0,No,mall,17,Medium,15
Thursday,Clear,307.16,0.0,No,office,8,Medium,6
Thursday,Clear,295.54,0.0,No,mall,18,Medium,17
Friday,Clear,301.59,0.0,No,office,8,Medium,6
Friday,Clouds,298.68,0.01,No,residential,8,Low,8
Wednesday,Rain,296.46,0.7,No,office,8,Medium,5
Monday,Clear,300.28,0.0,No,market,11,Low,11
Sunday,Rain,297.14,1.61,No,market,18,High,15
Wednesday,Rain,294.72,0.7,No,market,12,Low,11
Tuesday,Drizzle,287.03,0.67,No,market,10,Medium,8
Wednesday,Clouds,294.96,0.16,No,residential,7,Low,7
Wednesday,Thunderstorm,300.19,2.46,No,residential,20,Medium,18
Monday,Clear,299.93,0.0,No,station,6,Low,5
Sunday,Clouds,302.55,0.06,No,office,12,Low,12
Wednesday,Fog,280.3,0.0,No,station,7,Medium,4
Friday,Clouds,298.59,0.13,No,mall,12,Low,12
Wednesday,Clear,310.02,0.0,No,station,7,Medium,4
Friday,Clouds,293.97,0.19,No,market,12,Low,12
Monday,Clear,295.41,0.0,No,office,9,Medium,7
Wednesday,Clear,309.15,0.0,No,mall,12,Low,12
Tuesday,Clear,297.96,0.0,No,market,11,Low,11
Friday,Clear,301.09,0.0,No,office,8,Medium,6
Monday,Clear,294.23,0.0,No,office,8,Medium,6
Monday,Haze,300.0,0.0,No,market,12,Low,12
Sunday,Clear,305.92,0.0,No,office,10,Low,10
Sunday,Clear,311.85,0.0,Yes,market,12,Medium,10
Saturday,Clouds,297.25,0.07,No,mall,11,Low,11
Tuesday,Haze,294.87,0.0,No,station,6,Low,4
Wednesday,Clear,300.66,0.0,No,residential,7,Low,7
Thursday,Clear,300.65,0.0,No,market,20,Medium,17
Thursday,Clouds,293.06,0.06,No,mall,19,Medium,18
Monday,Clouds,299.93,0.05,No,station,18,Medium,16
Friday,Fog,292.27,0.0,No,office,8,Medium,5
Wednesday,Clear,297.73,0.0,No,market,20,Medium,18
Sunday,Clouds,299.65,0.03,No,office,12,Low,11
Thursday,Clear,297.65,0.0,No,office,8,Medium,5
Monday,Rain,290.79,0.8,No,station,7,Medium,4
Monday,Fog,290.85,0.0,No,office,8,Medium,5
Wednesday,Clouds,295.72,0.06,No,station,17,Medium,14
Friday,Clear,307.14,0.0,No,station,19,Medium,17
Tuesday,Clouds,302.48,0.06,No,residential,9,Low,9
Sunday,Rain,298.1,1.46,No,station,17,Medium,15
Sunday,Haze,286.67,0.0,No,station,7,Medium,6
Friday,Clear,310.71,0.0,No,office,9,Medium,7
Wednesday,Haze,290.61,0.0,No,office,8,Medium,6
Monday,Drizzle,299.27,0.69,No,mall,20,Medium,17
Monday,Clear,294.47,0.0,No,mall,17,Medium,16
Monday,Clear,296.4,0.0,No,office,8,Medium,6
Thursday,Clear,312.71,0.0,No,station,6,Low,5
Wednesday,Clear,295.03,0.0,No,residential,19,Low,19
Wednesday,Haze,289.76,0.0,No,residential,17,Medium,15
Thursday,Clear,293.08,0.0,No,market,11,Low,10
Tuesday,Haze,300.63,0.0,No,office,8,Medium,6
Tuesday,Rain,289.51,1.59,No,mall,21,Medium,19
Saturday,Clear,301.79,0.0,No,mall,21,Medium,19
Thursday,Clear,299.88,0.0,No,office,8,Medium,6
Thursday,Clouds,306.42,0.14,No,market,20,Medium,18
Wednesday,Clouds,305.31,0.16,No,office,8,Medium,6
Monday,Drizzle,288.51,0.41,No,market,11,Low,10
Wednesday,Clear,309.45,0.0,No,station,17,Medium,15
Tuesday,Clear,300.76,0.0,No,market,20,Medium,18
Saturday,Fog,287.72,0.0,No,mall,11,Low,9
Monday,Clouds,302.89,0.19,No,office,10,Medium,8
Friday,Rain,289.49,1.61,No,market,12,Medium,9
Monday,Haze,295.89,0.0,No,office,8,Medium,5
Saturday,Clear,302.5,0.0,No,mall,17,Medium,15
Monday,Clear,309.86,0.0,No,market,12,Low,12
Sunday,Drizzle,292.65,1.03,No,office,11,Medium,8
Thursday,Clear,309.48,0.0,No,office,9,Medium,7
Saturday,Clear,307.19,0.0,No,mall,13,Medium,12
Tuesday,Rain,289.24,1.28,No,market,11,Medium,9
Tuesday,Clouds,305.69,0.14,No,market,18,Medium,15
Thursday,Clouds,295.95,0.03,No,office,9,Medium,7
Tuesday,Rain,298.26,0.86,No,mall,13,Low,12
Friday,Clouds,304.7,0.19,No,office,9,Medium,6
Sunday,Clear,305.17,0.0,No,residential,7,Low,7
Wednesday,Clouds,293.71,0.06,No,mall,19,Medium,17
Thursday,Clouds,300.09,0.06,No,office,9,Medium,6
Monday,Clear,298.54,0.0,No,station,19,Medium,17
Tuesday,Rain,298.69,1.86,No,mall,17,Medium,15
Friday,Clouds,295.03,0.18,No,market,19,Medium,17
Thursday,Clouds,302.13,0.14,No,station,7,Medium,4
Sunday,Rain,299.29,1.99,No,residential,17,Medium,15
Wednesday,Rain,297.97,0.81,No,market,19,Medium,16
Friday,Fog,283.3,0.0,No,office,8,Medium,5
Wednesday,Rain,293.0,1.97,No,residential,20,Medium,18
Wednesday,Rain,291.49,1.01,Yes,office,8,High,5
Monday,Thunderstorm,302.18,2.97,No,office,9,High,6
Friday,Clear,294.16,0.0,No,mall,13,Low,13
Friday,Clouds,302.98,0.02,No,office,8,Medium,5
Wednesday,Clear,303.68,0.0,No,station,17,Medium,15
Saturday,Clear,306.53,0.0,No,market,18,Medium,16
Tuesday,Clear,300.67,0.0,No,market,12,Low,12
Monday,Clouds,298.84,0.1,No,office,9,Medium,7
Wednesday,Fog,281.31,0.0,No,station,8,Medium,5
Monday,Clear,293.44,0.0,No,office,8,Medium,6
Wednesday,Clouds,300.89,0.15,No,residential,7,Low,7
Friday,Clear,295.32,0.0,No,residential,7,Low,7
Thursday,Clear,306.71,0.0,Yes,mall,13,Medium,11
Friday,Haze,296.21,0.0,No,residential,17,Medium,16
Thursday,Clear,295.13,0.0,No,residential,17,Low,17
Friday,Clouds,296.97,0.03,No,market,11,Low,11
Friday,Clear,306.43,0.0,No,mall,17,Medium,15
Monday,Clear,307.47,0.0,No,office,10,Medium,8
Wednesday,Clouds,291.7,0.03,Yes,station,8,Medium,6
Wednesday,Fog,280.33,0.0,No,residential,19,Medium,17
Monday,Clear,310.89,0.0,No,office,8,Medium,6
Saturday,Clear,301.02,0.0,No,office,11,Low,11
Saturday,Rain,296.03,1.85,Yes,residential,20,Medium,18
Sunday,Clouds,300.04,0.16,No,market,10,Low,10
Thursday,Clear,306.69,0.0,No,market,18,Medium,16
Thursday,Clouds,291.08,0.13,Yes,mall,20,Medium,18
Sunday,Clouds,301.7,0.12,No,residential,18,Low,18
Thursday,Clear,309.53,0.0,No,residential,19,Low,19
Monday,Rain,299.48,1.98,No,station,18,High,15
Wednesday,Clear,297.45,0.0,No,mall,18,Medium,16
Saturday,Rain,292.62,1.96,No,office,11,Medium,9
Sunday,Clear,301.25,0.0,No,market,10,Low,10
Saturday,Haze,299.24,0.0,No,market,18,Medium,15
Sunday,Rain,299.35,1.06,No,mall,11,Medium,8
Friday,Clear,308.19,0.0,No,mall,21,Medium,20
Wednesday,Clouds,296.36,0.02,No,residential,17,Low,16
Monday,Clouds,294.32,0.04,No,market,19,Medium,16
Tuesday,Fog,280.51,0.0,No,market,11,Low,10
Friday,Drizzle,286.07,0.94,No,mall,13,Low,11
Saturday,Haze,287.78,0.0,No,mall,13,Medium,12
Wednesday,Clouds,296.54,0.2,No,residential,18,Low,18
Tuesday,Clouds,292.27,0.08,No,station,8,Medium,6
Saturday,Fog,292.1,0.0,No,residential,18,Medium,16
Tuesday,Clouds,301.43,0.2,No,market,19,Medium,17
Thursday,Fog,289.65,0.0,No,residential,18,Medium,15
Friday,Clear,309.95,0.0,No,station,18,Medium,16
Monday,Clear,308.0,0.0,No,office,8,Medium,6
Friday,Haze,289.72,0.0,No,office,8,Medium,6
Wednesday,Fog,286.86,0.0,No,mall,17,Medium,15
Friday,Clouds,306.26,0.2,No,office,9,Medium,7
Monday,Rain,299.63,1.25,No,office,10,High,7
Friday,Fog,292.5,0.0,No,residential,10,Medium,8
Sunday,Fog,280.67,0.0,Yes,office,10,Medium,8
Thursday,Rain,285.1,1.29,No,office,10,High,7
Monday,Fog,287.76,0.0,No,mall,11,Low,10
Thursday,Clear,307.15,0.0,No,residential,18,Low,18
Thursday,Clouds,299.13,0.02,No,market,11,Low,11
Friday,Clear,308.05,0.0,No,mall,18,Medium,17
Monday,Rain,295.43,1.56,No,mall,17,Medium,15
Wednesday,Clouds,299.18,0.06,No,market,10,Low,10
Thursday,Clear,310.97,0.0,No,mall,21,Medium,20
Sunday,Clouds,300.66,0.04,No,office,12,Low,12
Saturday,Clear,309.57,0.0,No,mall,12,Medium,10
Friday,Haze,285.38,0.0,No,station,19,Medium,17
Monday,Clouds,299.77,0.05,No,office,9,Medium,6
Wednesday,Clear,306.47,0.0,No,mall,19,Medium,18
Friday,Clouds,298.55,0.06,No,residential,8,Low,8
Tuesday,Clouds,301.23,0.09,No,station,17,Medium,15
Friday,Clouds,306.32,0.03,No,market,20,Medium,18
Sunday,Clear,293.84,0.0,No,office,12,Low,11
Thursday,Clear,307.83,0.0,No,station,8,Medium,6
Wednesday,Clear,297.42,0.0,No,residential,9,Low,9
Monday,Rain,300.85,2.19,No,residential,7,Medium,5
Tuesday,Clear,304.61,0.0,No,office,8,Medium,6
Monday,Clear,294.4,0.0,No,residential,8,Low,7
Wednesday,Haze,287.44,0.0,No,residential,17,Medium,16
Sunday,Clear,297.43,0.0,No,office,11,Low,10
Tuesday,Rain,292.87,1.11,No,mall,19,Medium,17
Tuesday,Rain,287.38,1.42,No,residential,17,Medium,15
Friday,Haze,298.0,0.0,No,station,18,Medium,16
Sunday,Haze,287.38,0.0,No,residential,20,Medium,19
Monday,Clouds,298.54,0.13,No,mall,12,Low,12
Friday,Clear,311.97,0.0,No,office,8,Medium,6
Friday,Clear,308.23,0.0,No,mall,19,Medium,18
Wednesday,Clouds,303.45,0.08,No,office,8,Medium,6
Monday,Haze,293.34,0.0,No,residential,8,Medium,7
Thursday,Haze,290.84,0.0,No,residential,19,Medium,18
Thursday,Clouds,296.0,0.17,No,mall,17,Medium,15
Saturday,Clouds,293.91,0.1,No,office,10,Low,10
Tuesday,Haze,291.63,0.0,No,mall,12,Low,12
Thursday,Haze,295.36,0.0,No,mall,17,Medium,16
Monday,Clear,303.25,0.0,No,residential,9,Low,9
Monday,Clouds,296.89,0.19,No,office,8,Medium,6
Sunday,Thunderstorm,301.74,1.34,No,office,12,Medium,10
Friday,Haze,293.17,0.0,No,market,11,Low,11
Sunday,Clear,300.71,0.0,Yes,residential,8,Low,8
Thursday,Clouds,292.54,0.02,No,station,19,Medium,17
Saturday,Clear,306.19,0.0,No,residential,8,Low,8
Saturday,Clouds,297.15,0.17,No,market,19,Medium,16
Tuesday,Fog,283.91,0.0,No,market,20,Medium,17
Wednesday,Rain,286.42,1.52,No,office,8,High,5
Tuesday,Clear,303.45,0.0,No,market,20,Medium,17
Friday,Clouds,291.81,0.09,No,residential,18,Low,18
Saturday,Haze,300.87,0.0,No,mall,19,Medium,17
Wednesday,Clear,304.18,0.0,No,market,17,Medium,15
Thursday,Fog,290.97,0.0,No,market,17,Medium,14
Wednesday,Clear,303.17,0.0,No,residential,9,Low,9
Tuesday,Rain,299.0,1.3,No,station,6,Low,4
Monday,Haze,296.59,0.0,No,office,8,Medium,5
Thursday,Drizzle,298.3,0.84,No,residential,7,Medium,5
Saturday,Clear,293.67,0.0,No,station,18,Low,18
Thursday,Clear,293.01,0.0,No,residential,18,Low,18
Friday,Clouds,293.41,0.0,No,mall,20,Medium,19
Thursday,Rain,290.92,2.14,No,market,18,Medium,15
Wednesday,Clear,301.14,0.0,No,mall,11,Low,11
Thursday,Rain,301.26,1.99,No,mall,12,Medium,10
Friday,Clouds,294.14,0.07,No,station,18,Medium,15
Saturday,Clear,294.35,0.0,No,market,17,Medium,15
Friday,Clouds,296.0,0.11,No,office,9,Medium,7
Tuesday,Clear,311.63,0.0,No,office,9,Medium,7
Tuesday,Drizzle,296.25,1.11,No,residential,9,Medium,7
Tuesday,Clear,297.06,0.0,No,office,9,Medium,7
Monday,Haze,295.61,0.0,No,office,8,Medium,6
Saturday,Clouds,306.75,0.18,No,mall,19,Medium,16
Tuesday,Clear,297.44,0.0,No,market,18,Medium,16
Thursday,Clouds,296.69,0.14,No,mall,11,Low,11
Friday,Clear,297.22,0.0,No,mall,11,Low,11
Wednesday,Clouds,294.03,0.09,No,market,11,Low,11
Tuesday,Haze,290.96,0.0,No,mall,20,Medium,19
Wednesday,Rain,297.25,1.87,No,residential,10,Medium,7
Tuesday,Clear,309.11,0.0,No,market,19,Medium,16
Monday,Clouds,302.25,0.16,No,station,19,Medium,17
Wednesday,Clear,298.09,0.0,No,residential,7,Low,7
Wednesday,Clouds,299.48,0.16,No,mall,19,Medium,17
Monday,Clear,304.52,0.0,No,market,18,Medium,16
Sunday,Haze,292.8,0.0,No,office,11,Low,11
Wednesday,Rain,295.89,2.08,No,office,8,High,5
Saturday,Clouds,295.33,0.13,No,office,10,Low,9
Tuesday,Fog,286.29,0.0,No,mall,19,Medium,17
Tuesday,Haze,300.05,0.0,No,office,8,Medium,6
Tuesday,Clear,310.57,0.0,No,mall,12,Low,12
Friday,Clear,305.36,0.0,No,residential,8,Low,7
Tuesday,Clouds,292.15,0.11,No,office,9,Medium,7
Friday,Rain,292.94,1.98,No,market,12,Medium,9
Monday,Clear,304.95,0.0,No,station,18,Medium,15
Thursday,Rain,293.19,0.89,No,residential,17,Medium,15
Wednesday,Clear,303.47,0.0,No,office,9,Medium,7
Wednesday,Haze,292.87,0.0,No,mall,11,Low,11
Monday,Haze,297.75,0.0,No,mall,18,Medium,17
Wednesday,Clear,307.3,0.0,No,residential,19,Low,18
Tuesday,Clouds,303.6,0.12,No,office,8,Medium,6
Tuesday,Clear,296.76,0.0,No,market,20,Medium,18
Tuesday,Clear,305.46,0.0,No,residential,20,Low,20
Monday,Clear,295.05,0.0,No,station,6,Low,4
Friday,Clear,297.34,0.0,No,office,8,Medium,5
Sunday,Clear,309.87,0.0,No,mall,11,Low,11
Tuesday,Clear,310.91,0.0,No,mall,21,Medium,19
Saturday,Clear,308.42,0.0,No,office,12,Low,12
Tuesday,Clouds,306.7,0.09,No,market,10,Low,10
Sunday,Clear,311.75,0.0,No,office,12,Low,12
Thursday,Rain,299.68,0.87,No,office,9,Medium,6
Wednesday,Clouds,296.73,0.05,No,office,9,Medium,6
Friday,Clear,303.0,0.0,No,office,8,Medium,6
Sunday,Clear,300.11,0.0,No,station,19,Low,19
Monday,Fog,289.59,0.0,No,office,10,Medium,7
Friday,Clouds,292.29,0.18,No,office,9,Medium,6
Thursday,Clear,296.73,0.0,No,residential,20,Low,19
Tuesday,Clouds,291.17,0.03,No,market,20,Medium,18
Thursday,Fog,291.36,0.0,No,mall,20,Medium,18
Friday,Haze,293.62,0.0,No,office,8,Medium,5
Friday,Clear,305.82,0.0,No,office,9,Medium,7
Monday,Rain,288.44,1.33,No,station,7,High,4
Friday,Clear,297.41,0.0,No,residential,17,Low,17
Sunday,Rain,299.15,1.3,No,office,11,Medium,9
Thursday,Rain,298.5,0.6,No,station,17,Medium,14
Friday,Drizzle,300.41,0.3,No,market,10,Medium,7
Tuesday,Clouds,306.11,0.11,No,residential,10,Low,10
Friday,Haze,291.83,0.0,No,residential,20,Medium,19
Thursday,Clouds,300.2,0.19,No,mall,13,Low,13
Saturday,Rain,290.5,0.91,No,mall,20,Medium,17
Friday,Clouds,297.69,0.19,Yes,station,8,Medium,6
Sunday,Thunderstorm,292.13,1.6,No,residential,9,Medium,7
Monday,Rain,300.62,1.37,No,market,19,Medium,16
Monday,Clear,300.34,0.0,No,mall,13,Low,13
Tuesday,Clouds,305.6,0.15,No,office,10,Medium,7
Tuesday,Haze,298.11,0.0,No,market,19,Medium,17
Monday,Clear,294.12,0.0,No,market,17,Medium,15
Saturday,Rain,288.85,1.61,No,mall,12,Medium,10
Thursday,Clear,293.82,0.0,No,residential,7,Low,7
Wednesday,Clear,307.63,0.0,No,residential,9,Low,8
Friday,Clear,298.8,0.0,No,residential,8,Low,8
Wednesday,Clouds,294.46,0.08,No,mall,11,Low,11
Friday,Clouds,301.09,0.04,No,mall,17,Medium,16
Tuesday,Clear,311.48,0.0,No,office,9,Medium,6
Wednesday,Clouds,301.14,0.15,No,mall,19,Medium,18
Thursday,Haze,292.05,0.0,No,station,17,Medium,15
Tuesday,Clear,294.09,0.0,No,mall,12,Low,12
Saturday,Clouds,303.67,0.06,No,market,10,Low,10
Tuesday,Clouds,302.76,0.11,No,residential,10,Low,10
Friday,Clouds,301.28,0.01,No,residential,19,Low,19
Tuesday,Clear,306.1,0.0,Yes,residential,17,Low,16
Friday,Rain,285.32,1.97,No,residential,18,Medium,16
Sunday,Rain,293.24,1.52,Yes,mall,12,High,9
Thursday,Clear,311.45,0.0,No,mall,11,Low,10
Wednesday,Haze,290.69,0.0,No,office,9,Medium,7
Saturday,Rain,298.85,0.55,No,residential,19,Medium,17
Tuesday,Haze,286.4,0.0,No,mall,20,Medium,19
Wednesday,Drizzle,299.65,0.53,No,residential,19,Medium,17
Friday,Rain,290.25,1.7,No,residential,10,Medium,8
Wednesday,Haze,294.04,0.0,No,station,7,Medium,5
Thursday,Clear,309.79,0.0,No,station,6,Low,5
Friday,Drizzle,290.55,0.95,No,station,17,Medium,14
Monday,Clear,308.25,0.0,No,office,8,Medium,6
Thursday,Clear,293.52,0.0,No,residential,10,Low,9
Monday,Fog,284.24,0.0,No,market,17,Medium,14
Wednesday,Clear,308.29,0.0,Yes,office,8,Medium,6
Sunday,Thunderstorm,299.88,1.13,No,office,12,Medium,9
Saturday,Rain,300.09,1.23,No,mall,19,High,16
Friday,Clouds,297.68,0.17,Yes,mall,11,Low,11
Thursday,Clouds,298.77,0.13,Yes,mall,11,Low,11
Wednesday,Clouds,297.18,0.12,Yes,station,8,Medium,6
Wednesday,Fog,280.58,0.0,No,residential,8,Medium,6
Wednesday,Clear,304.81,0.0,No,mall,11,Low,11
Saturday,Haze,299.51,0.0,No,office,11,Low,11
Monday,Clouds,298.9,0.08,No,market,19,Medium,17
Wednesday,Rain,294.61,1.62,No,mall,13,Medium,11
Tuesday,Clear,307.6,0.0,No,market,17,Medium,15
Thursday,Drizzle,286.05,0.97,Yes,office,8,Medium,5
Saturday,Haze,292.9,0.0,No,residential,7,Medium,5
Wednesday,Clear,303.95,0.0,No,mall,11,Low,11
Monday,Clear,310.08,0.0,No,office,9,Medium,7
Wednesday,Clouds,293.03,0.13,No,office,8,Medium,6
Sunday,Drizzle,287.4,0.5,No,market,12,Medium,9
Saturday,Clouds,294.98,0.03,No,market,20,Medium,18
Wednesday,Haze,294.79,0.0,No,mall,17,Medium,16
Thursday,Clouds,304.41,0.05,No,residential,17,Low,17
Sunday,Clouds,300.74,0.1,No,residential,20,Low,20
Friday,Clear,302.3,0.0,No,station,6,Low,5
Friday,Clear,299.99,0.0,No,station,17,Medium,15
Monday,Clear,294.36,0.0,No,office,9,Medium,7
Friday,Clouds,302.31,0.12,Yes,office,9,Medium,7
Tuesday,Clouds,298.07,0.01,No,market,19,Medium,17
Thursday,Rain,292.86,1.88,No,station,18,High,15
Saturday,Haze,293.88,0.0,Yes,office,12,Low,12
Friday,Clear,295.99,0.0,No,station,8,Medium,6
Sunday,Clouds,296.62,0.12,No,residential,9,Low,9
Friday,Clear,294.74,0.0,No,office,8,Medium,6
Wednesday,Clouds,292.98,0.07,Yes,station,7,Medium,5
Sunday,Rain,300.38,0.76,No,mall,11,Low,9
Friday,Clear,310.44,0.0,No,residential,18,Low,18
Tuesday,Fog,286.31,0.0,Yes,office,9,Medium,6
Friday,Clear,310.78,0.0,No,residential,8,Low,8
Monday,Rain,290.45,0.83,No,market,19,Medium,16
Friday,Clear,298.47,0.0,Yes,residential,17,Low,17
Tuesday,Clear,311.87,0.0,No,mall,19,Medium,18
Tuesday,Clouds,290.86,0.01,No,office,9,Medium,7
Monday,Clouds,301.98,0.18,No,office,9,Medium,6
Thursday,Fog,288.39,0.0,No,office,8,Medium,5
Thursday,Clear,299.21,0.0,No,office,9,Medium,6
Wednesday,Rain,295.49,2.05,No,station,7,High,4
Friday,Clouds,291.11,0.02,No,station,17,Medium,15
Tuesday,Clouds,296.9,0.14,No,mall,13,Low,13
Friday,Haze,288.82,0.0,No,residential,19,Medium,18
Sunday,Clear,306.88,0.0,No,mall,19,Medium,16
Thursday,Clear,306.39,0.0,No,mall,17,Medium,15
Monday,Clouds,303.97,0.04,No,residential,18,Low,18
Thursday,Clear,305.9,0.0,No,residential,19,Low,19
Saturday,Rain,297.87,1.62,No,station,19,Medium,17
Wednesday,Clear,310.55,0.0,No,residential,10,Low,10
Sunday,Thunderstorm,292.85,1.18,Yes,station,19,Medium,16
Saturday,Clouds,299.33,0.01,No,market,10,Low,10
Monday,Clear,307.04,0.0,No,office,8,Medium,6
Friday,Clouds,301.26,0.09,No,mall,20,Medium,18
Saturday,Clear,312.95,0.0,No,mall,20,Medium,18
Monday,Fog,285.81,0.0,No,residential,9,Medium,7
Monday,Rain,300.19,1.68,No,residential,19,Medium,17
Wednesday,Clouds,293.84,0.08,Yes,mall,21,Medium,18
Saturday,Clear,311.53,0.0,No,office,12,Low,12
Sunday,Clear,302.63,0.0,No,residential,18,Low,18
Friday,Clouds,291.33,0.18,No,residential,17,Low,16
Thursday,Haze,293.63,0.0,No,residential,8,Medium,7
Sunday,Clouds,298.72,0.09,No,residential,7,Low,6
Wednesday,Clear,293.71,0.0,No,station,8,Medium,6
Friday,Haze,294.25,0.0,No,residential,7,Medium,6
Saturday,Clouds,292.16,0.02,No,residential,17,Low,17
Monday,Clear,295.23,0.0,No,office,9,Medium,7
Friday,Clear,307.02,0.0,No,mall,13,Low,13
Wednesday,Haze,298.15,0.0,No,office,8,Medium,5
Friday,Fog,281.34,0.0,No,office,9,Medium,6
Monday,Clear,302.28,0.0,No,office,8,Medium,5
Friday,Clear,306.67,0.0,No,market,18,Medium,16
Monday,Clear,308.95,0.0,No,market,10,Low,10
Sunday,Clear,303.63,0.0,No,residential,7,Low,6
Thursday,Clear,298.34,0.0,No,residential,17,Low,16
Wednesday,Fog,287.24,0.0,No,residential,10,Medium,8
Friday,Clouds,301.44,0.17,Yes,station,8,Medium,6
Thursday,Clear,298.67,0.0,No,residential,18,Low,18
Thursday,Haze,298.37,0.0,No,office,10,Medium,8
Friday,Clear,306.13,0.0,No,office,10,Medium,8
Saturday,Clear,306.21,0.0,Yes,residential,17,Low,16
Sunday,Haze,295.68,0.0,No,office,11,Low,11
Tuesday,Clouds,295.66,0.01,No,office,8,Medium,6
Tuesday,Haze,287.86,0.0,No,office,8,Medium,6
Thursday,Rain,297.16,0.68,No,mall,12,Low,11
Friday,Clear,305.81,0.0,No,office,9,Medium,6
Tuesday,Clouds,298.76,0.19,No,market,17,Medium,14
Wednesday,Fog,286.56,0.0,Yes,market,20,High,17
Monday,Clear,299.06,0.0,Yes,residential,18,Low,18
Wednesday,Clear,302.19,0.0,No,market,12,Low,12
Tuesday,Haze,289.78,0.0,No,office,9,Medium,7
Thursday,Rain,292.45,0.82,Yes,mall,12,Medium,10
Friday,Clouds,303.48,0.13,No,residential,20,Low,19
Sunday,Clear,308.76,0.0,Yes,office,11,Low,11
Tuesday,Drizzle,299.05,0.74,No,residential,20,Medium,18
Sunday,Clouds,290.32,0.18,No,office,10,Low,10
Friday,Haze,299.47,0.0,No,office,8,Medium,6
Wednesday,Clear,309.35,0.0,No,office,10,Medium,8
Monday,Rain,301.7,1.65,No,office,9,High,6
Wednesday,Fog,287.3,0.0,No,station,7,Medium,4
Tuesday,Haze,293.85,0.0,No,market,11,Low,11
Monday,Haze,297.44,0.0,Yes,market,19,High,16
Monday,Haze,294.5,0.0,No,office,8,Medium,5
Friday,Clouds,297.0,0.19,No,office,9,Medium,7
Thursday,Drizzle,295.41,0.98,No,market,18,Medium,15
Thursday,Drizzle,295.28,1.06,No,office,10,High,7
Wednesday,Clear,296.87,0.0,No,residential,10,Low,9
Thursday,Clear,300.28,0.0,No,office,8,Medium,6
Wednesday,Clouds,291.78,0.01,No,market,20,Medium,18
Friday,Clear,297.71,0.0,No,mall,12,Low,12
Wednesday,Clear,295.2,0.0,No,market,12,Low,12
Friday,Rain,286.25,1.49,Yes,market,17,High,14
Monday,Clear,300.47,0.0,No,station,17,Medium,15
Thursday,Clear,293.64,0.0,No,station,7,Medium,5
Monday,Clouds,302.93,0.04,No,market,17,Medium,15
Friday,Clouds,299.4,0.05,No,residential,9,Low,8
Saturday,Rain,289.75,1.74,No,office,11,Medium,9
Tuesday,Rain,295.06,0.75,No,mall,17,Medium,15
Wednesday,Fog,286.06,0.0,No,office,9,Medium,6
Wednesday,Clear,302.91,0.0,No,market,20,Medium,18
Friday,Clear,298.92,0.0,No,mall,17,Medium,16
Monday,Haze,298.73,0.0,No,residential,9,Medium,8
Sunday,Rain,291.89,1.84,No,mall,13,Medium,10
Friday,Clouds,301.74,0.11,No,office,8,Medium,6
Friday,Fog,280.13,0.0,No,residential,10,Medium,8
Thursday,Rain,286.89,1.12,No,station,8,High,5
Wednesday,Clouds,303.15,0.03,No,residential,8,Low,8
Friday,Clouds,306.3,0.04,No,market,20,Medium,18
Wednesday,Haze,289.43,0.0,No,station,18,Medium,16
Wednesday,Clouds,299.04,0.17,No,mall,12,Low,11
Thursday,Rain,300.99,0.61,No,market,19,Medium,16
Monday,Clear,312.13,0.0,No,mall,13,Low,13
Monday,Rain,293.85,1.57,No,office,8,High,5
Wednesday,Clear,294.26,0.0,No,mall,11,Low,11
Saturday,Clouds,295.83,0.13,No,mall,19,Medium,16
Wednesday,Clear,298.2,0.0,No,residential,17,Low,17
Friday,Clear,312.12,0.0,No,office,9,Medium,7
Friday,Rain,296.78,1.63,No,office,8,High,5
Monday,Clear,298.21,0.0,No,station,18,Medium,16
Friday,Clouds,299.18,0.03,No,station,7,Medium,5
Wednesday,Drizzle,299.92,0.36,No,mall,13,Low,12
Friday,Drizzle,297.31,1.19,No,office,9,High,6
Wednesday,Rain,287.37,1.44,No,office,9,High,6
Thursday,Clear,294.1,0.0,No,office,9,Medium,7
Friday,Clear,303.77,0.0,No,market,11,Low,11
Sunday,Clear,305.1,0.0,No,mall,21,Medium,19
Wednesday,Clouds,296.34,0.06,No,market,17,Medium,14
Saturday,Rain,297.61,1.21,No,office,12,Medium,10
Saturday,Fog,284.8,0.0,No,station,17,Medium,15
Monday,Thunderstorm,288.12,2.92,No,office,10,High,7
Monday,Clouds,299.45,0.14,No,residential,17,Low,17
Tuesday,Clouds,290.72,0.17,No,market,12,Low,12
Thursday,Clear,293.05,0.0,No,market,11,Low,10
Monday,Clouds,298.36,0.14,No,residential,17,Low,17
Friday,Haze,290.79,0.0,No,mall,12,Low,11
Saturday,Drizzle,298.27,0.57,No,residential,20,Medium,18
Saturday,Clear,302.22,0.0,No,office,10,Low,10
Tuesday,Haze,300.28,0.0,Yes,office,9,Medium,7
Thursday,Clear,305.56,0.0,No,station,18,Medium,16
Thursday,Rain,298.6,0.96,No,market,20,Medium,17
Monday,Clear,303.36,0.0,No,residential,9,Low,8
Wednesday,Clear,296.09,0.0,No,station,7,Medium,5
Friday,Clouds,305.57,0.02,No,residential,8,Low,8
Wednesday,Clear,301.84,0.0,No,office,9,Medium,7
Tuesday,Clear,310.14,0.0,No,office,8,Medium,6
Tuesday,Clouds,302.97,0.02,Yes,office,8,Medium,5
Friday,Clear,306.2,0.0,No,office,8,Medium,5
Monday,Clear,293.21,0.0,No,office,8,Medium,6
Sunday,Clear,300.03,0.0,Yes,office,10,Low,10
Sunday,Rain,298.27,1.54,No,mall,13,Medium,11
Monday,Clouds,302.17,0.19,No,residential,7,Low,7
Sunday,Rain,299.47,1.31,No,office,10,Medium,8
Wednesday,Rain,301.68,1.22,No,station,7,High,4
Monday,Clouds,298.84,0.1,No,station,6,Low,5
Thursday,Clouds,296.54,0.09,No,office,9,Medium,6
Tuesday,Clear,294.39,0.0,No,mall,20,Medium,18
Sunday,Thunderstorm,295.36,1.21,No,mall,11,Medium,9
Monday,Fog,291.49,0.0,No,mall,12,Low,11
Sunday,Clear,309.76,0.0,No,mall,20,Medium,18
Friday,Clear,308.79,0.0,No,market,18,Medium,15
Wednesday,Thunderstorm,295.69,1.29,No,residential,19,Medium,17
Tuesday,Clear,307.76,0.0,No,mall,13,Low,12
Friday,Haze,290.23,0.0,No,station,17,Medium,15
Friday,Rain,288.43,1.63,No,residential,20,Medium,18
Thursday,Clouds,306.19,0.01,No,market,18,Medium,16
Wednesday,Clouds,290.61,0.04,No,office,9,Medium,7
Saturday,Clear,307.31,0.0,No,office,11,Low,11
Thursday,Clouds,304.52,0.1,No,mall,21,Medium,19
Thursday,Fog,282.98,0.0,No,mall,19,Medium,17
Monday,Fog,287.75,0.0,No,mall,11,Low,9
Wednesday,Clear,297.88,0.0,No,mall,19,Medium,18
Thursday,Rain,286.95,0.79,No,station,6,Low,4
Wednesday,Clouds,297.16,0.0,No,market,18,Medium,16
Sunday,Clear,294.95,0.0,No,mall,20,Medium,18
Wednesday,Clear,298.99,0.0,No,mall,19,Medium,18
Thursday,Clear,310.01,0.0,No,market,20,Medium,18
Monday,Rain,295.62,2.13,No,station,17,High,14
Thursday,Rain,293.08,0.86,No,office,10,Medium,7
Thursday,Clear,301.29,0.0,No,office,10,Medium,7
Friday,Haze,293.26,0.0,No,residential,7,Medium,5
Tuesday,Drizzle,290.02,0.84,No,station,19,Medium,16
Sunday,Clouds,296.19,0.03,No,market,10,Low,10
Saturday,Haze,298.54,0.0,No,mall,12,Medium,11
Friday,Clear,297.77,0.0,No,office,10,Medium,8
Tuesday,Clouds,306.85,0.08,No,market,17,Medium,15
Monday,Fog,282.89,0.0,No,office,9,Medium,6
Sunday,Clear,310.93,0.0,No,mall,11,Low,11
Saturday,Rain,296.42,2.01,No,station,17,Medium,15
Tuesday,Clouds,304.09,0.19,No,residential,8,Low,8
Thursday,Clear,309.13,0.0,No,office,10,Medium,7
Saturday,Clear,295.14,0.0,No,market,17,Medium,15
Wednesday,Clear,303.67,0.0,No,office,10,Medium,8
Tuesday,Drizzle,299.19,1.14,No,mall,17,Medium,15
Saturday,Clear,307.79,0.0,No,office,12,Low,12
Friday,Clear,300.69,0.0,No,market,11,Low,11
Sunday,Rain,291.6,2.05,No,residential,10,Medium,8
Tuesday,Clear,310.19,0.0,No,station,7,Medium,4
Thursday,Haze,297.63,0.0,No,market,20,Medium,18
Saturday,Fog,291.97,0.0,No,station,17,Medium,14
Saturday,Clear,298.22,0.0,Yes,market,20,Medium,17
Thursday,Clear,306.9,0.0,No,market,19,Medium,17
Thursday,Clear,297.0,0.0,No,market,11,Low,11
Monday,Rain,296.66,1.85,No,office,8,High,5
Saturday,Haze,298.23,0.0,No,office,10,Medium,9
Monday,Rain,301.06,2.0,No,mall,20,Medium,18
Sunday,Rain,301.56,0.84,No,residential,10,Medium,8
Monday,Clear,312.16,0.0,No,residential,17,Low,17
Monday,Rain,293.4,0.88,No,residential,20,Medium,18
Tuesday,Clouds,293.51,0.04,No,mall,13,Low,13
Wednesday,Clear,312.52,0.0,No,mall,13,Low,12
Sunday,Clear,302.38,0.0,No,mall,21,Medium,18
Friday,Clouds,300.15,0.01,No,market,19,Medium,17
Wednesday,Thunderstorm,302.97,2.93,No,office,9,High,6
Monday,Clear,300.89,0.0,No,mall,20,Medium,19
Thursday,Clouds,295.77,0.09,No,office,10,Medium,7
Monday,Drizzle,293.49,1.17,No,office,8,High,5
Sunday,Haze,297.19,0.0,No,office,11,Low,11
Wednesday,Fog,281.12,0.0,No,office,9,Medium,6
Monday,Clear,302.4,0.0,No,office,8,Medium,5
Wednesday,Clear,300.13,0.0,No,station,17,Medium,14
Wednesday,Clear,294.87,0.0,No,office,8,Medium,6
Saturday,Clear,310.82,0.0,No,market,20,Medium,18
Thursday,Rain,289.18,1.35,No,residential,19,Medium,17
Monday,Clouds,300.04,0.19,No,residential,8,Low,8
Monday,Clouds,306.24,0.12,Yes,mall,21,Medium,19
Friday,Drizzle,301.0,1.11,No,station,8,High,5
Tuesday,Clear,294.11,0.0,No,office,9,Medium,6
Monday,Drizzle,298.98,0.29,No,office,8,Medium,5
Wednesday,Clear,302.82,0.0,No,mall,13,Low,13
Sunday,Haze,298.31,0.0,No,residential,18,Medium,16
Wednesday,Clouds,297.19,0.15,No,mall,18,Medium,17
Wednesday,Clouds,306.55,0.14,No,mall,11,Low,11
Sunday,Clear,301.75,0.0,No,residential,8,Low,7
Tuesday,Rain,299.31,1.39,No,station,19,High,16
Thursday,Clear,301.5,0.0,No,station,18,Medium,16
Wednesday,Clear,306.23,0.0,No,residential,7,Low,7
Saturday,Rain,290.06,1.5,No,office,11,Medium,8
Thursday,Clear,294.56,0.0,No,office,8,Medium,6
Saturday,Clear,300.9,0.0,Yes,office,12,Low,11
Wednesday,Clear,309.26,0.0,No,mall,21,Medium,19
Saturday,Clear,295.24,0.0,Yes,office,10,Low,10
Saturday,Clear,297.84,0.0,No,office,12,Low,12
Monday,Clouds,290.37,0.03,No,market,11,Low,10
Sunday,Clouds,293.42,0.11,No,mall,21,Medium,19
Wednesday,Drizzle,298.73,0.94,No,office,9,Medium,6
Monday,Clear,294.21,0.0,Yes,mall,21,Medium,19
Thursday,Rain,286.99,1.56,No,office,9,High,6
Friday,Fog,285.57,0.0,No,office,9,Medium,6
Thursday,Clear,298.87,0.0,No,residential,20,Low,19
Saturday,Rain,298.6,1.94,No,residential,18,Medium,16
Friday,Clear,296.99,0.0,No,office,9,Medium,7
Friday,Clear,297.19,0.0,Yes,station,17,Medium,15
Wednesday,Clear,310.19,0.0,No,office,8,Medium,6
Wednesday,Clear,297.48,0.0,No,office,8,Medium,6
Friday,Rain,289.55,0.76,No,market,20,Medium,17
Friday,Rain,301.37,1.78,No,station,17,High,14
Saturday,Clear,295.36,0.0,No,office,10,Low,10
Monday,Fog,285.98,0.0,No,office,9,Medium,6
Friday,Clear,297.04,0.0,No,mall,13,Low,13
Tuesday,Clear,296.43,0.0,No,market,12,Low,11
Wednesday,Fog,286.42,0.0,No,residential,9,Medium,7
Saturday,Rain,301.18,1.38,No,mall,20,High,17
Wednesday,Rain,301.04,0.64,No,market,19,Medium,16
Wednesday,Haze,295.26,0.0,No,mall,11,Low,11
Sunday,Rain,301.54,1.21,No,station,19,Medium,17
Friday,Clear,298.6,0.0,No,office,9,Medium,7
Friday,Rain,295.61,1.55,No,mall,17,Medium,15
Saturday,Fog,291.33,0.0,Yes,market,17,High,14
Wednesday,Clouds,299.19,0.04,No,market,11,Low,11
Thursday,Clear,310.81,0.0,No,market,11,Low,11
Tuesday,Clouds,298.59,0.15,No,market,19,Medium,17
Thursday,Fog,292.18,0.0,No,mall,11,Low,10
Wednesday,Thunderstorm,296.62,2.79,No,station,19,High,16
Wednesday,Haze,296.43,0.0,No,office,10,Medium,8
Monday,Rain,291.14,0.67,No,mall,17,Medium,14
Monday,Clouds,297.58,0.07,No,office,8,Medium,5
Saturday,Thunderstorm,298.71,2.9,No,residential,19,Medium,16
Saturday,Clouds,297.78,0.19,No,office,10,Low,10
Friday,Fog,292.22,0.0,No,mall,11,Low,10
Thursday,Clouds,294.92,0.1,No,mall,12,Low,12
Sunday,Clear,295.86,0.0,No,office,11,Low,10
Monday,Clear,309.38,0.0,No,station,8,Medium,6
Thursday,Clouds,299.74,0.11,No,office,8,Medium,5
Wednesday,Clear,295.77,0.0,No,market,18,Medium,15
Friday,Clear,305.5,0.0,No,office,9,Medium,6
Tuesday,Drizzle,299.35,0.94,No,mall,11,Low,10
Friday,Clouds,292.1,0.11,No,residential,17,Low,17
Sunday,Clouds,290.32,0.13,No,residential,20,Low,20
Tuesday,Clouds,303.72,0.12,No,office,10,Medium,8
Thursday,Clouds,297.05,0.17,No,station,8,Medium,6
Monday,Clear,295.88,0.0,No,station,18,Medium,16
Monday,Clear,305.29,0.0,No,station,19,Medium,17
Friday,Clear,301.26,0.0,No,office,8,Medium,5
Sunday,Clear,308.04,0.0,No,station,6,Low,5
Thursday,Clear,299.37,0.0,No,mall,12,Low,12
Thursday,Rain,285.32,1.44,No,mall,17,Medium,15
Tuesday,Clear,301.13,0.0,No,residential,9,Low,9
Friday,Thunderstorm,300.29,2.08,No,office,10,High,7
Monday,Haze,295.45,0.0,No,market,20,Medium,18
Sunday,Rain,291.46,1.1,No,mall,18,High,15
Monday,Clear,294.79,0.0,No,market,18,Medium,16
Friday,Clear,303.1,0.0,No,station,17,Medium,15
Thursday,Clouds,294.18,0.2,No,station,19,Medium,16
Sunday,Haze,285.03,0.0,No,mall,13,Medium,12
Friday,Fog,286.53,0.0,No,mall,21,Medium,19
Thursday,Clouds,292.1,0.19,No,station,19,Medium,17
Wednesday,Haze,285.13,0.0,No,market,20,Medium,18
Wednesday,Fog,288.53,0.0,No,office,8,Medium,5
Monday,Rain,288.76,2.17,No,residential,17,Medium,15
Tuesday,Haze,285.11,0.0,No,station,19,Medium,16
Monday,Clouds,299.38,0.13,No,office,10,Medium,8
Monday,Clear,311.67,0.0,No,office,8,Medium,6
Tuesday,Haze,299.13,0.0,Yes,residential,17,Medium,15
Friday,Rain,290.49,1.94,No,station,6,Low,4
Friday,Clouds,290.74,0.14,Yes,mall,19,Medium,16
Thursday,Clear,294.64,0.0,No,office,9,Medium,7
Sunday,Clouds,291.27,0.05,No,office,12,Low,12
Monday,Clouds,303.74,0.12,No,residential,7,Low,7
Saturday,Clear,299.82,0.0,Yes,office,11,Low,11
Thursday,Fog,287.67,0.0,No,office,8,Medium,5
Thursday,Rain,291.42,2.01,No,office,8,High,5
Monday,Clear,305.52,0.0,No,market,10,Low,10
Thursday,Clouds,300.49,0.08,No,office,9,Medium,7
Wednesday,Rain,295.53,1.08,No,mall,20,Medium,18
Wednesday,Clear,293.25,0.0,No,mall,17,Medium,16
Sunday,Clear,301.42,0.0,No,office,12,Low,11
Tuesday,Clear,299.23,0.0,No,office,8,Medium,6
Tuesday,Clear,299.17,0.0,No,station,7,Medium,5
Sunday,Clear,303.14,0.0,No,mall,13,Medium,12
Wednesday,Haze,288.22,0.0,No,office,8,Medium,6
Friday,Haze,290.3,0.0,No,residential,20,Medium,19
Thursday,Clear,310.52,0.0,No,mall,13,Low,12
Tuesday,Haze,292.46,0.0,No,office,8,Medium,5
Friday,Rain,291.39,1.18,No,station,8,High,5
Wednesday,Clouds,292.42,0.09,No,office,8,Medium,6
Monday,Clear,297.38,0.0,No,office,8,Medium,6
Wednesday,Clear,296.52,0.0,No,residential,9,Low,9
Monday,Haze,299.16,0.0,No,residential,19,Medium,18
Tuesday,Haze,300.06,0.0,No,office,9,Medium,6
Saturday,Rain,287.22,0.82,No,office,10,Medium,8
Tuesday,Rain,297.97,1.5,No,mall,17,Medium,15
Friday,Haze,289.48,0.0,No,mall,11,Low,10
Tuesday,Rain,295.45,0.78,No,office,9,Medium,6
Thursday,Fog,286.36,0.0,No,mall,19,Medium,16
Wednesday,Clear,310.9,0.0,No,residential,7,Low,7
Wednesday,Clouds,305.9,0.07,No,office,9,Medium,7
Friday,Clouds,299.93,0.09,No,office,10,Medium,7
Wednesday,Rain,290.39,1.15,No,mall,19,Medium,17
Tuesday,Clear,303.04,0.0,No,office,8,Medium,6
Friday,Clear,300.2,0.0,No,station,6,Low,5
Tuesday,Fog,289.76,0.0,No,mall,18,Medium,16
Friday,Fog,291.77,0.0,Yes,station,19,High,16
Tuesday,Drizzle,298.33,0.96,Yes,mall,20,High,17
Saturday,Fog,285.64,0.0,No,office,12,Low,10
Friday,Clear,296.76,0.0,No,mall,12,Low,11
Tuesday,Clouds,299.82,0.03,No,mall,11,Low,11
Thursday,Clear,301.38,0.0,No,residential,18,Low,17
Friday,Clear,293.46,0.0,No,residential,17,Low,17
Monday,Clouds,303.59,0.18,No,station,8,Medium,5
Sunday,Clear,300.73,0.0,No,office,11,Low,11
Thursday,Clear,295.09,0.0,No,mall,18,Medium,17
Saturday,Clear,294.39,0.0,No,residential,7,Low,7
Tuesday,Clear,294.15,0.0,No,office,10,Medium,8
Wednesday,Clear,295.21,0.0,No,station,17,Medium,14
Friday,Clear,297.11,0.0,No,mall,17,Medium,15
Monday,Clouds,298.54,0.14,No,residential,17,Low,17
Sunday,Haze,288.95,0.0,No,mall,20,Medium,17
Wednesday,Clear,310.62,0.0,No,residential,8,Low,8
Wednesday,Clear,297.98,0.0,No,market,20,Medium,17
Wednesday,Haze,286.53,0.0,No,station,7,Medium,5
Tuesday,Rain,294.14,1.63,No,market,12,Medium,10
Sunday,Thunderstorm,288.3,1.21,No,mall,12,Medium,10
Wednesday,Clouds,297.86,0.01,No,office,8,Medium,5
Wednesday,Clear,293.76,0.0,No,market,20,Medium,18
Wednesday,Clouds,291.4,0.13,No,market,17,Medium,14
Monday,Clear,309.77,0.0,No,market,20,Medium,18
Tuesday,Clear,306.43,0.0,Yes,residential,19,Low,19
Monday,Fog,291.5,0.0,No,mall,17,Medium,14
Friday,Clouds,301.26,0.13,No,market,20,Medium,18
Wednesday,Fog,289.74,0.0,No,residential,7,Medium,5
Sunday,Clouds,306.82,0.07,No,office,10,Low,10
Tuesday,Clear,296.34,0.0,No,station,19,Medium,17
Saturday,Haze,299.95,0.0,No,mall,17,Medium,14
Monday,Clear,293.3,0.0,No,office,9,Medium,7
Wednesday,Haze,289.46,0.0,No,mall,12,Low,12
Monday,Fog,285.99,0.0,No,office,9,Medium,6
Tuesday,Thunderstorm,298.84,2.36,No,office,9,High,6
Wednesday,Drizzle,296.0,0.27,Yes,residential,18,Medium,15
Wednesday,Clouds,301.98,0.0,Yes,residential,10,Low,10
Tuesday,Clear,294.59,0.0,No,market,20,Medium,17
Tuesday,Haze,288.81,0.0,No,office,8,Medium,5
Friday,Clear,308.74,0.0,Yes,mall,18,Medium,15
Friday,Clear,307.66,0.0,No,office,8,Medium,6
Thursday,Thunderstorm,300.62,2.39,No,station,19,High,16
Thursday,Clear,302.83,0.0,No,office,8,Medium,6
Thursday,Clear,296.47,0.0,No,office,8,Medium,6
Tuesday,Clear,307.43,0.0,No,office,9,Medium,7
Thursday,Clouds,300.81,0.05,No,office,10,Medium,8
Sunday,Clear,301.83,0.0,No,mall,20,Medium,17
Friday,Clouds,302.95,0.09,No,market,20,Medium,18
Thursday,Clear,302.27,0.0,No,office,8,Medium,5
Thursday,Clear,302.39,0.0,No,mall,19,Medium,18
Monday,Fog,285.88,0.0,No,market,19,Medium,16
Sunday,Clear,312.75,0.0,Yes,mall,21,Medium,19
Sunday,Clear,308.26,0.0,No,office,12,Low,12
Thursday,Haze,295.41,0.0,No,mall,19,Medium,18
Tuesday,Haze,295.82,0.0,No,office,9,Medium,7
Tuesday,Clear,305.04,0.0,No,mall,13,Low,13
Monday,Fog,284.38,0.0,No,market,19,Medium,16
Thursday,Clear,301.54,0.0,No,office,9,Medium,6
Thursday,Rain,297.37,0.65,No,market,20,Medium,17
Saturday,Drizzle,291.97,0.51,No,office,10,Medium,7
Monday,Clouds,301.13,0.15,No,office,9,Medium,7
Tuesday,Clear,311.97,0.0,No,office,9,Medium,7
Tuesday,Rain,288.26,2.17,No,office,8,High,5
Thursday,Clear,294.71,0.0,No,residential,9,Low,9
Wednesday,Clouds,302.93,0.0,No,residential,20,Low,20
Friday,Clear,303.45,0.0,Yes,market,10,Medium,9
Sunday,Haze,290.38,0.0,No,mall,19,Medium,17
Sunday,Haze,291.05,0.0,Yes,market,12,Medium,11
Saturday,Clouds,301.87,0.15,No,market,10,Low,10
Monday,Clear,306.99,0.0,No,office,10,Medium,8
Wednesday,Clouds,301.22,0.0,No,residential,20,Low,20
Monday,Drizzle,297.04,0.88,No,mall,11,Low,9
Wednesday,Clouds,305.96,0.19,No,residential,8,Low,8
Friday,Fog,291.18,0.0,No,office,8,Medium,5
Monday,Rain,301.94,2.18,No,market,12,Medium,9
Sunday,Clear,296.41,0.0,No,mall,17,Medium,15
Monday,Clear,311.58,0.0,No,station,6,Low,5
Tuesday,Drizzle,296.06,0.87,No,office,9,Medium,6
Monday,Drizzle,297.5,0.8,No,residential,10,Medium,7
Sunday,Clouds,300.92,0.11,No,market,19,Medium,17
Tuesday,Clear,299.8,0.0,No,office,8,Medium,6
Friday,Clear,299.27,0.0,No,office,9,Medium,7
Tuesday,Rain,301.66,1.04,No,residential,10,Medium,8
Thursday,Clear,293.18,0.0,No,residential,10,Low,10
Monday,Clouds,297.75,0.12,No,station,7,Medium,5
Thursday,Clear,309.95,0.0,No,office,8,Medium,6
Thursday,Clear,309.2,0.0,No,market,17,Medium,15
Saturday,Haze,285.84,0.0,No,station,7,Medium,6
Saturday,Thunderstorm,298.21,2.7,No,market,12,Medium,9
Wednesday,Fog,284.47,0.0,No,residential,18,Medium,16
Tuesday,Rain,291.69,0.72,No,station,19,Medium,16
Saturday,Haze,294.23,0.0,No,market,17,Medium,14
Tuesday,Rain,288.33,1.61,No,office,8,High,5
Friday,Clouds,306.71,0.14,No,station,7,Medium,5
Monday,Drizzle,287.76,0.72,No,station,7,Medium,4
Sunday,Clear,295.38,0.0,No,residential,19,Low,19
Friday,Fog,289.86,0.0,No,station,19,Medium,16
Friday,Clouds,300.75,0.09,Yes,market,19,Medium,17
Monday,Clear,304.46,0.0,No,mall,17,Medium,16
Friday,Clear,302.68,0.0,No,office,10,Medium,7
Tuesday,Clear,311.18,0.0,No,office,9,Medium,7
Wednesday,Clouds,299.12,0.16,No,market,17,Medium,15
Friday,Clear,304.98,0.0,No,office,8,Medium,5
Saturday,Clouds,301.09,0.02,No,office,10,Low,10
Monday,Clouds,299.26,0.08,No,office,9,Medium,7
Tuesday,Rain,289.99,1.41,No,office,10,High,7
Friday,Haze,293.17,0.0,No,residential,18,Medium,17
Tuesday,Rain,288.66,0.73,No,office,9,Medium,6
Tuesday,Clear,298.1,0.0,No,market,17,Medium,15
Wednesday,Haze,300.04,0.0,No,office,9,Medium,7
Monday,Haze,288.08,0.0,No,market,19,Medium,17
Wednesday,Clouds,306.39,0.05,No,office,9,Medium,7
Friday,Haze,290.81,0.0,No,mall,19,Medium,18
Monday,Clear,300.54,0.0,No,market,12,Low,11
Sunday,Clear,307.57,0.0,No,market,10,Low,9
Monday,Clouds,300.33,0.18,No,mall,18,Medium,16
Tuesday,Drizzle,293.98,0.79,No,market,19,Medium,16
Thursday,Fog,288.21,0.0,No,office,10,Medium,7
Monday,Haze,288.99,0.0,No,market,12,Low,11
Tuesday,Clouds,294.69,0.09,No,station,17,Medium,15
Tuesday,Clouds,295.32,0.02,No,market,12,Low,12
Sunday,Clear,298.72,0.0,No,office,10,Low,10
Sunday,Clouds,298.76,0.2,No,mall,13,Medium,12
Wednesday,Fog,288.84,0.0,No,residential,7,Medium,5
Sunday,Haze,300.43,0.0,No,residential,7,Medium,6
Tuesday,Clouds,306.19,0.08,No,mall,13,Low,13
Sunday,Rain,299.46,1.96,No,mall,17,High,14
Tuesday,Clouds,305.69,0.19,No,office,10,Medium,8
Sunday,Clear,293.12,0.0,No,station,17,Low,17
Wednesday,Clouds,290.15,0.09,No,office,8,Medium,6
Wednesday,Clear,306.13,0.0,No,station,6,Low,4
Wednesday,Clouds,294.58,0.2,No,mall,13,Low,12
Tuesday,Clear,310.67,0.0,No,mall,20,Medium,19
Tuesday,Clouds,295.63,0.01,No,office,9,Medium,6
Sunday,Clouds,299.35,0.16,No,station,6,Low,6
Friday,Clouds,305.7,0.17,No,market,17,Medium,15
Sunday,Clear,303.0,0.0,No,market,11,Low,11
Monday,Drizzle,297.06,0.63,No,market,17,Medium,14
Monday,Fog,281.62,0.0,No,mall,13,Low,12
Saturday,Haze,291.87,0.0,No,station,7,Medium,6
Friday,Clear,310.1,0.0,No,mall,13,Low,13
Tuesday,Clear,296.84,0.0,No,office,8,Medium,6
Thursday,Clouds,298.92,0.14,No,office,8,Medium,6
Wednesday,Haze,289.87,0.0,No,mall,20,Medium,19
Sunday,Clear,293.95,0.0,Yes,market,11,Low,11
Friday,Clouds,305.44,0.02,No,mall,18,Medium,16
Wednesday,Haze,295.93,0.0,No,office,8,Medium,6
Wednesday,Fog,287.24,0.0,No,market,12,Low,11
Friday,Clear,295.13,0.0,No,office,9,Medium,7
Monday,Rain,288.28,1.26,No,station,19,High,16
Tuesday,Clouds,292.61,0.03,No,mall,17,Medium,16
Saturday,Rain,301.58,2.02,No,market,20,High,17
Sunday,Clouds,306.19,0.16,No,office,11,Low,11
Friday,Drizzle,286.91,1.17,No,office,8,High,5
Thursday,Clear,308.01,0.0,No,residential,8,Low,7
Wednesday,Clear,304.44,0.0,No,office,8,Medium,6
Saturday,Clouds,302.25,0.05,No,market,17,Medium,15
Friday,Clear,303.67,0.0,No,residential,9,Low,9
Sunday,Clear,308.81,0.0,No,office,10,Low,10
Sunday,Clear,299.95,0.0,No,office,10,Low,10
Wednesday,Clear,295.67,0.0,No,station,18,Medium,16
Wednesday,Rain,288.73,2.14,No,office,8,High,5
Thursday,Clear,307.92,0.0,No,station,18,Medium,16
Saturday,Rain,288.75,0.96,No,residential,10,Medium,7
Monday,Clouds,305.34,0.02,No,office,9,Medium,7
Saturday,Clouds,302.4,0.13,Yes,office,12,Low,12
Saturday,Haze,286.11,0.0,Yes,market,19,High,16
Wednesday,Clear,303.54,0.0,No,residential,19,Low,19
Thursday,Clear,293.27,0.0,No,mall,11,Low,11
Monday,Clear,305.55,0.0,Yes,market,12,Medium,11
Sunday,Rain,299.5,0.64,No,office,12,Low,10
Saturday,Clear,294.12,0.0,No,office,11,Low,11
Monday,Clear,303.23,0.0,No,office,10,Medium,8
Monday,Clouds,292.51,0.13,No,office,8,Medium,5
Friday,Clouds,306.84,0.04,No,market,10,Low,10
Wednesday,Clouds,305.72,0.02,Yes,residential,8,Low,8
Tuesday,Haze,287.4,0.0,No,residential,9,Medium,8
Thursday,Clear,302.99,0.0,No,office,8,Medium,6
Saturday,Fog,291.06,0.0,No,market,10,Medium,8
Wednesday,Rain,286.92,1.23,No,mall,21,Medium,19
Monday,Fog,283.94,0.0,No,station,7,Medium,4
Friday,Clear,311.88,0.0,No,mall,19,Medium,17
Wednesday,Clouds,303.96,0.08,No,mall,21,Medium,19
Thursday,Fog,288.84,0.0,No,market,20,Medium,17
Tuesday,Clouds,306.28,0.18,Yes,market,12,Medium,11
Wednesday,Rain,290.01,0.75,No,market,20,Medium,17
Tuesday,Fog,280.64,0.0,No,market,10,Medium,8
Wednesday,Clouds,301.92,0.13,No,office,9,Medium,7
Monday,Clear,293.25,0.0,No,mall,12,Low,11
Monday,Fog,288.78,0.0,No,office,8,Medium,5
Friday,Clear,296.12,0.0,No,mall,11,Low,11
Thursday,Clear,309.65,0.0,No,office,8,Medium,5
Thursday,Clouds,302.06,0.08,No,market,18,Medium,16
Thursday,Fog,284.61,0.0,Yes,station,7,High,4
Tuesday,Haze,286.24,0.0,No,market,18,Medium,15
Tuesday,Clear,309.07,0.0,No,residential,19,Low,19
Tuesday,Haze,298.55,0.0,Yes,office,9,Medium,7
Tuesday,Haze,297.1,0.0,No,office,8,Medium,6
Thursday,Clear,304.4,0.0,Yes,office,9,Medium,6
Monday,Clear,300.13,0.0,No,office,9,Medium,6
Thursday,Fog,292.63,0.0,No,office,9,Medium,6
Wednesday,Clear,309.15,0.0,No,station,18,Medium,15
Wednesday,Clear,296.03,0.0,No,market,10,Low,10
Sunday,Rain,296.12,1.81,No,office,10,Medium,8
Wednesday,Clouds,304.55,0.09,No,office,9,Medium,6
Tuesday,Clear,296.05,0.0,No,station,18,Medium,15
Monday,Clouds,306.47,0.16,No,office,9,Medium,7
Wednesday,Clear,298.6,0.0,No,office,9,Medium,7
Monday,Clear,302.47,0.0,No,market,17,Medium,14
Friday,Drizzle,293.32,0.56,No,office,8,Medium,5
Saturday,Clouds,298.71,0.12,No,station,7,Low,7
Friday,Rain,301.85,0.57,No,mall,18,Medium,16
Friday,Clear,310.06,0.0,No,office,10,Medium,8
Thursday,Clouds,297.86,0.02,No,market,11,Low,10
Monday,Rain,300.68,1.81,No,office,8,High,5
Monday,Clear,307.83,0.0,No,mall,21,Medium,19
Monday,Clear,297.27,0.0,No,office,9,Medium,6
Monday,Clouds,298.05,0.01,No,market,20,Medium,17
Tuesday,Clear,298.48,0.0,No,residential,8,Low,7
Saturday,Clear,294.07,0.0,No,residential,17,Low,16
Wednesday,Clear,311.84,0.0,No,market,11,Low,11
Sunday,Rain,294.54,2.02,No,mall,20,High,17
Wednesday,Fog,289.31,0.0,No,station,19,Medium,16
Saturday,Rain,286.93,2.15,No,station,17,Medium,15
Sunday,Haze,295.22,0.0,No,station,7,Medium,6
Tuesday,Haze,297.39,0.0,No,station,17,Medium,15
Wednesday,Clouds,290.24,0.16,Yes,station,19,Medium,17
Thursday,Clouds,306.98,0.08,No,market,19,Medium,16
Thursday,Rain,292.8,1.13,No,market,10,Medium,8
Thursday,Haze,296.23,0.0,No,mall,20,Medium,19
Sunday,Clear,293.33,0.0,No,market,10,Low,10
Thursday,Clear,301.88,0.0,No,market,18,Medium,16
Friday,Clear,302.09,0.0,No,market,11,Low,11
Saturday,Drizzle,299.71,0.61,No,station,8,Medium,5
Monday,Clouds,294.55,0.13,No,mall,17,Medium,15
Friday,Clear,293.52,0.0,No,office,9,Medium,7
Wednesday,Clear,312.47,0.0,No,station,17,Medium,14
Saturday,Clouds,305.97,0.08,No,market,18,Medium,15
Sunday,Clear,307.2,0.0,No,mall,20,Medium,18
Thursday,Fog,291.83,0.0,No,market,20,Medium,17
Sunday,Clear,293.23,0.0,No,office,10,Low,10
Monday,Clouds,290.43,0.15,No,market,10,Low,10
Tuesday,Clear,303.71,0.0,No,residential,10,Low,9
Friday,Clear,295.88,0.0,Yes,residential,17,Low,17
Monday,Clear,298.65,0.0,No,station,6,Low,5
Monday,Clear,295.01,0.0,No,market,20,Medium,17
Monday,Clear,301.4,0.0,No,station,6,Low,4
Saturday,Rain,296.21,1.57,No,office,10,Medium,8
Sunday,Thunderstorm,297.2,1.01,No,station,17,Medium,15
Sunday,Clouds,298.81,0.15,No,office,10,Low,10
Monday,Clear,294.67,0.0,No,office,9,Medium,7
Tuesday,Clouds,299.38,0.06,No,mall,12,Low,11
Wednesday,Clear,296.96,0.0,No,station,7,Medium,5
Sunday,Clear,308.88,0.0,No,office,12,Low,11
Wednesday,Rain,295.59,1.53,No,mall,18,Medium,16
Wednesday,Clouds,305.12,0.19,No,residential,8,Low,7
Tuesday,Drizzle,293.96,0.6,No,market,19,Medium,16
Wednesday,Clear,306.14,0.0,No,office,8,Medium,6
Monday,Fog,281.99,0.0,No,office,8,Medium,5
Saturday,Clear,297.24,0.0,No,residential,19,Low,19
Friday,Clear,310.85,0.0,No,station,19,Medium,16
Tuesday,Clear,302.88,0.0,Yes,mall,17,Medium,15
Wednesday,Haze,294.46,0.0,No,office,8,Medium,6
Tuesday,Rain,289.83,1.93,No,residential,7,Medium,5
Wednesday,Clear,309.05,0.0,No,office,9,Medium,7
Tuesday,Clouds,295.32,0.12,No,mall,12,Low,11
Thursday,Rain,300.94,0.67,No,residential,8,Medium,6
Monday,Fog,282.17,0.0,No,station,19,Medium,16
Saturday,Drizzle,299.02,0.46,No,residential,7,Medium,5
Monday,Clear,305.26,0.0,No,office,9,Medium,7
Friday,Clouds,292.15,0.17,No,station,18,Medium,15
Thursday,Clouds,301.24,0.2,No,residential,10,Low,9
Tuesday,Fog,283.94,0.0,No,office,9,Medium,6
Friday,Haze,286.2,0.0,No,market,11,Low,11
Monday,Clear,295.09,0.0,No,office,9,Medium,7
Friday,Haze,298.56,0.0,No,office,9,Medium,7
Tuesday,Rain,293.73,1.83,No,mall,21,Medium,19
Wednesday,Clear,310.52,0.0,No,residential,8,Low,8
Monday,Clear,306.24,0.0,No,mall,18,Medium,17
Monday,Clouds,292.56,0.1,No,residential,18,Low,18
Wednesday,Haze,296.71,0.0,No,mall,11,Low,11
Tuesday,Clouds,298.39,0.09,No,office,9,Medium,7
Sunday,Rain,294.78,0.91,No,office,10,Medium,8
Tuesday,Clouds,291.72,0.15,No,residential,19,Low,19
Thursday,Clouds,294.9,0.12,No,office,8,Medium,6
Tuesday,Clouds,295.19,0.18,No,station,18,Medium,16
Friday,Rain,287.41,0.52,No,office,9,Medium,6
Monday,Clear,308.21,0.0,Yes,station,6,Low,5
Sunday,Rain,293.03,0.58,Yes,residential,20,Medium,18
Saturday,Fog,289.85,0.0,Yes,residential,9,Medium,7
Wednesday,Clear,302.73,0.0,No,market,18,Medium,16
Saturday,Rain,298.17,1.96,No,office,11,Medium,8
Monday,Clear,301.21,0.0,No,residential,7,Low,7
Wednesday,Fog,292.63,0.0,No,office,10,Medium,7
Tuesday,Clear,298.48,0.0,No,station,19,Medium,16
Sunday,Clear,306.58,0.0,No,market,11,Low,10
Thursday,Clear,293.82,0.0,No,station,8,Medium,6
Saturday,Clouds,303.47,0.07,Yes,office,11,Low,11
Thursday,Haze,293.37,0.0,No,residential,20,Medium,19
Tuesday,Clear,293.82,0.0,No,office,9,Medium,7
Monday,Clouds,304.18,0.01,No,office,9,Medium,7
Friday,Drizzle,296.7,0.34,No,mall,13,Low,11
Thursday,Clear,311.66,0.0,No,office,8,Medium,5
Wednesday,Rain,300.64,1.51,No,station,6,Low,3
Friday,Haze,288.19,0.0,No,mall,13,Low,13
Tuesday,Rain,292.84,0.81,No,office,10,Medium,7
Monday,Clouds,301.65,0.07,No,residential,18,Low,17
Wednesday,Rain,285.45,1.8,No,mall,11,Medium,9
Thursday,Clouds,296.34,0.12,No,office,8,Medium,6
Monday,Clouds,290.1,0.16,No,market,11,Low,10
Saturday,Rain,296.05,1.07,Yes,office,11,Medium,9
Thursday,Clear,304.69,0.0,No,residential,7,Low,7
Friday,Clear,310.9,0.0,No,mall,21,Medium,20
Tuesday,Rain,295.6,0.84,No,office,8,Medium,5
Thursday,Clear,295.07,0.0,Yes,office,8,Medium,5
Wednesday,Clouds,306.71,0.16,No,station,8,Medium,6
Saturday,Clouds,300.82,0.04,No,residential,8,Low,8
Tuesday,Clear,302.61,0.0,No,market,18,Medium,16
Sunday,Clouds,301.86,0.02,No,mall,18,Medium,15
Monday,Clouds,290.19,0.06,No,office,8,Medium,5
Monday,Clouds,302.29,0.06,No,station,7,Medium,5
Thursday,Clouds,302.01,0.08,No,market,11,Low,11
Wednesday,Clouds,304.6,0.03,No,market,12,Low,12
Sunday,Clouds,306.36,0.12,No,office,12,Low,12
Monday,Clouds,304.11,0.01,Yes,mall,19,Medium,17
Tuesday,Drizzle,293.15,0.96,No,residential,20,Medium,18
Monday,Rain,297.85,1.21,No,station,19,High,16
Monday,Clouds,296.36,0.13,Yes,market,10,Medium,9
Wednesday,Clear,305.75,0.0,No,residential,19,Low,19
Tuesday,Clear,307.84,0.0,No,mall,18,Medium,17
Monday,Clear,309.2,0.0,No,office,8,Medium,6
Friday,Clouds,301.6,0.19,No,residential,8,Low,7
Tuesday,Clouds,296.06,0.18,No,office,9,Medium,7
Wednesday,Clouds,292.16,0.1,No,residential,8,Low,7
Tuesday,Clear,309.43,0.0,No,residential,18,Low,18
Wednesday,Drizzle,287.12,0.78,No,mall,13,Low,12
Wednesday,Clouds,305.93,0.2,No,office,8,Medium,6
Wednesday,Rain,286.01,0.85,No,office,9,Medium,6
Sunday,Clear,294.46,0.0,No,residential,7,Low,7
Wednesday,Haze,294.8,0.0,No,office,9,Medium,6
Sunday,Clear,302.93,0.0,No,office,10,Low,10
Wednesday,Clear,294.11,0.0,No,office,8,Medium,6
Thursday,Haze,285.29,0.0,No,market,19,Medium,16
Friday,Haze,293.79,0.0,No,residential,19,Medium,18
Saturday,Clouds,295.83,0.18,No,station,8,Low,8
Thursday,Clouds,306.85,0.0,No,office,10,Medium,8
Monday,Clear,299.28,0.0,No,office,8,Medium,6
Sunday,Clouds,292.08,0.02,No,office,11,Low,11
Thursday,Rain,299.6,1.25,No,market,12,Medium,10
Friday,Clouds,294.55,0.14,No,office,8,Medium,6
Wednesday,Clear,297.07,0.0,No,mall,21,Medium,20
Tuesday,Clouds,303.88,0.03,No,residential,8,Low,7
Friday,Clear,309.73,0.0,No,mall,12,Low,11
Tuesday,Clear,305.19,0.0,No,station,6,Low,4
Wednesday,Clouds,301.22,0.11,No,office,8,Medium,6
Thursday,Rain,297.83,1.07,No,mall,11,Medium,9
Saturday,Clouds,304.1,0.09,No,residential,7,Low,7
Saturday,Rain,300.95,1.29,No,residential,17,Medium,15
Tuesday,Clear,293.3,0.0,No,mall,17,Medium,16
Monday,Clear,304.42,0.0,Yes,office,10,Medium,8
Wednesday,Clear,304.37,0.0,No,residential,7,Low,7
Saturday,Clouds,297.93,0.19,No,mall,11,Low,11
Wednesday,Clear,305.21,0.0,No,residential,8,Low,8
Wednesday,Clear,302.9,0.0,No,office,9,Medium,7
Monday,Clear,306.09,0.0,No,residential,7,Low,6
Thursday,Clear,307.29,0.0,No,office,8,Medium,6
Monday,Clouds,302.21,0.12,No,market,20,Medium,18
Thursday,Clear,299.52,0.0,No,office,8,Medium,5
Monday,Clear,299.53,0.0,No,mall,18,Medium,17
Sunday,Clouds,306.55,0.12,No,station,8,Low,8
Tuesday,Clear,305.18,0.0,No,office,10,Medium,8
Sunday,Haze,287.4,0.0,No,mall,11,Low,11
Sunday,Clouds,306.96,0.13,No,station,7,Low,7
Saturday,Haze,295.55,0.0,No,residential,7,Medium,6
Tuesday,Rain,290.59,1.86,No,market,12,Medium,10
Wednesday,Haze,292.12,0.0,No,market,10,Medium,8
Wednesday,Rain,296.11,1.53,No,mall,12,Medium,9
Tuesday,Rain,289.16,2.05,No,market,11,Medium,9
Thursday,Clear,294.63,0.0,No,market,12,Low,12
Thursday,Rain,299.9,0.53,No,residential,10,Medium,8
Friday,Fog,280.77,0.0,Yes,market,17,High,14
Monday,Clear,310.34,0.0,No,office,8,Medium,5
Wednesday,Fog,280.67,0.0,No,mall,17,Medium,15
Thursday,Clear,311.41,0.0,No,residential,7,Low,6
Thursday,Clear,302.54,0.0,No,market,17,Medium,15
Friday,Clear,293.16,0.0,No,residential,8,Low,7
Wednesday,Drizzle,287.45,0.5,No,mall,18,Medium,15
Tuesday,Drizzle,286.63,1.15,No,mall,13,Medium,11
Wednesday,Clear,299.95,0.0,No,office,10,Medium,8
Tuesday,Clear,311.35,0.0,No,mall,13,Low,13
Sunday,Clear,304.04,0.0,No,residential,9,Low,9
Monday,Clouds,293.32,0.1,No,station,18,Medium,16
Tuesday,Clouds,297.56,0.03,No,station,18,Medium,16
Friday,Clouds,297.35,0.05,No,station,6,Low,5
Friday,Rain,297.65,0.88,No,office,9,Medium,6
Thursday,Haze,286.19,0.0,No,office,10,Medium,8
Wednesday,Clear,309.83,0.0,No,station,18,Medium,16
Sunday,Clear,300.52,0.0,No,residential,10,Low,10
Tuesday,Fog,282.96,0.0,No,office,8,Medium,5
Sunday,Clear,301.69,0.0,No,market,19,Medium,17
Friday,Haze,295.1,0.0,No,office,9,Medium,7
Thursday,Rain,299.29,1.99,No,residential,9,Medium,6
Friday,Clouds,295.02,0.04,No,mall,19,Medium,18
Wednesday,Haze,286.85,0.0,No,mall,17,Medium,16
Friday,Haze,297.38,0.0,No,mall,20,Medium,18
Thursday,Clear,303.15,0.0,No,residential,7,Low,6
Monday,Haze,291.58,0.0,No,market,12,Low,11
Wednesday,Clouds,293.72,0.13,Yes,station,8,Medium,5
Wednesday,Clouds,303.25,0.02,No,residential,9,Low,9
Monday,Rain,286.53,1.7,No,residential,7,Medium,5
Friday,Clouds,306.75,0.17,No,mall,19,Medium,18
Tuesday,Clear,297.31,0.0,No,office,9,Medium,7
Monday,Clear,300.96,0.0,No,office,10,Medium,8
Tuesday,Clear,308.0,0.0,No,office,8,Medium,5
Friday,Rain,286.3,1.36,No,office,9,High,6
Monday,Haze,287.43,0.0,No,market,18,Medium,15
Tuesday,Fog,284.95,0.0,No,residential,17,Medium,15
Tuesday,Drizzle,294.64,0.58,No,office,9,Medium,6
Sunday,Clear,307.06,0.0,No,residential,20,Low,19
Monday,Drizzle,297.44,0.91,No,mall,20,Medium,18
Wednesday,Clouds,291.85,0.06,No,office,9,Medium,7
Monday,Haze,286.34,0.0,No,office,9,Medium,6
Thursday,Clear,308.35,0.0,No,market,20,Medium,18
Friday,Clear,304.31,0.0,No,market,10,Low,10
Tuesday,Rain,294.28,1.03,No,office,10,High,7
Wednesday,Rain,292.24,0.63,No,mall,12,Low,11
Tuesday,Clear,310.39,0.0,No,market,11,Low,10
Thursday,Clear,310.48,0.0,No,residential,20,Low,20
Tuesday,Fog,291.32,0.0,No,mall,18,Medium,16
Thursday,Clear,303.47,0.0,No,mall,13,Low,13
Thursday,Clear,299.6,0.0,No,office,9,Medium,7
Tuesday,Clear,301.33,0.0,No,market,17,Medium,15
Sunday,Clear,306.88,0.0,No,office,12,Low,12
Monday,Clear,305.73,0.0,No,residential,9,Low,9
Thursday,Clear,311.23,0.0,No,station,8,Medium,6
Wednesday,Clouds,300.91,0.04,No,market,12,Low,12
Friday,Clouds,292.15,0.1,No,office,9,Medium,6
Wednesday,Haze,300.47,0.0,No,market,18,Medium,15
Tuesday,Thunderstorm,288.55,2.61,No,office,8,High,5
Wednesday,Rain,285.89,1.37,No,office,8,High,5
Wednesday,Clear,300.86,0.0,No,mall,12,Low,11
Wednesday,Clouds,305.02,0.17,No,market,12,Low,12
Friday,Clouds,301.82,0.05,No,market,18,Medium,15
Friday,Rain,298.1,1.09,No,office,9,High,6
Wednesday,Clear,300.22,0.0,No,office,8,Medium,6
Wednesday,Clouds,290.22,0.05,No,station,8,Medium,5
Wednesday,Clear,305.51,0.0,No,station,19,Medium,17
Saturday,Haze,292.84,0.0,No,station,18,Medium,17
Monday,Haze,287.83,0.0,No,office,8,Medium,6
Wednesday,Clouds,302.08,0.06,No,market,10,Low,10
Sunday,Fog,283.66,0.0,No,office,12,Low,11
Saturday,Fog,284.13,0.0,Yes,office,12,Low,10
Wednesday,Clear,309.5,0.0,No,residential,7,Low,7
Monday,Haze,296.02,0.0,No,mall,18,Medium,17
Tuesday,Clouds,299.66,0.14,No,residential,8,Low,7
Monday,Fog,281.6,0.0,No,station,7,Medium,4
Friday,Haze,292.37,0.0,No,market,11,Low,11
Tuesday,Fog,289.33,0.0,No,residential,10,Medium,7
Friday,Clouds,297.04,0.17,No,office,8,Medium,6
Tuesday,Clear,302.8,0.0,No,office,9,Medium,7
Friday,Clear,309.69,0.0,No,residential,9,Low,9
Sunday,Clear,306.99,0.0,No,mall,18,Medium,16
Monday,Clear,298.22,0.0,No,market,12,Low,12
Wednesday,Clouds,296.42,0.12,Yes,mall,19,Medium,17
Thursday,Clear,302.51,0.0,No,market,10,Low,10
Tuesday,Clouds,293.16,0.0,No,mall,13,Low,12
Thursday,Clouds,294.14,0.14,No,residential,19,Low,18
Friday,Fog,291.61,0.0,No,office,8,Medium,5
Wednesday,Clouds,290.49,0.1,No,office,10,Medium,8
Sunday,Clear,299.66,0.0,No,residential,9,Low,9
Tuesday,Clouds,296.73,0.09,No,market,20,Medium,18
Saturday,Clear,310.16,0.0,No,office,10,Low,10
Monday,Clear,296.19,0.0,No,residential,18,Low,17
Friday,Clouds,297.88,0.05,No,station,19,Medium,16
Monday,Clouds,295.56,0.06,No,market,11,Low,10
Thursday,Clouds,302.59,0.12,No,residential,18,Low,18
Friday,Clouds,290.03,0.12,No,mall,19,Medium,18
Friday,Clear,299.04,0.0,No,office,8,Medium,5
Friday,Clear,306.51,0.0,No,mall,18,Medium,17
Sunday,Clouds,298.79,0.02,No,mall,13,Medium,12
Friday,Rain,285.21,1.04,No,office,9,High,6
Friday,Clouds,290.93,0.08,No,office,9,Medium,7
Thursday,Clouds,303.28,0.14,No,market,17,Medium,15
Monday,Clouds,296.52,0.13,No,office,9,Medium,7
Sunday,Clear,309.26,0.0,No,market,12,Medium,10
Wednesday,Clear,302.79,0.0,No,mall,11,Low,11
Tuesday,Fog,279.33,0.0,No,mall,18,Medium,16
Wednesday,Clear,293.71,0.0,No,office,9,Medium,7
Thursday,Clear,294.89,0.0,No,mall,13,Low,12
Wednesday,Haze,288.91,0.0,No,office,9,Medium,6
Monday,Clear,312.54,0.0,No,mall,11,Low,11
Wednesday,Clear,305.73,0.0,No,station,6,Low,4
Monday,Fog,289.4,0.0,No,station,8,Medium,5
Sunday,Clear,299.06,0.0,No,market,18,Medium,16
Friday,Clouds,302.93,0.09,No,office,10,Medium,8
Tuesday,Rain,296.53,0.96,No,residential,19,Medium,17
Friday,Clear,304.98,0.0,No,residential,17,Low,17
Monday,Clear,305.23,0.0,No,office,9,Medium,6
Thursday,Clouds,298.09,0.11,No,residential,18,Low,18
Wednesday,Rain,293.48,1.4,No,mall,21,Medium,18
Tuesday,Drizzle,295.47,0.76,No,office,10,Medium,7
Friday,Clear,299.31,0.0,No,residential,17,Low,17
Monday,Clouds,297.06,0.15,No,residential,18,Low,18
Thursday,Clouds,299.14,0.08,No,mall,17,Medium,16
Monday,Clouds,293.04,0.03,No,office,8,Medium,5
Thursday,Clouds,300.19,0.06,No,mall,17,Medium,16
Friday,Clouds,299.05,0.05,No,residential,18,Low,17
Tuesday,Rain,288.02,0.99,No,station,7,Medium,4
Friday,Clouds,301.1,0.19,No,residential,8,Low,8
Thursday,Clouds,291.37,0.11,No,office,10,Medium,8
Wednesday,Haze,295.95,0.0,No,office,10,Medium,8
Friday,Clouds,298.69,0.04,No,station,19,Medium,16
Wednesday,Clouds,302.12,0.04,No,market,11,Low,11
Saturday,Clouds,301.62,0.09,No,office,11,Low,11
Sunday,Rain,299.24,1.98,No,mall,12,Medium,10
Wednesday,Fog,288.55,0.0,No,station,6,Low,3
Saturday,Drizzle,299.25,0.74,No,office,11,Low,10
Wednesday,Clear,300.97,0.0,No,market,10,Low,10
Wednesday,Haze,292.04,0.0,No,market,18,Medium,16
Monday,Fog,280.56,0.0,No,office,10,Medium,7
Friday,Rain,288.57,0.67,No,office,8,Medium,5
Wednesday,Clear,298.2,0.0,No,market,20,Medium,17
Wednesday,Clouds,300.11,0.15,No,mall,18,Medium,17
Monday,Clouds,294.95,0.19,No,station,18,Medium,16
Wednesday,Clear,309.1,0.0,No,mall,18,Medium,17
Saturday,Clear,297.23,0.0,No,office,10,Low,10
Tuesday,Rain,293.79,1.31,No,market,19,Medium,16
Friday,Clouds,296.43,0.19,No,residential,18,Low,17
Tuesday,Haze,286.04,0.0,No,station,6,Low,5
Tuesday,Haze,290.7,0.0,No,office,8,Medium,6
Saturday,Fog,291.57,0.0,No,market,20,Medium,17
Friday,Drizzle,293.61,0.47,No,mall,12,Low,11
Sunday,Clouds,294.16,0.16,No,office,12,Low,12
Tuesday,Clear,305.18,0.0,No,market,11,Low,11
Friday,Rain,287.25,1.01,No,market,10,Medium,8
Thursday,Clear,310.63,0.0,Yes,residential,20,Low,20
Tuesday,Clouds,291.7,0.12,No,office,8,Medium,6
Thursday,Fog,285.2,0.0,No,residential,8,Medium,5
Sunday,Haze,292.88,0.0,No,office,11,Low,10
Thursday,Clear,303.64,0.0,No,station,8,Medium,6
Thursday,Clouds,295.43,0.19,No,office,8,Medium,6
Tuesday,Clear,311.51,0.0,No,market,19,Medium,17
Tuesday,Clear,303.04,0.0,No,office,8,Medium,5
Monday,Clear,306.44,0.0,No,office,10,Medium,8
Friday,Clear,306.25,0.0,No,market,20,Medium,17
Friday,Fog,282.2,0.0,No,market,20,Medium,17
Wednesday,Rain,290.36,1.02,No,office,9,High,6
Monday,Drizzle,291.3,1.01,No,station,6,Low,4
Monday,Haze,289.09,0.0,No,market,11,Low,11
Wednesday,Clouds,302.56,0.16,No,market,12,Low,11
Saturday,Clear,307.46,0.0,No,office,10,Low,9
Sunday,Clouds,306.32,0.14,No,station,19,Low,18
Monday,Clear,300.39,0.0,No,office,9,Medium,7
Wednesday,Clear,308.5,0.0,No,station,6,Low,5
Saturday,Clouds,297.45,0.07,No,residential,10,Low,10
Thursday,Clear,308.44,0.0,No,market,19,Medium,17
Sunday,Fog,282.01,0.0,No,mall,21,Medium,18
Wednesday,Clear,307.95,0.0,Yes,mall,18,Medium,16
Friday,Rain,299.14,0.6,No,mall,21,Medium,19
Monday,Drizzle,299.1,0.53,No,mall,11,Low,10
Thursday,Clouds,306.56,0.16,No,residential,8,Low,8
Thursday,Fog,289.74,0.0,No,mall,17,Medium,15
Wednesday,Clear,299.61,0.0,No,station,19,Medium,17
Wednesday,Rain,292.35,0.54,No,market,19,Medium,16
Thursday,Clear,301.54,0.0,No,mall,11,Low,11
Thursday,Clouds,301.31,0.15,No,market,18,Medium,16
Saturday,Clear,308.46,0.0,No,market,18,Medium,16
Monday,Fog,286.56,0.0,No,residential,7,Medium,5
Saturday,Clear,299.06,0.0,No,station,19,Low,19
Tuesday,Clear,310.55,0.0,No,station,8,Medium,6
Saturday,Rain,299.52,0.85,Yes,mall,21,High,18
Wednesday,Haze,286.99,0.0,No,office,9,Medium,7
Tuesday,Fog,284.02,0.0,No,office,9,Medium,6
Tuesday,Clouds,294.34,0.02,No,station,18,Medium,16
Wednesday,Clouds,306.08,0.17,No,mall,12,Low,12
Tuesday,Haze,291.23,0.0,No,market,19,Medium,17
Friday,Clear,297.98,0.0,No,station,6,Low,5
Thursday,Fog,279.86,0.0,No,office,9,Medium,6
Wednesday,Clouds,292.97,0.1,No,mall,13,Low,13
Wednesday,Clear,297.08,0.0,No,station,7,Medium,5
Sunday,Clear,293.52,0.0,Yes,office,11,Low,10
Monday,Clear,300.54,0.0,No,market,17,Medium,15
Monday,Clear,312.76,0.0,No,office,8,Medium,5
Wednesday,Clear,305.07,0.0,No,mall,21,Medium,20
Wednesday,Clear,306.13,0.0,No,station,8,Medium,6
Wednesday,Clouds,292.14,0.1,No,market,20,Medium,18
Tuesday,Fog,282.95,0.0,No,office,8,Medium,5
Tuesday,Clear,312.48,0.0,No,office,9,Medium,7
Friday,Clouds,292.47,0.15,No,office,9,Medium,6
Thursday,Clear,305.69,0.0,No,market,11,Low,11
Tuesday,Clouds,295.85,0.13,No,mall,21,Medium,19
Wednesday,Clear,301.8,0.0,No,office,10,Medium,8
Wednesday,Clouds,304.82,0.15,No,station,8,Medium,6
Friday,Clear,300.31,0.0,No,mall,18,Medium,17
Monday,Clear,307.25,0.0,No,station,6,Low,5
Tuesday,Drizzle,300.58,0.38,No,mall,12,Low,11
Monday,Clear,307.89,0.0,No,residential,7,Low,7
Thursday,Rain,291.17,0.89,No,residential,7,Medium,5
Wednesday,Haze,298.74,0.0,No,office,8,Medium,6
Thursday,Rain,289.73,2.13,No,station,17,High,14
Wednesday,Rain,292.96,0.73,No,residential,19,Medium,17
Monday,Clear,311.46,0.0,No,market,19,Medium,17
Monday,Clouds,292.72,0.19,No,mall,13,Low,13
Wednesday,Clouds,293.29,0.17,No,office,9,Medium,7
Monday,Clear,295.85,0.0,No,mall,13,Low,13
Monday,Clouds,303.12,0.12,No,office,9,Medium,6
Tuesday,Clouds,291.2,0.2,No,office,10,Medium,8
Saturday,Clouds,305.15,0.02,No,station,6,Low,6
Saturday,Fog,282.14,0.0,Yes,residential,20,Medium,18
Tuesday,Rain,301.38,1.22,No,market,17,Medium,14
Saturday,Haze,290.26,0.0,No,market,12,Medium,11
Sunday,Fog,285.8,0.0,No,office,10,Medium,8
Thursday,Thunderstorm,301.05,1.98,No,residential,8,Medium,5
Thursday,Clouds,300.23,0.12,No,market,19,Medium,17
Thursday,Clouds,301.43,0.18,No,office,8,Medium,5
Friday,Rain,294.75,1.39,No,office,9,High,6
Friday,Clear,305.61,0.0,No,office,10,Medium,8
Sunday,Clouds,305.15,0.07,No,market,19,Medium,17
Sunday,Fog,283.54,0.0,No,office,11,Low,10
Friday,Fog,286.66,0.0,No,office,10,Medium,7
Friday,Rain,299.56,1.07,No,market,11,Medium,9
Tuesday,Haze,290.01,0.0,No,office,8,Medium,6
Friday,Clouds,303.7,0.18,No,office,9,Medium,7
Wednesday,Clear,303.12,0.0,No,office,10,Medium,8
Friday,Haze,286.21,0.0,No,residential,19,Medium,17
Saturday,Clouds,296.74,0.18,Yes,office,11,Low,11
Thursday,Thunderstorm,294.52,1.08,No,station,8,High,5
Monday,Clear,297.52,0.0,No,office,8,Medium,6
Monday,Rain,293.22,1.25,No,office,8,High,5
Wednesday,Clouds,299.78,0.18,No,market,18,Medium,16
Friday,Clouds,296.2,0.19,No,station,8,Medium,6
Monday,Rain,301.77,0.92,No,residential,18,Medium,16
Monday,Haze,293.57,0.0,No,station,18,Medium,16
Friday,Drizzle,298.32,0.42,No,market,19,Medium,16
Wednesday,Clear,312.92,0.0,Yes,mall,20,Medium,17
Thursday,Clouds,302.01,0.01,No,office,9,Medium,7
Thursday,Clear,304.95,0.0,No,station,19,Medium,17
Sunday,Clear,306.94,0.0,No,office,11,Low,11
Thursday,Clear,303.79,0.0,No,market,17,Medium,15
Saturday,Fog,284.02,0.0,Yes,station,6,Low,5
Thursday,Fog,282.48,0.0,No,residential,9,Medium,7
Saturday,Fog,283.65,0.0,Yes,office,11,Low,9
Thursday,Rain,291.48,1.31,No,station,17,High,14
Monday,Rain,293.49,0.81,No,mall,20,Medium,18
Wednesday,Clear,308.04,0.0,No,residential,8,Low,8
Saturday,Clear,300.46,0.0,No,office,12,Low,12
Monday,Rain,294.66,1.14,No,mall,11,Medium,9
Tuesday,Clouds,306.59,0.02,No,residential,9,Low,9
Thursday,Haze,299.07,0.0,No,residential,20,Medium,19
Saturday,Drizzle,299.32,0.99,No,mall,11,Low,10
Sunday,Clear,303.37,0.0,No,office,12,Low,11
Tuesday,Rain,300.94,2.08,No,office,10,High,7
Friday,Clouds,295.75,0.07,No,station,19,Medium,16
Tuesday,Clear,312.65,0.0,No,mall,19,Medium,18
Saturday,Clear,303.55,0.0,No,office,12,Low,11
Friday,Clear,301.96,0.0,No,residential,17,Low,16
Wednesday,Clear,295.09,0.0,No,mall,21,Medium,19
Tuesday,Fog,288.78,0.0,No,station,8,Medium,5
Tuesday,Fog,287.0,0.0,No,office,10,Medium,7
Friday,Drizzle,291.77,0.55,No,residential,7,Medium,4
Friday,Clouds,301.58,0.01,No,residential,9,Low,8
Sunday,Clear,307.28,0.0,No,station,19,Low,19
Monday,Rain,285.08,0.91,No,mall,12,Low,11
Sunday,Clouds,304.24,0.01,No,station,7,Low,7
Thursday,Haze,296.36,0.0,No,office,9,Medium,7
Tuesday,Rain,291.96,0.52,No,market,19,Medium,16
Tuesday,Clear,293.21,0.0,No,station,17,Medium,15
Friday,Clear,295.29,0.0,No,mall,17,Medium,15
Monday,Drizzle,289.85,0.88,No,residential,9,Medium,6
Tuesday,Clear,308.22,0.0,No,office,10,Medium,8
Sunday,Clear,303.36,0.0,Yes,residential,20,Low,19
Monday,Clear,308.25,0.0,No,office,9,Medium,7
Wednesday,Clouds,303.08,0.13,No,mall,13,Low,13
Friday,Clouds,306.13,0.07,No,market,10,Low,10
Wednesday,Clouds,292.6,0.06,No,office,8,Medium,6
Thursday,Clear,301.81,0.0,No,mall,21,Medium,20
Thursday,Clear,306.7,0.0,No,office,9,Medium,7
Thursday,Clouds,292.44,0.02,No,office,9,Medium,6
Monday,Fog,280.67,0.0,No,office,9,Medium,6
Thursday,Drizzle,295.67,0.48,No,office,9,Medium,6
Sunday,Haze,290.52,0.0,No,office,11,Low,10
Wednesday,Clouds,296.12,0.03,No,station,17,Medium,15
Sunday,Rain,291.26,0.54,No,mall,18,Medium,15
Monday,Thunderstorm,289.13,2.25,No,mall,17,Medium,14
Wednesday,Clouds,296.6,0.07,No,mall,21,Medium,19
Monday,Clear,296.82,0.0,No,residential,10,Low,10
Sunday,Clouds,295.22,0.08,No,residential,19,Low,18
Tuesday,Rain,292.01,0.84,No,market,20,Medium,17
Friday,Clear,301.86,0.0,No,station,17,Medium,14
Thursday,Fog,287.98,0.0,No,office,10,Medium,7
Monday,Rain,287.22,2.08,No,office,8,High,5
Friday,Clear,311.4,0.0,No,market,10,Low,10
Saturday,Clear,296.01,0.0,No,office,11,Low,11
Wednesday,Rain,292.59,1.08,No,station,18,High,15
Monday,Clear,295.37,0.0,No,residential,9,Low,8
Monday,Haze,289.5,0.0,No,residential,20,Medium,19
Sunday,Rain,286.65,0.57,No,residential,9,Medium,6
Wednesday,Clouds,306.79,0.07,No,office,8,Medium,6
Wednesday,Drizzle,294.5,1.09,No,office,9,High,6
Monday,Haze,299.67,0.0,No,office,9,Medium,7
Sunday,Clouds,306.72,0.1,No,mall,12,Medium,10
Sunday,Clear,298.6,0.0,No,mall,18,Medium,16
Thursday,Haze,296.21,0.0,No,station,6,Low,4
Wednesday,Haze,290.33,0.0,Yes,office,9,Medium,7
Friday,Clear,302.4,0.0,No,office,9,Medium,7
Friday,Clouds,295.82,0.19,No,mall,20,Medium,19
Thursday,Rain,286.44,1.63,No,office,9,High,6
Monday,Clear,296.54,0.0,No,office,8,Medium,6
Friday,Fog,289.31,0.0,No,market,10,Medium,8
Monday,Haze,290.29,0.0,No,residential,20,Medium,19
Monday,Clear,307.37,0.0,No,office,8,Medium,5
Friday,Fog,284.42,0.0,No,office,8,Medium,5
Wednesday,Haze,287.98,0.0,No,office,9,Medium,7
Wednesday,Clear,296.95,0.0,No,mall,12,Low,12
Friday,Clear,309.97,0.0,No,market,10,Low,10
Tuesday,Haze,293.11,0.0,No,residential,17,Medium,15
Tuesday,Clouds,301.13,0.19,No,mall,17,Medium,16
Monday,Rain,286.03,1.78,No,office,9,High,6
Monday,Clear,308.43,0.0,No,market,10,Low,10
Thursday,Clouds,302.62,0.1,No,market,12,Low,11
Tuesday,Clear,296.41,0.0,No,station,7,Medium,4
Wednesday,Clouds,305.28,0.09,No,mall,20,Medium,18
Wednesday,Fog,284.34,0.0,No,office,8,Medium,5
Wednesday,Clear,311.92,0.0,No,office,8,Medium,6
Wednesday,Clear,302.95,0.0,No,office,9,Medium,7
Tuesday,Clouds,306.1,0.03,No,mall,21,Medium,20
Wednesday,Haze,294.73,0.0,No,office,9,Medium,6
Saturday,Drizzle,295.47,0.54,No,mall,11,Low,9
Thursday,Clouds,296.35,0.14,No,residential,17,Low,16
Monday,Clear,311.89,0.0,No,mall,20,Medium,19
Thursday,Fog,286.77,0.0,No,station,17,Medium,14
Friday,Fog,287.01,0.0,No,station,8,Medium,5
Saturday,Clouds,290.33,0.1,Yes,office,12,Low,12
Thursday,Clouds,305.31,0.19,No,office,9,Medium,7
Wednesday,Fog,288.97,0.0,No,market,20,Medium,17
Wednesday,Clear,309.5,0.0,No,office,8,Medium,6
Friday,Thunderstorm,297.28,2.07,No,station,17,High,14
Sunday,Clear,294.21,0.0,No,residential,8,Low,8
Tuesday,Clear,297.08,0.0,No,mall,11,Low,11
Friday,Clouds,303.19,0.2,No,market,10,Low,9
Thursday,Clear,298.47,0.0,No,residential,18,Low,17
Tuesday,Drizzle,287.86,1.07,No,residential,18,Medium,16
Monday,Clouds,300.69,0.13,No,market,17,Medium,15
Thursday,Clear,304.31,0.0,No,market,19,Medium,17
Friday,Clear,294.36,0.0,No,market,17,Medium,15
Sunday,Drizzle,291.07,0.61,No,office,11,Low,9
Wednesday,Haze,291.34,0.0,No,office,9,Medium,7
Saturday,Fog,291.16,0.0,No,mall,12,Medium,10
Friday,Haze,296.16,0.0,No,residential,7,Medium,6
Tuesday,Drizzle,288.07,0.52,No,office,8,Medium,5
Monday,Clear,307.29,0.0,No,market,17,Medium,15
Monday,Clear,302.83,0.0,No,residential,10,Low,10
Thursday,Clouds,292.59,0.0,No,mall,13,Low,13
Tuesday,Clear,297.03,0.0,No,mall,20,Medium,19
Tuesday,Clear,298.71,0.0,Yes,station,17,Medium,14
Tuesday,Rain,297.63,1.99,No,office,9,High,6
Saturday,Clouds,290.92,0.13,No,residential,17,Low,17
Tuesday,Clear,296.62,0.0,No,office,8,Medium,5
Sunday,Clouds,296.64,0.15,No,mall,19,Medium,16
Thursday,Clear,295.15,0.0,Yes,office,8,Medium,6
Thursday,Drizzle,290.55,0.58,No,market,12,Low,11
Monday,Drizzle,297.13,0.57,No,mall,17,Medium,15
Tuesday,Clear,298.25,0.0,No,office,8,Medium,6
Monday,Rain,300.84,0.8,No,residential,7,Medium,5
Wednesday,Clouds,294.59,0.14,No,station,19,Medium,17
Tuesday,Clear,302.95,0.0,No,mall,20,Medium,18
Tuesday,Haze,300.35,0.0,No,office,8,Medium,6
Friday,Clear,298.44,0.0,No,office,9,Medium,7
Friday,Clear,304.26,0.0,No,market,19,Medium,16
Friday,Clear,300.28,0.0,No,market,19,Medium,16
Saturday,Haze,290.94,0.0,No,residential,18,Medium,17
Wednesday,Clear,301.04,0.0,No,residential,19,Low,19
Friday,Haze,291.53,0.0,No,office,9,Medium,7
Thursday,Rain,295.97,1.27,No,station,8,High,5
Saturday,Haze,293.64,0.0,No,mall,13,Medium,12
Saturday,Rain,291.74,1.9,No,residential,10,Medium,8
Thursday,Drizzle,295.97,0.36,No,residential,17,Medium,15
Thursday,Clouds,296.71,0.13,No,mall,19,Medium,18
Friday,Clear,305.88,0.0,No,residential,8,Low,8
Friday,Rain,293.42,2.06,No,station,18,High,15
Tuesday,Clouds,291.64,0.16,Yes,mall,17,Medium,15
Tuesday,Clear,302.05,0.0,No,office,8,Medium,6
Friday,Clear,300.75,0.0,No,office,10,Medium,7
Thursday,Haze,285.67,0.0,No,station,19,Medium,17
Thursday,Haze,298.78,0.0,No,mall,18,Medium,17
Wednesday,Drizzle,296.27,1.19,No,residential,18,Medium,15
Friday,Clouds,291.41,0.14,No,office,9,Medium,7
Wednesday,Haze,292.51,0.0,No,market,11,Low,10
Tuesday,Haze,294.49,0.0,No,mall,11,Low,11
Sunday,Clouds,301.85,0.08,No,mall,13,Medium,12
Tuesday,Clouds,305.34,0.06,No,office,10,Medium,8
Thursday,Drizzle,287.15,0.68,No,mall,13,Low,11
Friday,Fog,279.61,0.0,No,market,11,Low,10
Saturday,Clear,301.89,0.0,No,residential,20,Low,20
Monday,Clouds,297.45,0.07,No,office,10,Medium,8
Friday,Haze,286.7,0.0,No,station,8,Medium,6
Wednesday,Clear,298.26,0.0,No,market,10,Low,10
Wednesday,Rain,299.88,0.71,No,mall,17,Medium,15
Friday,Clouds,298.12,0.19,No,mall,19,Medium,17
Monday,Clear,295.66,0.0,No,office,8,Medium,6
Wednesday,Clear,306.32,0.0,No,mall,11,Low,11
Tuesday,Rain,299.63,1.86,No,market,12,Medium,9
Wednesday,Clouds,300.77,0.11,No,office,8,Medium,6
Friday,Rain,286.16,1.37,No,market,11,Medium,9
Tuesday,Haze,300.0,0.0,No,market,20,Medium,17
Monday,Fog,279.39,0.0,No,mall,19,Medium,17
Wednesday,Fog,280.78,0.0,No,residential,10,Medium,7
Friday,Clear,303.43,0.0,No,market,11,Low,11
Wednesday,Clouds,301.98,0.16,No,office,8,Medium,6
Wednesday,Haze,300.79,0.0,No,mall,21,Medium,20
Sunday,Clouds,296.56,0.17,No,market,17,Medium,15
Wednesday,Drizzle,293.99,0.82,No,office,9,Medium,6
Sunday,Clouds,295.32,0.18,No,market,18,Medium,16
Wednesday,Clouds,297.0,0.05,No,office,9,Medium,7
Friday,Rain,296.7,0.82,No,station,7,Medium,4
Tuesday,Clear,307.45,0.0,No,mall,13,Low,13
Tuesday,Clear,310.75,0.0,No,market,20,Medium,18
Tuesday,Drizzle,292.89,0.54,No,mall,18,Medium,16
Tuesday,Thunderstorm,287.06,1.38,No,station,18,High,15
Wednesday,Rain,293.69,1.21,No,station,18,High,15
Thursday,Clouds,296.58,0.02,No,mall,12,Low,12
Friday,Rain,289.72,1.43,No,station,6,Low,4
Sunday,Clear,306.21,0.0,Yes,residential,10,Low,10
Wednesday,Clear,297.81,0.0,No,residential,17,Low,17
Sunday,Clear,304.07,0.0,No,mall,17,Medium,15
Tuesday,Clear,305.33,0.0,No,station,17,Medium,15
Thursday,Rain,287.12,0.92,No,residential,17,Medium,15
Wednesday,Rain,289.75,0.51,No,office,8,Medium,5
Thursday,Clouds,293.95,0.17,No,residential,19,Low,18
Wednesday,Rain,297.76,0.54,No,market,17,Medium,14
Saturday,Clear,302.98,0.0,No,mall,19,Medium,16
Thursday,Haze,296.18,0.0,No,mall,12,Low,11
Tuesday,Clear,307.3,0.0,No,office,9,Medium,6
Thursday,Haze,294.01,0.0,No,mall,11,Low,11
Wednesday,Clouds,296.11,0.0,No,market,17,Medium,14
Sunday,Clouds,294.58,0.18,No,office,11,Low,11
Tuesday,Clouds,299.03,0.04,Yes,market,19,Medium,16
Wednesday,Haze,287.54,0.0,No,market,10,Medium,9
Tuesday,Clouds,294.98,0.17,No,residential,17,Low,17
Tuesday,Clear,310.44,0.0,No,office,10,Medium,8
Tuesday,Rain,289.02,1.87,No,mall,20,Medium,18
Monday,Clouds,303.24,0.11,No,office,8,Medium,6
Monday,Fog,283.56,0.0,No,station,7,Medium,4
Thursday,Rain,291.69,0.78,No,office,10,Medium,7
Tuesday,Clouds,294.75,0.05,No,residential,18,Low,18
Friday,Fog,279.94,0.0,No,office,10,Medium,7
Tuesday,Haze,291.32,0.0,No,residential,20,Medium,18
Saturday,Fog,287.08,0.0,No,mall,19,Medium,16
Friday,Clear,310.16,0.0,No,residential,19,Low,19
Tuesday,Rain,286.96,2.04,No,residential,18,Medium,16
Wednesday,Fog,282.02,0.0,No,office,8,Medium,5
Wednesday,Haze,289.83,0.0,No,residential,9,Medium,8
Sunday,Clouds,297.93,0.09,No,station,8,Low,7
Monday,Drizzle,299.46,1.12,No,station,7,High,4
Wednesday,Rain,286.33,1.0,No,station,19,High,16
Monday,Clear,299.63,0.0,No,station,17,Medium,15
Monday,Clear,293.49,0.0,No,office,10,Medium,8
Monday,Clouds,295.55,0.07,No,mall,21,Medium,20
Saturday,Fog,279.51,0.0,No,market,17,Medium,14
Sunday,Clear,307.29,0.0,No,office,11,Low,11
Monday,Clear,300.68,0.0,No,market,11,Low,11
Monday,Clear,304.39,0.0,No,office,8,Medium,6
Wednesday,Clear,294.32,0.0,No,residential,10,Low,10
Friday,Clouds,306.68,0.18,No,market,11,Low,11
Friday,Haze,300.67,0.0,No,market,12,Low,12
Thursday,Haze,290.22,0.0,No,residential,18,Medium,17
Saturday,Clear,293.44,0.0,No,market,11,Low,11
Sunday,Thunderstorm,287.87,2.18,No,office,12,Medium,10
Monday,Rain,288.72,2.13,No,office,8,High,5
Sunday,Clouds,296.8,0.11,No,residential,18,Low,18
Tuesday,Fog,291.97,0.0,Yes,mall,12,Medium,9
Saturday,Drizzle,291.01,0.57,No,office,11,Low,9
Saturday,Clouds,296.89,0.17,No,mall,20,Medium,18
Wednesday,Rain,286.71,0.64,No,residential,19,Medium,17
Thursday,Drizzle,297.9,0.9,No,mall,12,Low,11
Monday,Clear,309.87,0.0,No,office,8,Medium,6
Friday,Rain,290.61,0.57,No,office,8,Medium,5
Thursday,Fog,291.56,0.0,No,market,11,Low,9
Monday,Rain,289.84,0.61,No,residential,8,Medium,6
Monday,Clear,305.13,0.0,No,market,18,Medium,16
Wednesday,Haze,297.96,0.0,No,mall,13,Low,13
Tuesday,Clouds,305.82,0.16,No,market,17,Medium,15
Tuesday,Clear,294.17,0.0,No,mall,13,Low,13
Monday,Fog,282.95,0.0,No,mall,13,Low,12
Thursday,Clouds,305.81,0.13,No,market,17,Medium,15
Sunday,Haze,290.83,0.0,No,office,11,Low,11
Monday,Clouds,303.81,0.09,No,office,9,Medium,7
Wednesday,Drizzle,292.34,0.51,No,market,19,Medium,16
Monday,Clouds,298.28,0.2,No,market,12,Low,12
Tuesday,Rain,297.25,1.21,No,residential,17,Medium,15
Friday,Clear,295.09,0.0,No,market,12,Low,12
Tuesday,Clouds,305.12,0.2,No,mall,18,Medium,17
Wednesday,Clouds,302.22,0.11,No,station,6,Low,4
Monday,Clouds,306.41,0.01,No,mall,20,Medium,18
Sunday,Clouds,305.69,0.17,No,station,18,Low,18
Tuesday,Rain,296.36,1.49,No,residential,7,Medium,5
Thursday,Clear,293.05,0.0,Yes,office,9,Medium,7
Saturday,Drizzle,286.25,1.07,No,office,12,Medium,10
Friday,Thunderstorm,290.63,2.32,No,residential,20,Medium,18
Saturday,Clouds,295.59,0.11,No,station,17,Low,16
Monday,Clear,295.6,0.0,No,residential,20,Low,20
Tuesday,Clouds,305.4,0.04,No,office,9,Medium,7
Friday,Haze,295.22,0.0,No,office,10,Medium,8
Saturday,Drizzle,286.99,0.97,No,market,10,Medium,8
Sunday,Clear,303.01,0.0,No,office,11,Low,10
Thursday,Fog,283.99,0.0,No,mall,18,Medium,16
Wednesday,Fog,291.75,0.0,No,office,9,Medium,6
Sunday,Clear,309.3,0.0,No,office,11,Low,10
Sunday,Clear,310.07,0.0,No,market,12,Medium,10
Monday,Clear,296.8,0.0,No,mall,20,Medium,19
Sunday,Haze,299.61,0.0,No,market,20,Medium,17
Wednesday,Rain,285.62,0.82,No,residential,10,Medium,8
Sunday,Clear,307.99,0.0,Yes,station,19,Medium,18
Saturday,Haze,293.98,0.0,Yes,office,10,Medium,9
Wednesday,Clear,309.22,0.0,No,residential,18,Low,18
Tuesday,Clear,310.17,0.0,Yes,residential,19,Low,19
Friday,Clear,300.59,0.0,No,station,19,Medium,17
Saturday,Clouds,298.47,0.15,No,station,18,Low,18
Sunday,Rain,300.83,1.52,No,mall,12,Medium,10
Monday,Clear,295.47,0.0,No,station,8,Medium,6
Tuesday,Fog,291.78,0.0,No,office,10,Medium,7
Sunday,Rain,297.79,0.57,No,residential,8,Medium,5
Monday,Clear,294.89,0.0,No,mall,11,Low,11
Monday,Rain,291.9,0.68,No,mall,21,Medium,19
Monday,Haze,286.66,0.0,No,office,10,Medium,7
Tuesday,Fog,290.51,0.0,No,market,11,Low,10
Sunday,Rain,294.8,1.74,No,office,12,Medium,9
Thursday,Haze,291.22,0.0,No,office,8,Medium,6
Wednesday,Rain,289.89,0.92,No,mall,20,Medium,18
Friday,Clouds,306.62,0.08,No,office,10,Medium,8
Friday,Drizzle,289.73,0.91,No,residential,8,Medium,6
Friday,Clouds,306.41,0.06,No,market,19,Medium,17
Friday,Haze,291.61,0.0,No,market,20,Medium,17
Monday,Clear,300.38,0.0,No,market,20,Medium,17
Friday,Haze,298.72,0.0,No,residential,20,Medium,18
Wednesday,Drizzle,289.64,0.69,No,market,20,Medium,17
Tuesday,Clear,310.78,0.0,Yes,mall,13,Medium,11
Thursday,Rain,287.39,0.97,No,office,8,Medium,5
Wednesday,Clouds,295.91,0.13,No,market,10,Low,10
Saturday,Clear,297.41,0.0,No,station,8,Low,8
Friday,Clear,311.97,0.0,No,residential,19,Low,19
Monday,Clear,294.98,0.0,No,market,18,Medium,16
Friday,Drizzle,287.61,1.1,No,office,10,High,7
Friday,Haze,300.64,0.0,Yes,residential,9,Medium,8
Wednesday,Clouds,290.02,0.04,No,residential,19,Low,19
Friday,Clouds,300.69,0.13,No,mall,18,Medium,17
Monday,Rain,290.52,1.96,No,mall,17,Medium,15
Thursday,Drizzle,286.25,0.28,No,mall,20,Medium,18
Tuesday,Clouds,299.09,0.15,No,market,11,Low,10
Friday,Clear,294.94,0.0,No,office,8,Medium,5
Monday,Rain,300.18,0.66,No,office,10,Medium,7
Monday,Clouds,300.69,0.15,Yes,office,10,Medium,8
Thursday,Rain,293.32,2.19,No,residential,7,Medium,5
Monday,Rain,289.72,1.23,No,mall,17,Medium,15
Friday,Clear,294.95,0.0,No,residential,9,Low,9
Friday,Clear,293.9,0.0,No,office,8,Medium,6
Tuesday,Haze,288.61,0.0,No,office,8,Medium,6
Friday,Haze,299.08,0.0,No,market,12,Low,11
Monday,Clouds,290.13,0.07,No,office,8,Medium,5
Monday,Clear,301.3,0.0,No,market,11,Low,11
Tuesday,Rain,287.68,2.2,No,residential,18,Medium,16
Sunday,Clear,298.2,0.0,No,mall,21,Medium,19
Tuesday,Clouds,291.55,0.12,No,office,10,Medium,8
Sunday,Clouds,304.57,0.11,No,office,12,Low,12
Monday,Rain,289.09,0.59,No,office,8,Medium,5
Tuesday,Clouds,291.59,0.05,No,residential,18,Low,18
Monday,Clear,308.8,0.0,No,mall,17,Medium,16
Thursday,Clouds,300.78,0.02,No,residential,8,Low,7
Tuesday,Clear,308.31,0.0,No,office,9,Medium,7
Saturday,Clear,308.15,0.0,No,market,10,Low,10
Monday,Clouds,305.2,0.13,Yes,office,8,Medium,6
Friday,Clouds,291.96,0.18,No,station,8,Medium,6
Tuesday,Haze,294.22,0.0,No,office,8,Medium,5
Thursday,Clear,308.26,0.0,No,market,11,Low,11
Tuesday,Clouds,290.75,0.01,No,mall,20,Medium,19
Wednesday,Clouds,298.77,0.11,No,residential,8,Low,8
Tuesday,Clouds,306.84,0.07,Yes,office,9,Medium,7
Saturday,Fog,286.74,0.0,Yes,market,17,High,14
Monday,Haze,294.83,0.0,No,office,9,Medium,7
Friday,Fog,292.34,0.0,No,office,10,Medium,7
Monday,Rain,299.71,0.93,No,office,8,Medium,5
Tuesday,Haze,293.76,0.0,No,market,20,Medium,18
Thursday,Clouds,291.09,0.05,No,mall,17,Medium,16
Monday,Fog,286.3,0.0,No,mall,18,Medium,16
Wednesday,Rain,297.86,0.72,No,office,8,Medium,5
Tuesday,Clear,310.47,0.0,No,office,9,Medium,7
Sunday,Clouds,302.75,0.15,No,residential,9,Low,9
Tuesday,Haze,290.44,0.0,No,market,19,Medium,17
Tuesday,Clear,294.69,0.0,No,market,19,Medium,16
Friday,Clouds,303.85,0.1,No,market,18,Medium,16
Friday,Rain,289.68,1.73,No,mall,13,Medium,11
Friday,Haze,285.92,0.0,No,mall,18,Medium,17
Tuesday,Clear,303.52,0.0,No,office,9,Medium,7
Wednesday,Rain,286.53,1.71,No,office,8,High,5
Friday,Clear,312.51,0.0,No,market,18,Medium,16
Thursday,Clear,305.88,0.0,No,office,8,Medium,6
Saturday,Clear,294.68,0.0,No,market,19,Medium,16
Friday,Clear,312.21,0.0,No,mall,20,Medium,19
Monday,Thunderstorm,287.5,1.21,No,office,8,High,5
Thursday,Rain,289.15,1.14,No,market,18,Medium,15
Tuesday,Clear,307.5,0.0,No,office,10,Medium,8
Saturday,Clouds,303.47,0.03,Yes,residential,19,Low,19
Thursday,Clouds,303.12,0.06,No,market,20,Medium,18
Tuesday,Rain,294.97,1.79,No,residential,18,Medium,16
Saturday,Haze,293.09,0.0,Yes,office,10,Medium,8
Tuesday,Clear,311.68,0.0,No,mall,12,Low,12
Monday,Rain,295.72,1.82,No,residential,7,Medium,4
Sunday,Clouds,291.63,0.15,No,mall,11,Low,11
Sunday,Clouds,293.45,0.08,No,station,6,Low,6
Saturday,Clear,302.11,0.0,No,market,17,Medium,15
Monday,Clear,299.81,0.0,Yes,office,8,Medium,5
Thursday,Clear,305.53,0.0,No,office,10,Medium,8
Thursday,Clear,312.26,0.0,No,station,8,Medium,6
Saturday,Thunderstorm,300.26,1.69,No,office,12,Medium,10
Wednesday,Haze,286.99,0.0,No,office,9,Medium,7
Wednesday,Clouds,306.88,0.12,No,residential,7,Low,7
Tuesday,Fog,285.34,0.0,No,office,8,Medium,5
Wednesday,Fog,287.02,0.0,No,residential,19,Medium,17
Saturday,Clear,303.44,0.0,No,residential,20,Low,20
Thursday,Clear,304.31,0.0,No,residential,10,Low,10
Thursday,Clear,296.5,0.0,No,market,20,Medium,18
Saturday,Clear,295.83,0.0,No,market,11,Low,10
Thursday,Clouds,301.89,0.2,No,station,6,Low,4
Friday,Drizzle,286.46,0.64,No,mall,20,Medium,18
Thursday,Clouds,293.75,0.13,No,station,7,Medium,5
Friday,Clear,310.94,0.0,No,station,18,Medium,16
Saturday,Rain,287.0,0.74,No,station,17,Medium,14
Wednesday,Clouds,302.97,0.11,No,residential,9,Low,9
Monday,Clouds,300.72,0.18,No,residential,19,Low,18
Saturday,Rain,298.03,1.87,No,office,12,Medium,10
Sunday,Rain,298.21,1.18,No,market,12,Medium,10
Saturday,Rain,299.15,0.78,No,office,10,Medium,8
Monday,Haze,299.52,0.0,No,market,17,Medium,15
Monday,Clouds,291.28,0.13,No,station,17,Medium,15
Saturday,Clear,294.32,0.0,No,market,10,Low,10
Monday,Rain,290.46,1.27,No,residential,8,Medium,6
Saturday,Clouds,292.44,0.15,No,station,19,Low,19
Tuesday,Clouds,294.79,0.03,No,station,17,Medium,14
Saturday,Rain,296.41,1.51,No,market,20,High,17
Friday,Rain,300.69,2.17,No,mall,21,Medium,19
Friday,Drizzle,296.12,0.46,No,office,9,Medium,6
Tuesday,Drizzle,290.71,0.91,No,office,8,Medium,5
Sunday,Clouds,291.35,0.0,No,mall,21,Medium,19
Friday,Clear,295.25,0.0,No,office,8,Medium,6
Saturday,Clear,302.91,0.0,No,station,8,Low,8
Wednesday,Clear,306.36,0.0,No,office,9,Medium,7
Thursday,Rain,290.49,0.74,No,market,11,Low,10
Sunday,Clear,294.06,0.0,No,office,11,Low,11
Saturday,Rain,300.39,1.76,No,mall,12,Medium,10
Sunday,Haze,299.05,0.0,No,office,10,Medium,9
Monday,Drizzle,292.3,0.77,No,office,10,Medium,7
Friday,Clear,301.52,0.0,No,residential,20,Low,20
Saturday,Clouds,306.93,0.08,No,market,11,Low,10
Sunday,Clouds,302.23,0.09,No,office,12,Low,12
Wednesday,Rain,293.44,2.03,No,market,17,Medium,14
Saturday,Clouds,292.44,0.13,No,office,10,Low,10
Thursday,Clear,300.87,0.0,No,mall,13,Low,13
Monday,Drizzle,296.3,0.6,No,mall,21,Medium,19
Thursday,Clear,304.41,0.0,No,market,11,Low,10
Sunday,Clouds,299.08,0.14,No,market,10,Low,10
Friday,Clear,311.37,0.0,No,market,11,Low,11
Sunday,Haze,293.68,0.0,No,residential,10,Medium,9
Thursday,Clear,305.11,0.0,No,office,8,Medium,6
Friday,Haze,293.12,0.0,No,office,9,Medium,7
Friday,Rain,289.0,1.42,No,mall,19,Medium,16
Tuesday,Clear,311.68,0.0,No,market,19,Medium,16
Friday,Fog,288.29,0.0,No,station,6,Low,3
Wednesday,Clouds,297.42,0.1,No,office,10,Medium,8
Wednesday,Thunderstorm,287.65,2.29,No,residential,20,Medium,18
Wednesday,Clouds,301.82,0.18,No,office,8,Medium,6
Friday,Haze,294.11,0.0,Yes,mall,19,High,16
Tuesday,Fog,283.8,0.0,No,station,7,Medium,4
Tuesday,Haze,288.14,0.0,No,residential,20,Medium,19
Tuesday,Haze,296.83,0.0,No,office,8,Medium,5
Saturday,Clouds,305.33,0.11,Yes,office,10,Low,9
Tuesday,Clear,308.23,0.0,No,office,9,Medium,6
Tuesday,Clear,304.51,0.0,No,station,17,Medium,15
Saturday,Haze,295.98,0.0,Yes,office,12,Low,12
Thursday,Clear,305.92,0.0,No,mall,19,Medium,17
Sunday,Haze,297.1,0.0,No,residential,7,Medium,6
Saturday,Clear,305.46,0.0,No,office,10,Low,10
Sunday,Haze,287.64,0.0,No,office,11,Low,11
Thursday,Clear,300.28,0.0,No,office,8,Medium,6
Wednesday,Rain,288.44,0.87,No,mall,19,Medium,17
Saturday,Clear,301.53,0.0,No,mall,12,Medium,11
Monday,Haze,295.29,0.0,No,residential,9,Medium,8
Monday,Clouds,299.0,0.2,No,mall,21,Medium,19
Thursday,Fog,279.09,0.0,No,residential,9,Medium,7
Saturday,Clouds,305.13,0.19,No,residential,18,Low,17
Wednesday,Clouds,303.47,0.09,No,station,18,Medium,16
Saturday,Clear,299.75,0.0,No,office,12,Low,12
Thursday,Drizzle,297.95,0.52,No,mall,20,Medium,18
Tuesday,Rain,301.45,1.88,No,office,10,High,7
Monday,Rain,285.73,1.86,No,station,6,Low,4
Thursday,Drizzle,287.97,1.08,No,market,10,Medium,8
Friday,Clear,299.48,0.0,No,market,10,Low,10
Thursday,Haze,289.54,0.0,No,mall,13,Low,12
Wednesday,Clear,312.26,0.0,No,residential,20,Low,20
Wednesday,Fog,283.1,0.0,No,station,17,Medium,14
Monday,Haze,299.71,0.0,No,market,19,Medium,17
Thursday,Haze,297.92,0.0,No,market,11,Low,11
Tuesday,Haze,299.06,0.0,No,office,8,Medium,6
Thursday,Rain,293.83,1.21,No,office,8,High,5
Friday,Clouds,303.04,0.08,No,mall,11,Low,10
Tuesday,Clouds,295.45,0.15,No,office,9,Medium,7
Thursday,Clear,305.37,0.0,No,mall,11,Low,10
Wednesday,Fog,284.49,0.0,No,residential,10,Medium,8
Friday,Clouds,291.08,0.14,No,station,19,Medium,17
Sunday,Drizzle,299.89,0.53,No,residential,9,Medium,7
Friday,Fog,290.19,0.0,No,station,6,Low,4
Friday,Clear,310.93,0.0,No,office,10,Medium,8
Friday,Rain,294.18,1.04,No,office,10,High,7
Wednesday,Fog,291.36,0.0,No,mall,21,Medium,18
Tuesday,Clear,310.31,0.0,No,station,18,Medium,15
Thursday,Rain,295.26,1.94,No,market,11,Medium,9
Tuesday,Clear,299.62,0.0,No,office,8,Medium,5
Friday,Clear,302.81,0.0,No,station,19,Medium,17
Monday,Clear,295.98,0.0,No,station,18,Medium,16
Monday,Clouds,292.95,0.18,No,mall,11,Low,10
Thursday,Clouds,298.6,0.11,No,station,17,Medium,15
Friday,Haze,290.72,0.0,No,market,12,Low,11
Sunday,Rain,298.83,0.57,Yes,market,20,High,17
Tuesday,Rain,299.54,1.48,No,mall,12,Medium,10
Wednesday,Rain,294.7,2.08,No,market,11,Medium,9
Friday,Fog,288.3,0.0,No,office,10,Medium,7
Wednesday,Clear,309.46,0.0,No,residential,10,Low,9
Sunday,Haze,286.49,0.0,No,office,12,Low,12
Wednesday,Clear,296.15,0.0,No,residential,9,Low,8
Wednesday,Clear,305.12,0.0,No,market,11,Low,11
Monday,Clear,296.61,0.0,No,mall,12,Low,12
Wednesday,Fog,286.41,0.0,No,market,19,Medium,16
Tuesday,Clear,304.44,0.0,No,residential,10,Low,10
Tuesday,Clouds,304.91,0.16,No,office,8,Medium,6
Monday,Clear,298.69,0.0,No,market,11,Low,10
Thursday,Rain,294.8,1.06,No,office,9,High,6
Wednesday,Clear,309.94,0.0,No,office,10,Medium,8
Friday,Rain,297.51,0.5,No,market,10,Medium,8
Monday,Rain,298.2,0.89,No,residential,20,Medium,18
Tuesday,Clouds,299.17,0.08,No,mall,19,Medium,18
Tuesday,Rain,298.23,0.54,No,office,8,Medium,5
Wednesday,Clouds,299.48,0.06,No,mall,13,Low,13
Wednesday,Clouds,304.65,0.0,No,market,10,Low,10
Saturday,Clouds,294.44,0.17,No,residential,8,Low,8
Tuesday,Clear,294.17,0.0,Yes,market,12,Medium,11
Sunday,Clouds,303.06,0.09,No,mall,21,Medium,19
Thursday,Clouds,297.23,0.03,No,mall,19,Medium,17
Saturday,Clouds,290.05,0.01,Yes,office,11,Low,11
Friday,Clear,309.12,0.0,No,mall,11,Low,10
Thursday,Clear,311.86,0.0,No,office,9,Medium,6
Thursday,Rain,296.39,1.26,No,residential,8,Medium,6
Saturday,Haze,292.42,0.0,No,office,11,Low,11
Wednesday,Clouds,293.9,0.02,Yes,office,8,Medium,6
Wednesday,Clouds,293.39,0.08,No,residential,17,Low,17
Monday,Clouds,304.61,0.14,No,residential,9,Low,8
Thursday,Clear,293.11,0.0,No,mall,17,Medium,16
Thursday,Rain,299.25,2.01,No,office,9,High,6
Monday,Rain,296.89,1.31,Yes,residential,10,Medium,8
Wednesday,Drizzle,295.4,0.22,No,mall,18,Medium,16
Monday,Clear,298.05,0.0,Yes,residential,20,Low,20
Thursday,Rain,294.57,1.69,No,residential,8,Medium,6
Thursday,Clear,296.44,0.0,No,office,8,Medium,6
Saturday,Rain,300.8,1.17,No,office,12,Medium,9
Thursday,Clouds,297.46,0.02,No,residential,10,Low,10
Monday,Clear,302.7,0.0,No,station,6,Low,4
Wednesday,Rain,297.96,1.24,No,office,8,High,5
Thursday,Clouds,290.25,0.14,No,station,18,Medium,16
Saturday,Clear,297.29,0.0,Yes,market,19,Medium,16
Saturday,Clear,301.21,0.0,No,residential,9,Low,9
Thursday,Clear,311.62,0.0,No,residential,17,Low,17
Tuesday,Rain,300.26,0.64,No,residential,20,Medium,18
Friday,Rain,293.64,1.89,No,residential,17,Medium,14
Saturday,Clear,295.4,0.0,No,office,10,Low,10
Thursday,Clouds,297.49,0.1,No,market,11,Low,11
Thursday,Clear,293.94,0.0,No,office,8,Medium,5
Friday,Rain,291.46,0.64,No,market,11,Low,10
Friday,Clouds,298.49,0.16,No,residential,9,Low,9
Thursday,Clouds,302.79,0.12,No,mall,13,Low,12
Friday,Clouds,293.9,0.02,No,office,8,Medium,6
Friday,Clouds,298.4,0.11,No,mall,19,Medium,17
Tuesday,Clouds,293.81,0.14,No,station,19,Medium,16
Thursday,Haze,291.37,0.0,No,market,19,Medium,17
Saturday,Haze,298.36,0.0,No,station,19,Medium,18
Friday,Clear,302.06,0.0,No,station,17,Medium,15
Wednesday,Clear,295.85,0.0,No,office,9,Medium,7
Thursday,Clear,303.93,0.0,Yes,office,9,Medium,7
Tuesday,Haze,299.09,0.0,No,mall,17,Medium,16
Wednesday,Clouds,299.79,0.08,No,office,10,Medium,8
Monday,Clouds,302.86,0.14,No,office,8,Medium,6
Sunday,Clouds,293.96,0.1,No,market,19,Medium,17
Wednesday,Rain,290.46,1.37,No,station,6,Low,4
Sunday,Fog,285.94,0.0,No,mall,18,Medium,15
Wednesday,Haze,289.38,0.0,No,residential,10,Medium,8
Wednesday,Rain,300.83,0.61,No,office,9,Medium,6
Thursday,Clouds,306.26,0.15,No,residential,7,Low,6
Saturday,Clear,298.42,0.0,No,office,11,Low,11
Friday,Clear,300.89,0.0,No,market,18,Medium,16
Thursday,Haze,294.31,0.0,No,residential,10,Medium,8
Tuesday,Haze,298.87,0.0,No,mall,18,Medium,17
Sunday,Clear,305.27,0.0,No,market,10,Low,10
Monday,Thunderstorm,291.19,2.86,No,residential,20,Medium,18
Wednesday,Clouds,302.38,0.05,No,office,8,Medium,5
Tuesday,Drizzle,295.71,0.3,No,office,9,Medium,6
Wednesday,Clear,293.5,0.0,No,office,9,Medium,7
Saturday,Clear,293.94,0.0,No,office,12,Low,11
Friday,Haze,291.9,0.0,No,office,10,Medium,8
Friday,Rain,300.83,1.04,No,office,8,High,5
Friday,Clouds,303.3,0.06,No,mall,11,Low,11
Tuesday,Clouds,294.12,0.16,No,mall,11,Low,10
Saturday,Haze,297.33,0.0,No,market,20,Medium,18
Monday,Haze,290.55,0.0,No,mall,19,Medium,18
Friday,Rain,287.01,0.76,No,residential,9,Medium,6
Wednesday,Haze,289.97,0.0,No,station,19,Medium,17
Thursday,Clear,298.62,0.0,No,mall,12,Low,12
Wednesday,Rain,289.27,1.85,No,station,18,High,15
Monday,Clear,302.49,0.0,No,station,18,Medium,15
Thursday,Clear,294.58,0.0,No,mall,13,Low,13
Wednesday,Drizzle,290.1,0.33,No,market,10,Medium,8
Saturday,Clear,307.61,0.0,No,residential,19,Low,19
Tuesday,Clouds,297.31,0.14,No,office,9,Medium,7
Wednesday,Clouds,294.5,0.1,No,mall,13,Low,13
Friday,Clouds,304.94,0.07,No,residential,10,Low,10
Monday,Clear,306.06,0.0,No,residential,19,Low,18
Wednesday,Rain,286.3,0.74,No,office,8,Medium,5
Tuesday,Haze,294.93,0.0,No,residential,20,Medium,19
Wednesday,Fog,282.4,0.0,No,station,17,Medium,14
Thursday,Clouds,301.65,0.16,No,office,10,Medium,8
Friday,Rain,286.14,1.83,No,residential,7,Medium,5
Tuesday,Clear,305.18,0.0,No,market,11,Low,11
Wednesday,Clear,310.88,0.0,No,residential,9,Low,9
Saturday,Fog,289.36,0.0,No,office,12,Low,10
Wednesday,Rain,290.87,0.79,No,mall,12,Low,11
Tuesday,Rain,299.94,1.67,No,mall,17,Medium,15
Wednesday,Clear,306.72,0.0,No,market,10,Low,10
Tuesday,Clouds,306.33,0.1,No,residential,9,Low,8
Saturday,Thunderstorm,295.97,2.55,No,residential,19,Medium,17
Tuesday,Clouds,292.26,0.1,No,station,17,Medium,14
Friday,Clear,294.79,0.0,No,office,8,Medium,5
Friday,Rain,299.14,1.6,No,office,8,High,5
Thursday,Clear,295.25,0.0,No,office,8,Medium,5
Monday,Drizzle,294.5,1.18,No,station,7,High,4
Friday,Clear,295.42,0.0,No,residential,10,Low,10
Tuesday,Clear,306.83,0.0,No,office,8,Medium,5
Wednesday,Clouds,300.73,0.13,No,office,8,Medium,5
Friday,Clear,298.91,0.0,No,office,10,Medium,8
Tuesday,Rain,289.92,1.04,No,station,7,High,4
Thursday,Clouds,297.16,0.15,No,market,20,Medium,18
Tuesday,Clear,306.53,0.0,No,office,10,Medium,8
Tuesday,Clouds,302.78,0.18,Yes,market,10,Medium,9
Sunday,Clouds,304.18,0.07,No,station,18,Low,18
Wednesday,Clouds,294.57,0.01,No,station,19,Medium,16
Sunday,Haze,296.27,0.0,No,office,10,Medium,9
Sunday,Clouds,291.71,0.12,No,office,11,Low,11
Friday,Clouds,299.55,0.04,No,mall,11,Low,11
Tuesday,Fog,286.9,0.0,No,office,10,Medium,7
Thursday,Clear,301.67,0.0,No,market,18,Medium,16
Wednesday,Haze,297.51,0.0,No,station,19,Medium,17
Wednesday,Clouds,304.35,0.11,No,residential,9,Low,9
Friday,Drizzle,287.99,1.08,No,office,8,High,5
Wednesday,Clouds,304.13,0.04,Yes,station,18,Medium,16
Thursday,Clouds,292.37,0.01,No,office,10,Medium,8
Thursday,Clouds,297.77,0.14,No,station,6,Low,5
Thursday,Fog,280.35,0.0,No,mall,13,Low,12
Tuesday,Drizzle,292.54,0.38,No,residential,19,Medium,16
Wednesday,Clear,307.14,0.0,No,residential,20,Low,20
Friday,Clear,304.07,0.0,No,mall,13,Low,13
Thursday,Clouds,298.6,0.0,No,market,12,Low,12
Saturday,Fog,279.25,0.0,No,mall,11,Low,10
Thursday,Clouds,306.16,0.09,No,office,9,Medium,7
Tuesday,Clouds,305.63,0.12,No,market,11,Low,11
Monday,Haze,299.6,0.0,No,office,10,Medium,8
Friday,Clear,312.87,0.0,No,market,11,Low,11
Monday,Drizzle,295.62,0.95,Yes,office,9,Medium,6
Thursday,Clear,302.28,0.0,No,station,18,Medium,16
Tuesday,Fog,282.18,0.0,No,mall,11,Low,9
Monday,Clear,302.25,0.0,No,residential,10,Low,10
Friday,Clear,307.01,0.0,No,office,9,Medium,7
Saturday,Clouds,295.56,0.06,No,residential,17,Low,17
Friday,Haze,294.17,0.0,No,residential,19,Medium,17
Wednesday,Drizzle,297.49,0.61,No,residential,17,Medium,15
Sunday,Rain,286.4,2.03,No,office,11,Medium,9
Monday,Clouds,299.55,0.12,No,mall,13,Low,13
Monday,Drizzle,297.76,0.93,No,station,7,Medium,4
Wednesday,Clouds,296.9,0.05,No,station,17,Medium,15
Friday,Thunderstorm,303.94,2.78,No,mall,17,Medium,15
Thursday,Rain,291.5,2.17,No,station,8,High,5
Wednesday,Clear,294.06,0.0,No,office,8,Medium,6
Friday,Haze,290.64,0.0,No,mall,21,Medium,19
Monday,Haze,293.65,0.0,No,residential,7,Medium,6
Monday,Fog,288.33,0.0,No,mall,18,Medium,16
Monday,Clouds,298.63,0.08,No,office,8,Medium,6
Monday,Drizzle,296.23,0.25,No,market,19,Medium,16
Thursday,Rain,290.36,2.06,No,mall,19,Medium,17
Friday,Haze,287.92,0.0,No,station,6,Low,5
Saturday,Rain,297.91,1.69,Yes,office,10,Medium,8
Monday,Rain,290.9,1.86,No,office,8,High,5
Wednesday,Clear,298.65,0.0,No,station,8,Medium,5
Monday,Rain,292.88,1.44,No,mall,17,Medium,15
Friday,Fog,279.92,0.0,Yes,station,19,High,16
Tuesday,Drizzle,297.59,0.21,No,residential,10,Medium,8
Monday,Rain,292.28,1.36,No,mall,11,Medium,9
Monday,Drizzle,300.86,0.54,No,residential,8,Medium,6
Sunday,Rain,296.66,1.08,Yes,mall,17,High,14
Monday,Clouds,299.82,0.13,No,office,9,Medium,6
Sunday,Clear,303.93,0.0,No,station,18,Low,17
Tuesday,Thunderstorm,295.52,2.39,No,market,11,Medium,9
Friday,Clear,306.98,0.0,No,residential,17,Low,17
Monday,Clouds,304.42,0.03,No,mall,21,Medium,20
Tuesday,Clear,297.25,0.0,No,mall,11,Low,11
Monday,Clear,303.74,0.0,No,mall,18,Medium,17
Thursday,Clear,297.43,0.0,No,residential,9,Low,9
Monday,Clouds,300.93,0.18,No,market,10,Low,10
Wednesday,Clouds,297.04,0.05,Yes,office,10,Medium,8
Monday,Rain,295.48,0.51,No,mall,17,Medium,15
Sunday,Clear,310.53,0.0,No,station,17,Low,16
Wednesday,Clear,304.87,0.0,No,residential,9,Low,8
Tuesday,Drizzle,289.6,0.87,No,mall,17,Medium,15
Saturday,Clouds,293.17,0.05,No,office,11,Low,11
Friday,Clear,309.02,0.0,No,office,9,Medium,7
Friday,Clear,307.01,0.0,No,residential,9,Low,9
Monday,Fog,286.31,0.0,No,station,18,Medium,15
Friday,Clear,295.24,0.0,No,residential,19,Low,19
Wednesday,Clouds,297.88,0.19,No,residential,18,Low,18
Wednesday,Fog,289.82,0.0,No,mall,11,Low,9
Thursday,Rain,286.14,2.16,No,market,18,Medium,15
Thursday,Rain,289.69,2.13,No,residential,9,Medium,7
Friday,Clear,308.08,0.0,No,station,7,Medium,5
Tuesday,Clouds,300.63,0.17,No,office,9,Medium,7
Monday,Clouds,294.74,0.04,No,office,9,Medium,7
Monday,Clouds,302.08,0.14,No,station,8,Medium,6
Monday,Clear,307.29,0.0,No,residential,7,Low,7
Monday,Rain,287.16,1.99,No,mall,19,Medium,17
Monday,Clouds,297.1,0.18,No,market,11,Low,10
Tuesday,Clouds,303.48,0.05,No,residential,7,Low,6
Wednesday,Haze,288.59,0.0,No,mall,12,Low,12
Friday,Clouds,305.02,0.14,No,station,6,Low,4
Tuesday,Rain,287.71,1.77,No,market,10,Medium,8
Sunday,Rain,297.61,1.9,Yes,office,10,Medium,7
Wednesday,Rain,288.45,0.7,No,office,8,Medium,5
Wednesday,Drizzle,292.27,1.17,No,residential,18,Medium,16
Wednesday,Clear,303.24,0.0,No,market,11,Low,11
Monday,Clear,293.72,0.0,No,residential,17,Low,16
Sunday,Fog,286.95,0.0,No,residential,10,Medium,8
Friday,Clear,309.93,0.0,No,mall,21,Medium,19
Saturday,Drizzle,289.84,0.99,No,office,11,Low,10
Sunday,Clear,296.03,0.0,No,residential,18,Low,18
Thursday,Fog,292.02,0.0,No,mall,12,Low,11
Friday,Clear,305.02,0.0,No,station,19,Medium,17
Tuesday,Rain,297.24,2.14,No,residential,10,Medium,7
Sunday,Haze,290.83,0.0,No,office,11,Low,11
Tuesday,Rain,289.1,0.63,No,office,8,Medium,5
Wednesday,Clouds,297.94,0.15,No,mall,18,Medium,17
Thursday,Clouds,305.21,0.16,No,market,17,Medium,15
Sunday,Clouds,299.59,0.2,No,mall,17,Medium,14
Sunday,Drizzle,286.95,0.41,No,residential,19,Medium,17
Tuesday,Clouds,305.44,0.11,No,office,8,Medium,6
Thursday,Fog,287.34,0.0,No,market,11,Low,10
Thursday,Clear,310.07,0.0,No,mall,21,Medium,19
Saturday,Clouds,302.2,0.2,No,office,10,Low,9
Monday,Thunderstorm,303.21,2.3,No,market,10,Medium,8
Friday,Rain,290.12,1.04,No,office,9,High,6
Wednesday,Clear,312.22,0.0,No,mall,21,Medium,20
Monday,Clouds,299.02,0.07,No,residential,8,Low,8
Monday,Clear,311.65,0.0,No,market,17,Medium,15
Tuesday,Clear,310.93,0.0,No,market,19,Medium,16
Tuesday,Rain,293.47,0.69,No,market,19,Medium,16
Saturday,Clear,303.58,0.0,No,station,19,Low,19
Tuesday,Clear,301.6,0.0,No,mall,21,Medium,19
Tuesday,Clear,294.24,0.0,No,mall,12,Low,12
Saturday,Clear,311.55,0.0,No,market,18,Medium,16
Monday,Rain,288.03,0.72,No,station,17,Medium,14
Wednesday,Clear,293.53,0.0,No,market,11,Low,11
Friday,Clouds,300.67,0.02,No,office,9,Medium,7
Tuesday,Clouds,302.06,0.1,No,office,10,Medium,8
Thursday,Fog,283.82,0.0,No,office,9,Medium,6
Saturday,Clear,297.69,0.0,No,market,19,Medium,16
Tuesday,Clear,300.27,0.0,No,residential,9,Low,9
Friday,Clouds,291.48,0.07,Yes,office,8,Medium,5
Monday,Clear,296.75,0.0,No,office,9,Medium,7
Friday,Rain,291.48,0.67,No,market,20,Medium,17
Wednesday,Rain,294.49,1.45,No,mall,17,Medium,15
Sunday,Rain,297.95,1.41,No,mall,20,High,17
Wednesday,Clear,297.2,0.0,No,mall,18,Medium,17
Sunday,Drizzle,299.79,0.71,No,station,7,Medium,5
Tuesday,Thunderstorm,301.59,2.13,No,office,10,High,7
Tuesday,Clear,296.66,0.0,No,station,17,Medium,15
Tuesday,Clear,310.94,0.0,No,residential,19,Low,18
Saturday,Clear,294.11,0.0,No,office,12,Low,11
Tuesday,Clouds,295.36,0.17,No,market,10,Low,10
Friday,Rain,286.22,1.82,No,mall,11,Medium,9
Thursday,Clear,309.56,0.0,No,office,9,Medium,7
Wednesday,Rain,285.77,1.04,No,office,9,High,6
Sunday,Clear,312.55,0.0,No,residential,18,Low,18
Thursday,Clear,298.43,0.0,No,station,8,Medium,6
Thursday,Haze,292.21,0.0,No,mall,17,Medium,16
Monday,Clear,298.07,0.0,No,market,20,Medium,18
Friday,Clear,307.58,0.0,No,office,9,Medium,7
Monday,Fog,285.02,0.0,No,office,8,Medium,5
Wednesday,Clouds,299.63,0.1,No,residential,20,Low,20
Wednesday,Clear,305.04,0.0,No,station,7,Medium,5
Wednesday,Clouds,295.77,0.12,No,mall,11,Low,10
Friday,Rain,300.91,2.1,No,mall,17,Medium,15
Tuesday,Clear,296.77,0.0,No,residential,19,Low,19
Tuesday,Clear,304.72,0.0,No,office,8,Medium,6
Friday,Clear,298.66,0.0,No,mall,20,Medium,19
Wednesday,Clear,312.36,0.0,No,market,10,Low,10
Tuesday,Clouds,295.06,0.09,No,residential,19,Low,19
Saturday,Clouds,295.91,0.14,Yes,office,10,Low,10
Monday,Clear,297.41,0.0,No,mall,19,Medium,17
Sunday,Drizzle,292.62,0.31,No,residential,9,Medium,7
Monday,Clear,293.99,0.0,No,residential,10,Low,9
Friday,Clear,303.58,0.0,No,office,9,Medium,7
Wednesday,Rain,295.44,2.06,No,office,8,High,5
Thursday,Clouds,297.39,0.06,No,mall,18,Medium,17
Saturday,Fog,283.3,0.0,No,station,8,Medium,6
Friday,Clouds,305.78,0.12,No,office,8,Medium,6
Saturday,Clear,302.02,0.0,No,station,8,Low,8
Saturday,Fog,290.71,0.0,No,office,12,Low,11
Monday,Clouds,292.18,0.14,No,office,9,Medium,7
Sunday,Clear,296.15,0.0,No,residential,17,Low,16
Monday,Rain,297.95,1.31,No,residential,8,Medium,6
Tuesday,Clouds,298.03,0.12,No,residential,19,Low,19
Monday,Clear,301.66,0.0,No,office,9,Medium,7
Monday,Rain,287.4,1.75,No,residential,7,Medium,5
Friday,Clear,300.87,0.0,No,office,9,Medium,6
Tuesday,Drizzle,294.33,0.63,No,residential,20,Medium,18
Sunday,Clouds,293.22,0.14,No,office,11,Low,11
Monday,Clouds,290.82,0.04,No,office,10,Medium,8
Saturday,Fog,279.47,0.0,No,office,12,Low,11
Wednesday,Clear,295.16,0.0,No,office,9,Medium,6
Friday,Fog,286.56,0.0,Yes,mall,20,High,17
Friday,Rain,291.48,1.49,Yes,station,18,High,15
Friday,Rain,286.09,0.95,No,station,17,Medium,14
Tuesday,Clear,308.88,0.0,No,office,8,Medium,6
Tuesday,Drizzle,292.33,0.54,No,market,18,Medium,15
Friday,Clear,297.02,0.0,No,market,20,Medium,18
Thursday,Clear,299.6,0.0,No,office,8,Medium,6
Tuesday,Clear,296.95,0.0,No,market,11,Low,10
Monday,Fog,284.11,0.0,No,residential,19,Medium,16
Saturday,Haze,290.56,0.0,No,office,11,Low,11
Saturday,Haze,288.37,0.0,Yes,office,11,Low,11
Sunday,Fog,290.42,0.0,No,market,18,Medium,15
Tuesday,Clear,295.54,0.0,No,market,20,Medium,18
Sunday,Fog,292.99,0.0,No,market,20,Medium,17
Wednesday,Haze,287.12,0.0,Yes,office,8,Medium,6
Monday,Clouds,304.13,0.13,No,market,19,Medium,17
Saturday,Clear,298.21,0.0,Yes,mall,21,Medium,19
Sunday,Haze,288.64,0.0,No,office,11,Low,10
Monday,Clear,310.44,0.0,No,residential,9,Low,9
Tuesday,Fog,283.81,0.0,No,office,10,Medium,7
Friday,Fog,292.26,0.0,No,station,19,Medium,16
Wednesday,Rain,286.7,0.64,No,market,10,Medium,8
Thursday,Clear,299.93,0.0,No,station,6,Low,4
Saturday,Haze,299.25,0.0,No,market,10,Medium,8
Saturday,Clear,293.72,0.0,No,market,17,Medium,15
Thursday,Haze,287.85,0.0,No,mall,18,Medium,17
Thursday,Rain,301.07,1.77,No,office,8,High,5
Tuesday,Clear,295.26,0.0,No,office,9,Medium,7
Friday,Rain,288.27,0.83,No,office,9,Medium,6
Tuesday,Clouds,305.38,0.0,No,office,9,Medium,6
Thursday,Clear,302.29,0.0,No,residential,18,Low,18
Saturday,Fog,288.58,0.0,Yes,residential,19,Medium,17
Tuesday,Clear,307.04,0.0,No,residential,20,Low,19
Thursday,Fog,284.8,0.0,No,office,10,Medium,7
Sunday,Clear,300.17,0.0,No,mall,13,Medium,11
Monday,Clear,305.09,0.0,Yes,mall,12,Medium,11
Thursday,Haze,286.87,0.0,No,station,7,Medium,4
Tuesday,Clear,306.3,0.0,No,office,9,Medium,7
Wednesday,Haze,287.76,0.0,No,mall,13,Low,13
Friday,Clouds,291.29,0.13,No,station,6,Low,5
Friday,Clear,307.48,0.0,No,residential,8,Low,8
Monday,Haze,287.51,0.0,No,residential,10,Medium,9
Tuesday,Fog,284.21,0.0,No,office,8,Medium,5
Friday,Clouds,299.11,0.2,No,residential,19,Low,19
Monday,Clear,303.74,0.0,No,residential,18,Low,18
Friday,Clear,308.89,0.0,No,market,19,Medium,16
Wednesday,Rain,293.85,1.82,No,residential,10,Medium,7
Tuesday,Clear,307.91,0.0,No,market,19,Medium,17
Tuesday,Haze,296.44,0.0,No,residential,8,Medium,7
Tuesday,Clear,294.28,0.0,No,office,8,Medium,6
Thursday,Clear,302.71,0.0,No,market,10,Low,10
Monday,Clear,308.21,0.0,No,market,17,Medium,15
Thursday,Clouds,293.39,0.15,Yes,residential,9,Low,9
Saturday,Fog,289.43,0.0,No,mall,11,Low,10
Monday,Clear,299.73,0.0,No,station,19,Medium,17
Saturday,Clear,309.19,0.0,No,office,12,Low,12
Thursday,Clouds,292.75,0.08,No,office,9,Medium,7
Friday,Clear,300.96,0.0,No,residential,7,Low,7
Saturday,Rain,288.01,1.44,No,market,11,Medium,8
Friday,Clear,302.67,0.0,No,station,7,Medium,5
Thursday,Clear,302.1,0.0,No,residential,19,Low,19
Sunday,Clear,306.28,0.0,No,office,10,Low,10
Sunday,Clear,303.81,0.0,No,market,11,Low,11
Wednesday,Fog,279.89,0.0,No,office,10,Medium,7
Wednesday,Clouds,301.06,0.08,No,station,17,Medium,15
Saturday,Rain,294.15,0.67,No,office,12,Low,11
Tuesday,Clouds,297.56,0.08,No,office,8,Medium,6
Wednesday,Clouds,295.08,0.13,No,residential,10,Low,10
Sunday,Haze,291.03,0.0,No,market,11,Low,10
Thursday,Rain,294.77,0.66,No,market,18,Medium,15
Tuesday,Clouds,293.8,0.05,No,mall,13,Low,13
Friday,Clouds,300.33,0.09,No,market,11,Low,11
Friday,Clear,301.76,0.0,No,mall,18,Medium,16
Monday,Clouds,301.66,0.1,No,office,10,Medium,8
Wednesday,Clear,305.17,0.0,No,office,10,Medium,8
Monday,Rain,293.82,1.57,No,mall,18,Medium,16
Sunday,Clouds,294.51,0.06,No,office,12,Low,12
Friday,Rain,290.55,0.79,No,mall,20,Medium,18
Tuesday,Clear,301.0,0.0,No,office,9,Medium,7
Monday,Clouds,294.3,0.1,No,residential,17,Low,17
Thursday,Rain,298.68,1.06,No,residential,10,Medium,8
Thursday,Rain,297.64,0.68,No,market,12,Low,11
Monday,Fog,291.81,0.0,Yes,station,17,High,14
Monday,Fog,284.65,0.0,No,mall,20,Medium,18
Friday,Clouds,291.65,0.05,No,office,9,Medium,6
Sunday,Clouds,299.68,0.1,No,residential,17,Low,17
Friday,Clouds,300.93,0.01,No,residential,9,Low,9
Wednesday,Clear,298.43,0.0,No,station,6,Low,5
Monday,Clouds,294.66,0.07,No,residential,7,Low,6
Saturday,Drizzle,291.67,0.99,No,mall,18,Medium,15
Sunday,Rain,287.33,2.09,No,residential,19,Medium,17
Sunday,Clear,297.72,0.0,No,office,12,Low,12
Wednesday,Clear,311.02,0.0,No,office,9,Medium,7
Friday,Haze,290.22,0.0,No,mall,17,Medium,16
Thursday,Rain,301.48,0.99,No,office,9,Medium,6
Monday,Rain,285.96,1.76,No,market,20,Medium,17
Sunday,Rain,298.25,0.9,No,station,6,Low,5
Thursday,Clouds,294.6,0.13,No,mall,13,Low,13
Thursday,Clouds,292.91,0.12,No,market,12,Low,12
Monday,Clouds,306.62,0.07,No,market,10,Low,10
Wednesday,Clouds,300.82,0.07,No,office,8,Medium,6
Wednesday,Clear,300.32,0.0,No,office,9,Medium,7
Tuesday,Fog,289.25,0.0,No,market,19,Medium,16
Monday,Clear,298.79,0.0,No,residential,20,Low,20
Monday,Clouds,293.78,0.02,No,office,10,Medium,8
Saturday,Clear,305.89,0.0,No,office,10,Low,10
Wednesday,Clouds,305.12,0.16,No,office,9,Medium,7
Friday,Clear,298.7,0.0,No,mall,21,Medium,20
Tuesday,Clear,306.83,0.0,No,office,8,Medium,6
Sunday,Rain,298.33,0.59,No,market,17,Medium,14
Wednesday,Clear,310.39,0.0,No,residential,10,Low,9
Wednesday,Haze,291.36,0.0,No,mall,13,Low,13
Tuesday,Clouds,299.79,0.18,No,market,11,Low,10
Tuesday,Haze,294.2,0.0,No,station,6,Low,5
Monday,Clouds,299.82,0.11,No,residential,18,Low,18
Tuesday,Haze,295.62,0.0,No,market,18,Medium,16
Tuesday,Fog,286.2,0.0,No,office,9,Medium,6
Thursday,Rain,300.13,1.06,No,mall,19,Medium,17
Friday,Fog,290.8,0.0,Yes,office,10,Medium,7
Monday,Fog,287.53,0.0,No,market,17,Medium,14
Saturday,Clear,305.17,0.0,No,office,12,Low,12
Wednesday,Clouds,305.57,0.05,No,station,18,Medium,16
Friday,Clouds,302.93,0.03,No,market,11,Low,11
Monday,Clear,303.56,0.0,No,market,19,Medium,16
Saturday,Clouds,300.37,0.2,No,office,10,Low,10
Tuesday,Clear,309.42,0.0,No,station,18,Medium,16
Saturday,Clouds,292.51,0.17,No,mall,11,Low,11
Tuesday,Haze,295.51,0.0,No,market,10,Medium,9
Friday,Fog,288.37,0.0,No,mall,11,Low,9
Monday,Clouds,303.38,0.02,No,market,10,Low,10
Saturday,Clear,310.32,0.0,No,station,8,Low,8
Friday,Haze,290.25,0.0,No,office,8,Medium,6
Saturday,Clear,294.22,0.0,No,market,10,Low,10
Friday,Rain,300.86,1.85,No,office,8,High,5
Wednesday,Clear,306.8,0.0,No,mall,21,Medium,19
Thursday,Rain,286.03,0.51,No,office,8,Medium,5
Sunday,Clear,305.66,0.0,No,station,17,Low,17
Monday,Rain,289.07,1.33,No,mall,20,Medium,18
Friday,Clear,300.86,0.0,No,office,9,Medium,7
Friday,Clouds,293.09,0.01,No,market,11,Low,10
Sunday,Clear,311.28,0.0,No,residential,19,Low,19
Wednesday,Rain,296.61,0.63,No,office,8,Medium,5
Sunday,Clear,310.44,0.0,No,mall,17,Medium,15
Wednesday,Drizzle,286.56,0.87,No,office,9,Medium,6
Thursday,Clear,301.39,0.0,No,office,9,Medium,7
Tuesday,Clouds,298.99,0.12,No,office,9,Medium,7
Sunday,Clouds,296.84,0.14,No,residential,7,Low,7
Thursday,Fog,282.9,0.0,No,office,10,Medium,7
Friday,Drizzle,287.68,0.91,No,market,20,Medium,17
Thursday,Rain,287.1,0.95,No,station,7,Medium,4
Saturday,Fog,289.61,0.0,No,station,6,Low,5
Friday,Clear,311.94,0.0,No,market,10,Low,10
Thursday,Clouds,302.71,0.19,No,office,9,Medium,7
Tuesday,Clouds,304.1,0.02,No,office,9,Medium,7
Thursday,Clear,309.52,0.0,No,office,9,Medium,7
Tuesday,Clouds,303.39,0.19,No,office,8,Medium,6
Friday,Rain,295.39,1.73,No,office,8,High,5
Monday,Clear,294.13,0.0,No,office,9,Medium,7
Monday,Clouds,303.27,0.17,No,office,9,Medium,7
Thursday,Clear,305.69,0.0,No,market,12,Low,12
Thursday,Clear,300.8,0.0,No,mall,21,Medium,19
Tuesday,Thunderstorm,301.31,2.59,No,office,8,High,5
Tuesday,Haze,287.76,0.0,No,station,19,Medium,17
Monday,Clouds,301.69,0.04,No,office,10,Medium,8
Thursday,Clear,311.6,0.0,No,mall,13,Low,13
Thursday,Clouds,303.64,0.14,No,market,11,Low,11
Tuesday,Clear,299.78,0.0,No,station,18,Medium,16
Monday,Clear,312.11,0.0,No,office,8,Medium,6
Monday,Clear,308.05,0.0,Yes,mall,21,Medium,18
Tuesday,Clouds,296.47,0.01,No,office,8,Medium,6
Friday,Clear,309.09,0.0,No,mall,13,Low,13
Friday,Clear,296.34,0.0,No,market,17,Medium,15
Wednesday,Clear,301.14,0.0,No,office,9,Medium,7
Saturday,Rain,300.82,0.72,No,market,12,Medium,10
Friday,Clear,311.23,0.0,No,office,9,Medium,7
Monday,Fog,287.17,0.0,No,market,19,Medium,16
Friday,Clouds,290.38,0.13,No,mall,13,Low,13
Tuesday,Clouds,291.34,0.09,No,office,8,Medium,6
Sunday,Drizzle,298.41,0.56,No,residential,17,Medium,15
Wednesday,Clouds,291.88,0.19,No,office,8,Medium,6
Tuesday,Thunderstorm,298.95,2.47,No,mall,20,Medium,17
Tuesday,Clear,302.27,0.0,No,residential,19,Low,19
Thursday,Clear,303.22,0.0,No,office,9,Medium,7
Sunday,Clouds,300.54,0.11,Yes,office,10,Low,10
Monday,Clouds,306.35,0.13,No,mall,17,Medium,16
Sunday,Clouds,294.6,0.19,Yes,office,11,Low,11
Monday,Clear,301.63,0.0,No,residential,19,Low,19
Tuesday,Fog,285.88,0.0,No,station,7,Medium,4
Saturday,Clear,297.16,0.0,No,mall,19,Medium,17
Monday,Clear,298.83,0.0,No,residential,19,Low,18
Wednesday,Clear,303.42,0.0,No,residential,7,Low,7
Monday,Clear,312.1,0.0,No,office,8,Medium,5
Thursday,Rain,287.36,1.34,No,market,11,Medium,8
Friday,Clear,308.9,0.0,No,residential,19,Low,19
Sunday,Clouds,307.0,0.08,Yes,market,18,Medium,16
Sunday,Clouds,301.63,0.05,Yes,market,18,Medium,16
Friday,Clear,294.92,0.0,No,office,9,Medium,7
Monday,Haze,290.28,0.0,No,residential,18,Medium,17
Monday,Rain,296.3,0.62,No,office,9,Medium,6
Tuesday,Clear,311.87,0.0,No,mall,21,Medium,20
Tuesday,Rain,292.34,0.75,Yes,station,8,High,5
Thursday,Rain,297.01,1.42,No,office,8,High,5
Sunday,Haze,297.27,0.0,No,residential,20,Medium,19
Sunday,Clouds,298.51,0.01,No,mall,11,Low,11
Sunday,Haze,288.08,0.0,No,mall,19,Medium,17
Wednesday,Clear,296.19,0.0,No,mall,11,Low,11
Thursday,Haze,300.01,0.0,No,mall,12,Low,12
Wednesday,Clear,293.63,0.0,No,office,9,Medium,7
Tuesday,Clear,294.71,0.0,No,office,9,Medium,7
Wednesday,Clear,311.08,0.0,No,office,8,Medium,5
Monday,Haze,289.23,0.0,No,office,8,Medium,6
Monday,Fog,282.14,0.0,No,market,17,Medium,14
Tuesday,Haze,299.3,0.0,No,market,12,Low,11
Sunday,Clouds,306.43,0.02,Yes,market,12,Medium,11
Monday,Drizzle,290.64,1.05,No,mall,17,Medium,15
Thursday,Thunderstorm,296.09,1.33,No,mall,21,Medium,19
Friday,Haze,287.93,0.0,No,office,9,Medium,7
Thursday,Rain,300.89,2.08,No,market,19,Medium,16
Saturday,Drizzle,295.32,0.64,No,office,10,Medium,7
Thursday,Haze,292.57,0.0,No,market,20,Medium,18
Thursday,Clear,301.26,0.0,No,residential,18,Low,18
Thursday,Drizzle,287.88,0.51,No,mall,18,Medium,16
Tuesday,Rain,297.82,1.43,No,office,9,High,6
Monday,Rain,295.28,1.78,No,market,17,Medium,14
Thursday,Haze,289.42,0.0,No,office,9,Medium,7
Friday,Clouds,293.32,0.11,No,office,10,Medium,7
Tuesday,Clear,297.51,0.0,No,market,17,Medium,15
Thursday,Clear,294.3,0.0,No,market,20,Medium,17
Thursday,Clear,308.48,0.0,No,station,17,Medium,15
Saturday,Clear,309.3,0.0,No,station,7,Low,7
Friday,Clear,293.59,0.0,No,office,8,Medium,6
Tuesday,Clouds,304.0,0.05,No,market,18,Medium,15
Monday,Clear,306.98,0.0,No,office,8,Medium,5
Thursday,Clear,309.15,0.0,Yes,residential,7,Low,7
Tuesday,Rain,289.09,1.78,No,station,17,High,14
Thursday,Clear,307.98,0.0,No,mall,20,Medium,18
Saturday,Haze,294.87,0.0,No,office,11,Low,11
Friday,Haze,298.53,0.0,No,office,10,Medium,8
Saturday,Clear,297.12,0.0,No,station,19,Low,19
Wednesday,Clear,311.45,0.0,No,office,8,Medium,5
Thursday,Fog,287.38,0.0,Yes,office,8,Medium,5
Wednesday,Clouds,299.39,0.1,No,station,6,Low,4
Sunday,Haze,299.07,0.0,No,office,10,Medium,8
Tuesday,Clouds,298.25,0.17,Yes,mall,12,Medium,10
Thursday,Clear,298.74,0.0,Yes,office,8,Medium,6
Friday,Clear,306.03,0.0,No,mall,11,Low,11
Tuesday,Rain,301.39,0.78,No,market,11,Low,9
Thursday,Haze,297.21,0.0,No,market,17,Medium,14
Tuesday,Clouds,297.52,0.14,No,residential,7,Low,7
Tuesday,Haze,300.03,0.0,No,market,12,Low,12
Wednesday,Clouds,295.07,0.03,No,market,20,Medium,17
Sunday,Clear,311.82,0.0,No,office,11,Low,11
Saturday,Haze,296.12,0.0,No,office,10,Medium,9
Thursday,Clouds,293.75,0.0,No,office,9,Medium,6
Thursday,Clear,310.16,0.0,Yes,market,20,Medium,18
Wednesday,Fog,289.69,0.0,No,office,9,Medium,6
Friday,Clear,310.35,0.0,No,mall,17,Medium,16
Tuesday,Clear,293.34,0.0,No,residential,8,Low,8
Sunday,Clouds,303.94,0.12,No,mall,13,Medium,12
Wednesday,Clear,308.3,0.0,No,office,9,Medium,7
Thursday,Rain,290.6,0.67,No,office,9,Medium,6
Friday,Clouds,294.41,0.08,No,mall,12,Low,12
Friday,Clear,307.69,0.0,Yes,market,17,Medium,15
Friday,Fog,284.92,0.0,No,mall,19,Medium,17
Monday,Clear,297.07,0.0,No,office,8,Medium,5
Monday,Fog,285.73,0.0,No,mall,18,Medium,16
Thursday,Clear,299.36,0.0,No,market,11,Low,11
Friday,Rain,299.29,1.36,No,station,8,High,5
Friday,Clouds,295.65,0.15,No,mall,13,Low,12
Sunday,Clouds,304.18,0.2,No,station,7,Low,6
Tuesday,Haze,287.3,0.0,No,office,9,Medium,7
Sunday,Drizzle,292.01,0.62,No,office,12,Low,11
Tuesday,Haze,291.5,0.0,No,residential,20,Medium,19
Friday,Haze,288.74,0.0,Yes,mall,20,High,17
Friday,Clear,308.76,0.0,No,market,12,Low,12
Wednesday,Drizzle,290.91,1.05,No,residential,8,Medium,6
Friday,Clouds,290.98,0.09,No,office,9,Medium,6
Thursday,Clear,310.01,0.0,No,mall,18,Medium,17
Tuesday,Clear,296.62,0.0,No,market,12,Low,11
Friday,Clear,307.12,0.0,No,office,8,Medium,6
Thursday,Rain,299.11,1.61,No,office,8,High,5
Sunday,Clear,298.89,0.0,No,office,10,Low,10
Monday,Clouds,299.41,0.01,No,office,10,Medium,8
Saturday,Clear,310.13,0.0,No,station,6,Low,6
Saturday,Rain,285.24,2.19,No,market,18,High,15
Friday,Clear,303.93,0.0,No,office,8,Medium,5
Wednesday,Rain,298.71,0.64,No,station,6,Low,3
Saturday,Haze,300.06,0.0,No,office,11,Low,11
Tuesday,Clear,311.34,0.0,No,mall,21,Medium,20
Saturday,Clear,298.57,0.0,No,market,17,Medium,15
Sunday,Drizzle,286.49,0.6,No,office,10,Medium,8
Monday,Fog,290.45,0.0,No,station,18,Medium,15
Friday,Clear,302.24,0.0,No,office,10,Medium,7
Tuesday,Rain,287.0,1.16,No,market,11,Medium,9
Tuesday,Clouds,292.13,0.09,No,market,20,Medium,17
Friday,Rain,294.4,1.02,No,market,17,Medium,14
Tuesday,Clouds,297.69,0.0,No,market,18,Medium,15
Tuesday,Thunderstorm,299.81,2.69,Yes,office,9,High,6
Thursday,Clouds,304.32,0.03,Yes,residential,8,Low,8
Friday,Rain,289.05,0.56,No,station,8,Medium,5
Thursday,Clouds,293.27,0.04,Yes,office,8,Medium,6
Tuesday,Rain,300.4,1.87,No,office,8,High,5
Monday,Thunderstorm,291.82,2.59,No,station,7,High,4
Tuesday,Haze,288.33,0.0,No,mall,18,Medium,17
Tuesday,Clouds,292.77,0.09,Yes,office,8,Medium,6
Wednesday,Thunderstorm,290.92,1.25,No,market,18,Medium,15
Friday,Clear,308.6,0.0,No,office,10,Medium,7
Tuesday,Haze,300.22,0.0,No,market,18,Medium,16
Sunday,Clouds,295.25,0.07,No,mall,12,Medium,11
Wednesday,Haze,294.06,0.0,No,residential,17,Medium,16
Thursday,Clear,300.91,0.0,No,market,18,Medium,16
Monday,Clear,301.47,0.0,No,mall,20,Medium,18
Tuesday,Clear,295.06,0.0,No,residential,19,Low,19
Saturday,Rain,288.89,0.51,No,mall,21,Medium,18
Tuesday,Clear,307.1,0.0,No,office,8,Medium,6
Saturday,Clear,297.2,0.0,No,mall,19,Medium,17
Thursday,Haze,285.79,0.0,No,office,8,Medium,5
Sunday,Clear,305.11,0.0,No,mall,13,Medium,12
Saturday,Clouds,294.02,0.16,No,office,10,Low,10
Friday,Haze,296.78,0.0,No,residential,8,Medium,7
Friday,Clouds,300.78,0.17,No,mall,11,Low,11
Saturday,Clouds,299.49,0.07,No,market,18,Medium,16
Tuesday,Drizzle,290.12,1.08,No,mall,18,Medium,16
Friday,Drizzle,290.81,0.64,No,residential,9,Medium,7
Wednesday,Clear,302.65,0.0,No,office,10,Medium,8
Wednesday,Rain,297.53,0.64,No,station,19,Medium,16
Thursday,Clear,295.13,0.0,No,office,9,Medium,6
Tuesday,Clouds,299.39,0.04,No,station,8,Medium,6
Friday,Rain,289.18,0.96,No,office,8,Medium,5
Thursday,Haze,291.68,0.0,No,market,18,Medium,15
Monday,Clear,309.62,0.0,No,mall,11,Low,11
Sunday,Clear,302.54,0.0,No,mall,17,Medium,15
Monday,Clear,308.21,0.0,No,office,8,Medium,6
Wednesday,Clear,296.21,0.0,No,office,10,Medium,8
Monday,Rain,296.81,1.21,Yes,residential,19,Medium,17
Wednesday,Clouds,296.8,0.18,No,residential,18,Low,18
Wednesday,Clouds,293.71,0.11,No,mall,13,Low,13
Monday,Clear,298.43,0.0,No,mall,21,Medium,19
Friday,Clear,312.66,0.0,No,market,19,Medium,16
Monday,Clear,294.86,0.0,No,residential,17,Low,17
Sunday,Clouds,305.3,0.06,No,market,17,Medium,15
Wednesday,Clouds,298.1,0.08,No,mall,20,Medium,19
Wednesday,Haze,287.88,0.0,No,residential,17,Medium,16
Saturday,Clear,299.8,0.0,No,market,17,Medium,14
Monday,Haze,294.03,0.0,No,office,9,Medium,7
Monday,Clear,299.15,0.0,No,office,10,Medium,8
Friday,Clouds,303.28,0.16,No,office,9,Medium,6
Thursday,Clear,310.48,0.0,No,mall,11,Low,11
Friday,Clouds,299.65,0.06,No,mall,13,Low,13
Thursday,Clear,293.24,0.0,No,market,12,Low,12
Tuesday,Rain,293.19,2.1,No,market,19,Medium,16
Friday,Haze,298.36,0.0,Yes,office,10,Medium,8
Wednesday,Clear,302.77,0.0,No,office,9,Medium,6
Friday,Clouds,305.41,0.05,No,office,9,Medium,7
Wednesday,Rain,301.37,1.1,No,mall,21,Medium,18
Saturday,Fog,284.66,0.0,No,office,11,Low,10
Wednesday,Clouds,303.88,0.15,No,office,8,Medium,6
Monday,Clouds,291.87,0.16,No,mall,13,Low,13
Friday,Clear,312.53,0.0,No,residential,19,Low,18
Monday,Haze,292.11,0.0,No,station,7,Medium,5
Tuesday,Haze,285.36,0.0,No,mall,21,Medium,20
Thursday,Clouds,305.09,0.1,No,office,8,Medium,6
Friday,Clouds,298.62,0.07,No,residential,20,Low,20
Friday,Clouds,302.77,0.11,No,market,10,Low,10
Friday,Thunderstorm,287.41,2.69,No,residential,20,Medium,18
Saturday,Clear,295.76,0.0,No,market,19,Medium,16
Monday,Fog,289.71,0.0,No,residential,19,Medium,16
Friday,Clouds,293.18,0.01,No,mall,20,Medium,19
Thursday,Clouds,306.04,0.12,No,station,6,Low,5
Friday,Clouds,299.55,0.08,No,residential,9,Low,9
Friday,Clouds,305.55,0.0,No,office,8,Medium,6
Thursday,Clear,293.6,0.0,No,office,10,Medium,8
Sunday,Drizzle,290.54,1.19,No,office,10,Medium,8
Monday,Clouds,306.9,0.12,No,mall,20,Medium,19
Saturday,Clouds,306.94,0.11,No,mall,11,Low,11
Tuesday,Fog,288.22,0.0,No,station,19,Medium,16
Friday,Haze,296.85,0.0,No,market,19,Medium,17
Wednesday,Clouds,296.41,0.13,No,mall,11,Low,11
Wednesday,Clear,306.01,0.0,No,residential,7,Low,7
Sunday,Clear,296.99,0.0,No,residential,8,Low,8
Monday,Drizzle,292.18,0.5,No,office,10,Medium,7
Tuesday,Clouds,305.27,0.19,No,mall,11,Low,11
Wednesday,Clouds,301.07,0.15,No,residential,19,Low,19
Friday,Clouds,298.78,0.13,No,office,8,Medium,6
Friday,Clear,301.38,0.0,Yes,mall,18,Medium,16
Friday,Rain,287.92,1.3,No,station,17,High,14
Thursday,Clear,295.4,0.0,Yes,residential,7,Low,7
Sunday,Clear,297.37,0.0,No,mall,18,Medium,15
Thursday,Clear,303.44,0.0,No,office,9,Medium,6
Saturday,Fog,283.13,0.0,No,office,10,Medium,8
Tuesday,Clear,304.93,0.0,No,residential,18,Low,18
Sunday,Clear,304.03,0.0,No,mall,17,Medium,14
Wednesday,Clear,305.2,0.0,No,market,19,Medium,16
Monday,Clear,299.36,0.0,No,station,8,Medium,6
Monday,Clear,308.08,0.0,No,mall,20,Medium,18
Friday,Haze,300.53,0.0,No,market,12,Low,12
Saturday,Clear,300.05,0.0,No,station,18,Low,17
Sunday,Clear,307.25,0.0,No,office,11,Low,11
Sunday,Clouds,303.72,0.12,No,office,10,Low,9
Tuesday,Clouds,299.64,0.1,No,office,9,Medium,7
Monday,Clear,303.49,0.0,No,office,9,Medium,6
Thursday,Clouds,291.24,0.09,No,office,9,Medium,6
Tuesday,Haze,294.44,0.0,No,station,17,Medium,15
Thursday,Drizzle,294.22,0.42,No,market,20,Medium,17
Saturday,Fog,285.31,0.0,No,mall,21,Medium,18
Monday,Clouds,290.83,0.19,No,office,9,Medium,7
Monday,Fog,292.66,0.0,No,office,10,Medium,7
Sunday,Clear,294.33,0.0,No,mall,11,Low,10
Sunday,Fog,292.21,0.0,No,office,12,Low,11
Friday,Rain,297.43,1.46,No,residential,7,Medium,5
Monday,Clear,311.02,0.0,No,mall,21,Medium,19
Monday,Haze,298.33,0.0,No,residential,19,Medium,18
Friday,Clear,293.23,0.0,No,residential,9,Low,9
Monday,Rain,285.53,2.09,No,office,9,High,6
Thursday,Drizzle,294.38,0.82,No,market,18,Medium,15
Friday,Clouds,304.95,0.02,No,market,17,Medium,15
Thursday,Clouds,291.71,0.11,No,office,10,Medium,7
Monday,Haze,297.34,0.0,No,market,19,Medium,17
Tuesday,Clouds,292.05,0.03,No,market,12,Low,12
Friday,Rain,286.65,0.59,No,mall,19,Medium,17
Friday,Clear,301.38,0.0,No,office,9,Medium,7
Sunday,Rain,297.65,1.49,No,office,11,Medium,9
Thursday,Clear,298.97,0.0,No,office,9,Medium,7
Saturday,Clear,305.18,0.0,No,office,11,Low,10
Wednesday,Rain,298.17,1.04,No,mall,20,Medium,18
Friday,Clear,308.14,0.0,No,mall,19,Medium,17
Thursday,Clouds,303.28,0.07,No,station,19,Medium,17
Sunday,Haze,286.26,0.0,No,office,12,Low,12
Sunday,Clouds,296.02,0.0,No,office,10,Low,10
Friday,Rain,292.68,0.96,No,market,12,Low,10
Friday,Rain,285.8,1.34,No,office,8,High,5
Tuesday,Fog,283.47,0.0,No,residential,7,Medium,5
Sunday,Haze,297.62,0.0,No,station,7,Medium,6
Monday,Clouds,296.69,0.03,No,residential,10,Low,10
Tuesday,Haze,289.46,0.0,No,mall,20,Medium,19
Friday,Clear,299.43,0.0,No,residential,7,Low,7
Monday,Haze,296.35,0.0,No,station,8,Medium,6
Friday,Clear,294.11,0.0,No,mall,20,Medium,18
Tuesday,Rain,300.3,1.8,No,market,18,Medium,15
Monday,Clouds,306.87,0.01,No,market,18,Medium,16
Thursday,Rain,286.34,0.84,No,residential,17,Medium,15
Saturday,Clear,298.51,0.0,No,mall,12,Medium,11
Wednesday,Clear,295.39,0.0,No,market,11,Low,10
Monday,Haze,287.54,0.0,Yes,station,19,High,16
Thursday,Clouds,306.18,0.07,No,mall,11,Low,10
Friday,Rain,296.54,1.65,No,station,6,Low,4
Monday,Clouds,291.25,0.12,No,market,12,Low,12
Thursday,Rain,301.96,0.72,No,mall,21,Medium,19
Wednesday,Rain,291.18,2.16,No,market,17,Medium,14
Monday,Clear,302.72,0.0,No,residential,7,Low,6
Monday,Clouds,295.62,0.16,No,station,18,Medium,16
Wednesday,Clouds,292.2,0.11,No,office,8,Medium,5
Tuesday,Clouds,290.19,0.04,Yes,office,10,Medium,8
Sunday,Clear,293.58,0.0,No,office,12,Low,12
Thursday,Fog,285.44,0.0,No,mall,17,Medium,14
Friday,Clouds,304.01,0.19,Yes,mall,12,Medium,10
Monday,Clouds,303.85,0.1,No,market,17,Medium,15
Tuesday,Drizzle,286.66,0.49,No,office,10,Medium,7
Friday,Clouds,292.11,0.0,No,station,7,Medium,4
Wednesday,Clear,309.78,0.0,No,mall,17,Medium,16
Wednesday,Haze,295.97,0.0,No,mall,13,Low,12
Thursday,Clouds,293.99,0.16,No,office,9,Medium,6
Saturday,Clear,293.21,0.0,No,office,11,Low,11
Friday,Clear,296.93,0.0,No,station,17,Medium,15
Wednesday,Clouds,293.38,0.0,No,mall,12,Low,12
Wednesday,Clouds,295.9,0.09,No,market,12,Low,12
Tuesday,Clear,299.53,0.0,No,office,8,Medium,6
Monday,Fog,284.12,0.0,No,mall,18,Medium,16
Friday,Clouds,295.43,0.09,No,station,17,Medium,15
Friday,Clouds,296.76,0.19,No,station,19,Medium,16
Thursday,Rain,294.41,0.83,No,mall,20,Medium,17
Tuesday,Clouds,306.23,0.07,No,residential,20,Low,20
Sunday,Clouds,298.06,0.15,No,station,19,Low,19
Saturday,Clouds,292.79,0.12,No,market,10,Low,10
Tuesday,Haze,294.66,0.0,No,market,11,Low,11
Tuesday,Clear,293.8,0.0,No,station,17,Medium,15
Wednesday,Clouds,303.67,0.19,No,market,20,Medium,18
Tuesday,Haze,296.35,0.0,No,mall,17,Medium,16
Friday,Haze,285.35,0.0,No,office,8,Medium,6
Monday,Fog,281.45,0.0,No,residential,10,Medium,8
Tuesday,Haze,293.4,0.0,No,office,8,Medium,6
Friday,Rain,290.58,0.96,No,mall,19,Medium,16
Monday,Clouds,301.73,0.12,No,station,8,Medium,6
Monday,Fog,292.79,0.0,No,office,9,Medium,6
Tuesday,Fog,281.11,0.0,No,market,19,Medium,16
Wednesday,Clouds,302.34,0.14,Yes,office,8,Medium,5
Wednesday,Clear,309.05,0.0,Yes,office,9,Medium,7
Monday,Clear,299.26,0.0,No,mall,11,Low,11
Monday,Haze,297.66,0.0,No,office,8,Medium,6
Monday,Haze,298.9,0.0,No,mall,11,Low,11
Thursday,Clear,304.38,0.0,Yes,mall,20,Medium,17
Saturday,Clear,301.1,0.0,No,office,10,Low,10
Thursday,Rain,298.52,2.11,No,market,17,Medium,14
Thursday,Clouds,299.97,0.02,No,office,10,Medium,7
Friday,Clear,312.95,0.0,No,market,19,Medium,17
Thursday,Clear,307.8,0.0,No,market,17,Medium,15
Monday,Clear,301.34,0.0,No,office,8,Medium,6
Tuesday,Drizzle,289.86,0.58,No,office,8,Medium,5
Friday,Haze,299.56,0.0,No,residential,8,Medium,7
Thursday,Clear,307.0,0.0,No,mall,18,Medium,16
Wednesday,Clear,296.86,0.0,No,residential,9,Low,9
Sunday,Clear,300.95,0.0,No,office,12,Low,11
Monday,Rain,287.19,1.27,No,mall,13,Medium,10
Monday,Clear,303.44,0.0,No,residential,17,Low,17
Sunday,Clear,305.85,0.0,No,office,12,Low,11
Friday,Clouds,302.8,0.06,No,residential,17,Low,16
Thursday,Clear,306.57,0.0,No,residential,19,Low,19
Saturday,Clear,300.9,0.0,Yes,market,17,Medium,15
Thursday,Clouds,292.25,0.02,No,office,8,Medium,6
Friday,Drizzle,290.96,0.87,No,residential,19,Medium,16
Wednesday,Rain,290.99,2.19,No,market,12,Medium,9
Wednesday,Clouds,297.59,0.1,No,office,8,Medium,6
Tuesday,Clouds,296.0,0.07,No,office,8,Medium,6
Saturday,Clouds,298.03,0.06,No,office,12,Low,12
Tuesday,Clear,308.51,0.0,No,mall,20,Medium,18
Saturday,Clear,297.9,0.0,No,market,17,Medium,15
Saturday,Clouds,296.99,0.03,No,office,10,Low,10
Friday,Clear,305.17,0.0,No,residential,10,Low,10
Tuesday,Clouds,297.37,0.01,No,residential,7,Low,6
Saturday,Rain,287.29,0.96,No,station,18,Medium,16
Monday,Clouds,295.08,0.18,No,mall,18,Medium,17
Friday,Clear,303.19,0.0,No,mall,21,Medium,20
Thursday,Clouds,301.51,0.18,No,residential,10,Low,10
Monday,Clear,305.34,0.0,No,station,6,Low,5
Saturday,Rain,295.21,1.8,No,station,8,Medium,6
Thursday,Clear,299.24,0.0,Yes,market,17,Medium,15
Thursday,Clouds,299.05,0.09,No,mall,21,Medium,20
Friday,Fog,292.91,0.0,No,office,9,Medium,6
Tuesday,Rain,290.44,1.59,No,mall,13,Medium,11
Monday,Haze,288.52,0.0,No,mall,17,Medium,15
Monday,Fog,289.59,0.0,No,residential,19,Medium,16
Saturday,Clear,309.99,0.0,No,office,12,Low,12
Wednesday,Clear,312.33,0.0,No,office,10,Medium,8
Wednesday,Rain,298.57,0.65,No,station,18,Medium,15
Tuesday,Rain,298.97,1.46,No,office,9,High,6
Sunday,Clear,307.5,0.0,No,station,7,Low,6
Monday,Thunderstorm,302.03,1.46,No,residential,7,Medium,5
Monday,Drizzle,290.75,0.47,No,market,20,Medium,17
Monday,Rain,301.74,1.49,No,station,8,High,5
Thursday,Clear,297.05,0.0,No,mall,21,Medium,20
Saturday,Clouds,296.0,0.01,No,market,17,Medium,15
Thursday,Thunderstorm,299.96,2.25,No,office,10,High,7
Thursday,Clouds,298.93,0.17,No,residential,20,Low,19
Wednesday,Clouds,291.85,0.02,No,office,10,Medium,8
Thursday,Clouds,303.72,0.02,No,mall,12,Low,11
Saturday,Clouds,292.27,0.16,No,market,10,Low,9
Monday,Rain,285.8,1.5,No,mall,11,Medium,9
Thursday,Haze,288.7,0.0,No,office,10,Medium,7
Friday,Rain,289.12,1.04,No,residential,20,Medium,18
Wednesday,Thunderstorm,290.25,1.71,No,residential,10,Medium,7
Wednesday,Clear,309.11,0.0,No,market,20,Medium,18
Monday,Haze,297.28,0.0,No,mall,11,Low,11
Wednesday,Haze,295.81,0.0,No,residential,20,Medium,19
Friday,Clear,312.64,0.0,No,office,8,Medium,6
Sunday,Rain,301.17,1.61,No,office,11,Medium,9
Sunday,Rain,288.37,1.41,No,station,8,Medium,6
Thursday,Fog,287.16,0.0,No,mall,12,Low,10
Thursday,Clear,312.47,0.0,No,residential,9,Low,9
Wednesday,Clouds,298.04,0.16,Yes,mall,18,Medium,16
Saturday,Drizzle,298.22,0.27,No,mall,20,Medium,17
Thursday,Clouds,293.54,0.02,No,mall,21,Medium,19
Wednesday,Haze,296.25,0.0,No,market,11,Low,10
Tuesday,Fog,280.91,0.0,No,mall,17,Medium,15
Thursday,Clear,296.27,0.0,No,station,19,Medium,17
Tuesday,Clear,299.94,0.0,No,office,9,Medium,7
Thursday,Drizzle,299.66,0.5,No,market,10,Medium,7
Friday,Clouds,300.75,0.07,No,mall,12,Low,12
Sunday,Clouds,297.51,0.07,No,mall,12,Medium,11
Monday,Clouds,291.22,0.17,No,residential,19,Low,19
Tuesday,Clear,302.59,0.0,No,market,20,Medium,18
Friday,Clear,302.74,0.0,No,office,10,Medium,8
Friday,Clouds,294.91,0.13,No,office,8,Medium,6
Friday,Clouds,304.5,0.07,No,office,8,Medium,6
Thursday,Haze,287.99,0.0,No,residential,19,Medium,18
Wednesday,Haze,291.04,0.0,No,mall,12,Low,11
Sunday,Fog,291.81,0.0,No,office,11,Low,10
Monday,Clear,306.98,0.0,No,market,11,Low,11
Monday,Clouds,297.2,0.04,No,station,19,Medium,17
Thursday,Rain,295.44,1.06,No,office,9,High,6
Saturday,Clear,296.28,0.0,No,office,11,Low,11
Monday,Rain,292.38,1.02,No,office,9,High,6
Saturday,Clear,308.03,0.0,No,office,11,Low,11
Thursday,Fog,288.0,0.0,No,market,12,Low,11
Wednesday,Clear,306.71,0.0,No,market,19,Medium,17
Saturday,Clear,311.55,0.0,No,office,10,Low,10
Monday,Clouds,302.39,0.2,No,office,9,Medium,7
Friday,Rain,291.79,0.74,No,station,8,Medium,5
Thursday,Drizzle,286.99,1.13,No,office,8,High,5
Wednesday,Clear,294.86,0.0,No,mall,17,Medium,15
Thursday,Clear,295.68,0.0,No,mall,19,Medium,18
Monday,Clouds,301.06,0.08,No,mall,17,Medium,16
Friday,Clear,295.0,0.0,No,market,18,Medium,15
Sunday,Clouds,295.52,0.19,No,office,10,Low,9
Thursday,Drizzle,286.22,1.0,No,mall,12,Medium,9
Monday,Haze,290.12,0.0,No,residential,19,Medium,18
Friday,Haze,295.43,0.0,Yes,market,17,High,14
Saturday,Rain,297.27,1.13,No,residential,10,Medium,8
Monday,Clear,296.7,0.0,No,office,8,Medium,6
Sunday,Rain,285.32,1.05,No,residential,18,Medium,16
Tuesday,Fog,279.38,0.0,No,office,9,Medium,6
Monday,Fog,286.93,0.0,Yes,office,9,Medium,6
Wednesday,Clear,295.71,0.0,No,office,10,Medium,8
Monday,Clear,306.3,0.0,Yes,office,10,Medium,7
Monday,Fog,290.9,0.0,No,office,10,Medium,7
Tuesday,Clouds,293.27,0.13,No,office,8,Medium,5
Sunday,Clear,307.66,0.0,No,office,10,Low,9
Friday,Clear,303.01,0.0,No,mall,17,Medium,16
Thursday,Clear,304.67,0.0,No,mall,11,Low,11
Tuesday,Rain,301.16,0.92,No,market,19,Medium,16
Thursday,Clear,304.46,0.0,No,market,11,Low,11
Tuesday,Clouds,304.19,0.02,No,mall,17,Medium,15
Sunday,Clouds,291.13,0.1,No,mall,19,Medium,17
Wednesday,Clear,311.32,0.0,No,office,10,Medium,8
Tuesday,Clear,301.09,0.0,No,market,12,Low,12
Monday,Thunderstorm,291.6,2.53,No,market,20,Medium,17
Friday,Clear,305.68,0.0,No,mall,20,Medium,19
Friday,Rain,297.02,2.18,No,office,8,High,5
Tuesday,Clear,302.15,0.0,No,mall,12,Low,11
Sunday,Drizzle,290.86,0.41,No,market,18,Medium,15
Thursday,Clear,304.56,0.0,No,mall,20,Medium,19
Wednesday,Clouds,300.03,0.05,No,residential,17,Low,17
Wednesday,Haze,293.0,0.0,No,mall,17,Medium,16
Friday,Clear,309.13,0.0,No,office,8,Medium,5
Monday,Drizzle,290.11,0.81,No,residential,7,Medium,5
Thursday,Clouds,292.0,0.2,No,office,9,Medium,6
Friday,Fog,285.19,0.0,No,residential,17,Medium,15
Saturday,Haze,291.22,0.0,No,market,20,Medium,18
Friday,Haze,292.36,0.0,No,office,8,Medium,6
Monday,Clouds,301.3,0.2,No,mall,18,Medium,16
Friday,Clouds,291.5,0.08,No,mall,18,Medium,17
Wednesday,Clear,297.41,0.0,No,station,7,Medium,5
Sunday,Fog,287.0,0.0,Yes,office,11,Low,10
Thursday,Clear,308.09,0.0,No,office,10,Medium,8
Tuesday,Rain,292.13,1.32,No,office,9,High,6
Thursday,Rain,294.27,1.68,No,office,8,High,5
Sunday,Haze,285.6,0.0,No,market,17,Medium,15
Monday,Clouds,302.08,0.13,No,office,9,Medium,7
Monday,Rain,285.66,1.4,No,office,8,High,5
Saturday,Rain,301.99,1.77,Yes,station,17,Medium,15
Tuesday,Clear,310.91,0.0,No,office,8,Medium,6
Thursday,Clear,296.95,0.0,No,station,6,Low,4
Thursday,Rain,300.78,0.67,No,residential,20,Medium,17
Monday,Clear,307.04,0.0,No,mall,21,Medium,19
Monday,Haze,294.33,0.0,No,market,20,Medium,18
Sunday,Haze,285.07,0.0,No,office,11,Low,11
Tuesday,Clouds,300.74,0.06,No,office,10,Medium,8
Friday,Clouds,298.67,0.1,No,residential,19,Low,18
Tuesday,Fog,280.12,0.0,No,office,10,Medium,7
Tuesday,Thunderstorm,289.08,2.16,No,station,19,High,16
Friday,Rain,286.29,0.9,No,office,9,Medium,6
Wednesday,Drizzle,288.78,0.27,No,mall,20,Medium,18
Wednesday,Fog,285.96,0.0,No,station,7,Medium,4
Monday,Clouds,303.75,0.19,No,residential,17,Low,17
Thursday,Clouds,300.28,0.1,No,station,8,Medium,6
Sunday,Haze,295.06,0.0,No,office,10,Medium,8
Wednesday,Clear,300.28,0.0,No,station,17,Medium,15
Saturday,Fog,285.38,0.0,No,office,12,Low,11
Friday,Clear,300.66,0.0,Yes,mall,19,Medium,17
Friday,Clear,297.45,0.0,No,office,9,Medium,6
Thursday,Rain,289.43,1.84,No,station,17,High,14
Saturday,Thunderstorm,294.0,2.08,Yes,office,12,Medium,10
Sunday,Clouds,299.12,0.0,No,market,10,Low,10
Thursday,Rain,296.21,0.74,No,office,9,Medium,6
Tuesday,Clear,298.55,0.0,No,residential,17,Low,17
Thursday,Clear,298.46,0.0,Yes,mall,18,Medium,16
Wednesday,Clouds,303.29,0.14,No,market,11,Low,11
Friday,Clear,299.37,0.0,No,market,20,Medium,17
Sunday,Clouds,292.23,0.17,No,office,12,Low,11
Tuesday,Drizzle,294.35,0.24,No,residential,18,Medium,16
Monday,Rain,285.4,1.01,No,station,6,Low,4
Tuesday,Rain,287.15,1.8,No,office,9,High,6
Sunday,Clouds,303.6,0.06,No,office,11,Low,11
Thursday,Haze,299.82,0.0,No,office,10,Medium,7
Tuesday,Haze,288.64,0.0,No,mall,11,Low,11
Friday,Fog,289.06,0.0,No,office,10,Medium,7
Saturday,Clear,299.64,0.0,No,mall,11,Low,11
Sunday,Clouds,301.86,0.0,No,market,18,Medium,16
Thursday,Clouds,306.4,0.11,Yes,market,20,Medium,18
Wednesday,Rain,292.3,1.14,No,office,10,High,7
Wednesday,Clouds,294.65,0.09,Yes,mall,17,Medium,14
Tuesday,Rain,292.11,1.45,No,mall,12,Medium,10
Monday,Clouds,293.31,0.14,No,office,8,Medium,6
Friday,Clear,302.2,0.0,No,market,12,Low,12
Wednesday,Clouds,301.48,0.05,No,market,10,Low,10
Tuesday,Fog,282.83,0.0,No,office,8,Medium,5
Tuesday,Clear,310.46,0.0,No,market,12,Low,12
Thursday,Rain,294.94,0.55,No,office,9,Medium,6
Thursday,Clear,300.38,0.0,No,mall,13,Low,13
Tuesday,Haze,289.66,0.0,No,office,9,Medium,7
Saturday,Clouds,293.85,0.06,No,mall,13,Medium,12
Thursday,Clouds,291.69,0.06,No,mall,12,Low,12
Saturday,Clouds,299.21,0.15,No,office,10,Low,10
Friday,Clouds,293.57,0.17,No,residential,19,Low,18
Tuesday,Fog,292.6,0.0,No,office,9,Medium,6
Thursday,Clouds,305.94,0.07,No,mall,18,Medium,17
Wednesday,Clear,297.79,0.0,No,residential,7,Low,7
Thursday,Clear,294.24,0.0,Yes,mall,21,Medium,19
Tuesday,Clouds,296.41,0.04,No,residential,18,Low,18
Friday,Clouds,300.19,0.0,No,office,9,Medium,7
Tuesday,Fog,292.68,0.0,No,office,9,Medium,6
Monday,Clouds,303.29,0.15,No,mall,21,Medium,19
Tuesday,Clear,293.26,0.0,No,market,20,Medium,18
Sunday,Rain,296.39,2.16,No,mall,12,Medium,9
Friday,Clear,302.42,0.0,No,mall,19,Medium,17
Monday,Clear,294.73,0.0,No,office,10,Medium,8
Wednesday,Rain,295.62,0.76,No,office,8,Medium,5
Wednesday,Clear,305.58,0.0,No,residential,20,Low,19
Tuesday,Clear,302.73,0.0,No,office,8,Medium,6
Monday,Fog,288.06,0.0,No,office,10,Medium,7
Sunday,Rain,295.31,0.83,Yes,office,11,Low,10
Wednesday,Clouds,299.14,0.18,No,mall,17,Medium,16
Friday,Clear,299.89,0.0,No,office,8,Medium,5
Wednesday,Fog,286.5,0.0,No,office,9,Medium,6
Friday,Clouds,299.69,0.18,No,office,9,Medium,7
Sunday,Clear,298.5,0.0,No,office,10,Low,9
Saturday,Clouds,293.13,0.09,No,office,11,Low,11
Saturday,Clouds,306.89,0.06,No,mall,13,Medium,12
Thursday,Clouds,305.82,0.08,No,market,19,Medium,16
Tuesday,Clouds,292.72,0.06,No,mall,18,Medium,17
Friday,Clear,305.51,0.0,No,market,10,Low,9
Thursday,Clear,303.68,0.0,No,station,17,Medium,15
Monday,Fog,289.51,0.0,No,residential,19,Medium,16
Tuesday,Clear,293.44,0.0,No,station,19,Medium,17
Tuesday,Clear,295.62,0.0,No,market,20,Medium,17
Saturday,Clear,308.75,0.0,No,residential,7,Low,6
Wednesday,Drizzle,296.49,0.93,Yes,station,19,High,16
Sunday,Rain,287.33,0.7,No,market,17,Medium,14
Wednesday,Clouds,291.59,0.09,No,office,10,Medium,8
Friday,Haze,299.82,0.0,No,office,8,Medium,6
Tuesday,Clouds,303.02,0.09,No,market,17,Medium,14
Thursday,Clear,295.26,0.0,No,residential,19,Low,19
Monday,Rain,297.24,1.38,No,station,6,Low,4
Monday,Drizzle,294.15,0.4,No,market,20,Medium,17
Saturday,Clear,308.8,0.0,No,residential,19,Low,18
Thursday,Haze,291.1,0.0,No,market,10,Medium,9
Thursday,Rain,295.19,0.54,No,office,9,Medium,6
Tuesday,Clear,296.76,0.0,No,market,10,Low,10
Friday,Drizzle,291.61,1.02,No,office,10,High,7
Monday,Clouds,298.08,0.16,No,station,8,Medium,6
Thursday,Fog,287.08,0.0,No,office,10,Medium,7
Tuesday,Clear,298.44,0.0,No,residential,7,Low,6
Wednesday,Haze,298.34,0.0,No,mall,12,Low,12
Tuesday,Clear,299.39,0.0,No,residential,20,Low,20
Monday,Rain,293.78,1.04,No,residential,8,Medium,6
Thursday,Clear,294.82,0.0,No,market,18,Medium,16
Monday,Clouds,300.31,0.14,No,mall,12,Low,12
Thursday,Clear,303.32,0.0,No,office,8,Medium,5
Monday,Rain,291.55,1.11,No,residential,20,Medium,18
Friday,Clouds,290.71,0.06,Yes,office,8,Medium,6
Wednesday,Clear,299.96,0.0,No,office,10,Medium,8
Thursday,Thunderstorm,296.83,2.19,No,office,8,High,5
Tuesday,Clear,311.11,0.0,No,mall,13,Low,13
Thursday,Clouds,294.55,0.09,No,office,9,Medium,7
Monday,Clear,308.77,0.0,No,market,11,Low,11
Sunday,Fog,285.02,0.0,No,mall,21,Medium,18
Tuesday,Rain,297.07,0.78,No,office,9,Medium,6
Sunday,Clear,303.89,0.0,No,mall,17,Medium,15
Thursday,Clear,307.44,0.0,Yes,residential,20,Low,19
Friday,Drizzle,297.9,0.67,No,office,8,Medium,5
Monday,Clear,295.57,0.0,No,market,12,Low,11
Tuesday,Clear,311.15,0.0,No,market,10,Low,10
Saturday,Clear,298.9,0.0,No,market,12,Medium,11
Saturday,Fog,285.77,0.0,No,station,8,Medium,5
Sunday,Rain,298.32,2.04,No,office,12,Medium,9
Monday,Clouds,296.78,0.15,No,mall,20,Medium,19
Thursday,Clouds,293.99,0.06,No,market,17,Medium,15
Thursday,Drizzle,298.59,1.14,No,mall,13,Medium,10
Friday,Haze,300.32,0.0,No,mall,21,Medium,20
Thursday,Thunderstorm,298.96,1.92,No,market,11,Medium,9
Wednesday,Fog,283.68,0.0,No,office,8,Medium,5
Monday,Fog,280.35,0.0,No,station,6,Low,4
Wednesday,Clear,299.97,0.0,No,office,8,Medium,6
Friday,Haze,298.82,0.0,No,market,12,Low,12
Tuesday,Fog,284.01,0.0,No,office,10,Medium,7
Monday,Clouds,303.91,0.08,No,residential,20,Low,19
Sunday,Haze,288.84,0.0,No,mall,18,Medium,16
Monday,Haze,298.08,0.0,No,station,17,Medium,15
Monday,Clouds,295.66,0.17,No,mall,18,Medium,17
Sunday,Clear,293.79,0.0,Yes,mall,13,Medium,12
Monday,Clear,306.33,0.0,No,mall,11,Low,11
Tuesday,Clear,309.48,0.0,No,residential,18,Low,18
Wednesday,Rain,296.83,0.84,No,residential,7,Medium,4
Saturday,Haze,297.2,0.0,No,station,17,Medium,16
Monday,Clouds,298.95,0.12,No,office,8,Medium,5
Thursday,Drizzle,298.8,0.73,Yes,market,20,High,17
Wednesday,Clear,310.62,0.0,No,station,6,Low,5
Thursday,Clear,298.25,0.0,No,office,8,Medium,5
Wednesday,Clouds,299.07,0.13,No,office,9,Medium,7
Monday,Clouds,295.93,0.2,No,office,9,Medium,7
Friday,Fog,290.86,0.0,No,station,8,Medium,5
Monday,Clear,299.98,0.0,No,market,10,Low,10
Friday,Rain,292.36,2.08,No,market,10,Medium,8
Sunday,Thunderstorm,299.7,1.28,No,office,12,Medium,10
Wednesday,Haze,297.12,0.0,No,mall,19,Medium,17
Wednesday,Clouds,298.14,0.17,No,residential,8,Low,8
Wednesday,Clouds,301.3,0.07,No,office,10,Medium,7
Saturday,Clouds,296.83,0.12,No,market,11,Low,10
Wednesday,Clouds,301.69,0.09,No,mall,11,Low,10
Sunday,Clouds,300.89,0.14,No,mall,13,Medium,12
Wednesday,Rain,294.62,0.68,No,residential,10,Medium,7
Thursday,Drizzle,298.54,0.58,Yes,office,9,Medium,6
Sunday,Clear,311.49,0.0,No,mall,11,Low,11
Monday,Clear,304.03,0.0,No,mall,20,Medium,19
Sunday,Rain,290.97,0.66,No,office,11,Low,10
Friday,Clouds,290.67,0.17,No,market,12,Low,12
Monday,Clear,307.08,0.0,No,residential,17,Low,16
Thursday,Haze,300.88,0.0,No,station,8,Medium,6
Friday,Clear,307.62,0.0,No,residential,7,Low,7
Monday,Clouds,292.91,0.15,Yes,mall,11,Low,11
Monday,Rain,291.94,0.86,No,office,8,Medium,5
Wednesday,Fog,285.98,0.0,No,station,6,Low,4
Saturday,Haze,291.78,0.0,No,market,17,Medium,14
Wednesday,Thunderstorm,298.85,1.65,No,mall,18,Medium,16
Saturday,Clouds,301.28,0.12,No,market,12,Medium,10
Tuesday,Rain,298.41,1.12,No,market,18,Medium,15
Tuesday,Clear,306.11,0.0,No,mall,12,Low,11
Wednesday,Haze,298.96,0.0,No,market,11,Low,11
Thursday,Drizzle,291.3,0.75,No,market,19,Medium,16
Saturday,Clouds,296.66,0.06,No,market,11,Low,11
Monday,Clouds,298.92,0.0,No,residential,20,Low,20
Tuesday,Clouds,303.67,0.11,No,market,19,Medium,17
Tuesday,Clouds,300.15,0.07,No,market,19,Medium,17
Monday,Clear,294.19,0.0,No,market,12,Low,12
Thursday,Clouds,302.46,0.0,No,residential,19,Low,19
Tuesday,Fog,286.94,0.0,No,station,18,Medium,15
Tuesday,Rain,295.03,0.96,No,market,11,Low,10
Friday,Clear,311.51,0.0,No,station,6,Low,5
Wednesday,Clouds,301.5,0.14,No,station,6,Low,5
Sunday,Drizzle,287.41,0.41,No,office,10,Medium,8
Monday,Fog,288.61,0.0,No,mall,18,Medium,16
Friday,Clear,308.95,0.0,No,residential,18,Low,18
Monday,Clouds,294.67,0.17,No,office,9,Medium,7
Saturday,Clouds,304.29,0.08,No,market,11,Low,11
Monday,Clouds,298.99,0.11,No,office,9,Medium,7
Tuesday,Haze,291.9,0.0,Yes,station,8,High,5
Thursday,Clouds,305.33,0.06,No,mall,12,Low,12
Friday,Haze,299.78,0.0,No,office,9,Medium,6
Tuesday,Clouds,294.21,0.05,No,market,17,Medium,15
Saturday,Clouds,297.19,0.14,No,residential,20,Low,20
Friday,Clear,301.49,0.0,No,office,8,Medium,6
Thursday,Clouds,290.24,0.12,Yes,market,17,Medium,15
Monday,Clear,309.88,0.0,No,market,11,Low,11
Sunday,Drizzle,290.66,0.23,No,mall,21,Medium,18
Sunday,Haze,291.7,0.0,No,office,12,Low,12
Sunday,Clear,297.58,0.0,No,station,7,Low,7
Tuesday,Haze,295.4,0.0,Yes,mall,12,Medium,11
Thursday,Clouds,304.6,0.03,No,office,9,Medium,7
Monday,Clouds,296.31,0.08,No,office,9,Medium,7
Monday,Fog,287.8,0.0,No,mall,11,Low,10
Thursday,Clear,301.72,0.0,No,market,19,Medium,17
Sunday,Haze,298.69,0.0,No,office,10,Medium,8
Thursday,Clear,301.16,0.0,No,residential,8,Low,8
Sunday,Clear,311.06,0.0,No,station,18,Low,18
Sunday,Clouds,304.31,0.03,No,office,10,Low,10
Friday,Clear,304.87,0.0,No,mall,13,Low,13
Friday,Clouds,298.23,0.15,No,mall,21,Medium,19
Thursday,Clouds,300.11,0.12,No,mall,18,Medium,17
Saturday,Clear,293.21,0.0,No,office,11,Low,11
Monday,Clouds,299.43,0.01,No,residential,10,Low,10
Thursday,Haze,293.05,0.0,No,station,7,Medium,4
Monday,Clear,305.09,0.0,No,residential,7,Low,7
Tuesday,Haze,289.76,0.0,No,residential,20,Medium,19
Tuesday,Clear,310.77,0.0,No,mall,12,Low,12
Wednesday,Clear,297.89,0.0,No,office,9,Medium,7
Thursday,Clear,303.71,0.0,No,office,8,Medium,6
Friday,Fog,288.59,0.0,No,office,10,Medium,7
Thursday,Clouds,297.06,0.0,No,market,19,Medium,17
Friday,Fog,287.4,0.0,No,market,11,Low,10
Friday,Clear,293.46,0.0,No,mall,13,Low,13
Friday,Drizzle,299.7,0.66,No,office,8,Medium,5
Thursday,Rain,296.41,1.92,No,market,10,Medium,8
Tuesday,Clear,295.2,0.0,No,office,9,Medium,7
Thursday,Clouds,305.89,0.08,No,market,12,Low,11
Wednesday,Haze,292.26,0.0,No,mall,12,Low,12
Wednesday,Clear,308.1,0.0,No,market,20,Medium,17
Friday,Clouds,296.81,0.03,No,market,11,Low,10
Sunday,Drizzle,291.58,0.69,No,mall,17,Medium,14
Thursday,Fog,290.52,0.0,Yes,market,17,High,14
Tuesday,Haze,300.38,0.0,No,residential,17,Medium,15
Saturday,Clear,297.37,0.0,No,office,11,Low,11
Monday,Haze,287.79,0.0,No,mall,12,Low,12
Tuesday,Haze,300.85,0.0,No,mall,12,Low,12
Saturday,Clear,298.01,0.0,No,mall,21,Medium,18
Thursday,Clear,304.02,0.0,No,station,6,Low,5
Monday,Clouds,300.26,0.13,No,office,8,Medium,6
Friday,Clouds,293.08,0.19,No,office,9,Medium,7
Friday,Clouds,300.17,0.06,Yes,office,8,Medium,6
Monday,Clear,294.88,0.0,No,market,19,Medium,17
Monday,Clear,296.85,0.0,No,office,9,Medium,7
Wednesday,Haze,298.57,0.0,No,residential,19,Medium,17
Thursday,Fog,288.19,0.0,No,market,20,Medium,17
Saturday,Haze,285.91,0.0,No,residential,20,Medium,19
Monday,Clouds,296.96,0.07,No,office,9,Medium,7
Thursday,Thunderstorm,302.15,1.02,No,residential,8,Medium,6
Thursday,Clouds,294.14,0.2,No,residential,18,Low,18
Tuesday,Rain,292.63,0.8,No,mall,19,Medium,16
Monday,Clear,311.28,0.0,No,residential,19,Low,19
Thursday,Rain,297.08,1.6,No,station,18,High,15
Wednesday,Haze,286.82,0.0,No,station,7,Medium,5
Thursday,Clouds,303.52,0.14,No,mall,21,Medium,20
Saturday,Rain,298.64,0.91,No,residential,19,Medium,17
Tuesday,Clear,305.04,0.0,Yes,office,8,Medium,5
Friday,Clouds,303.2,0.1,No,residential,17,Low,16
Sunday,Haze,299.67,0.0,No,market,11,Low,11
Monday,Clear,305.64,0.0,No,market,19,Medium,17
Friday,Clouds,294.63,0.17,No,station,6,Low,5
Wednesday,Haze,298.49,0.0,No,station,6,Low,5
Saturday,Rain,286.81,1.7,No,market,11,Medium,9
Wednesday,Clouds,299.71,0.05,No,office,10,Medium,8
Friday,Clear,299.28,0.0,No,residential,18,Low,18
Thursday,Haze,293.34,0.0,No,office,9,Medium,7
Friday,Clouds,303.4,0.11,No,mall,18,Medium,17
Sunday,Haze,298.86,0.0,No,office,12,Low,11
Thursday,Clear,311.91,0.0,No,market,11,Low,10
Wednesday,Clear,305.43,0.0,No,office,8,Medium,5
Wednesday,Clear,306.14,0.0,No,mall,13,Low,13
Friday,Haze,295.34,0.0,No,office,8,Medium,6
Monday,Rain,286.04,1.65,No,residential,10,Medium,8
Wednesday,Clear,303.89,0.0,No,office,8,Medium,6
Tuesday,Rain,289.6,1.64,No,office,10,High,7
Friday,Clear,305.02,0.0,No,office,9,Medium,7
Friday,Haze,293.24,0.0,No,station,6,Low,5
Wednesday,Rain,289.85,1.03,No,office,10,High,7
Saturday,Clear,305.73,0.0,No,mall,19,Medium,17
Sunday,Clouds,304.02,0.08,Yes,residential,7,Low,7
Monday,Clear,298.34,0.0,No,office,9,Medium,7
Monday,Clouds,302.09,0.09,No,station,7,Medium,4
Thursday,Clouds,293.94,0.08,No,market,18,Medium,16
Saturday,Haze,285.26,0.0,No,residential,10,Medium,9
Friday,Haze,298.74,0.0,No,office,9,Medium,6
Wednesday,Clear,296.83,0.0,No,office,8,Medium,6
Sunday,Clouds,305.96,0.15,No,office,11,Low,11
Friday,Rain,287.99,0.92,No,mall,19,Medium,16
Sunday,Clear,293.42,0.0,No,station,18,Low,18
Saturday,Clear,308.18,0.0,No,office,11,Low,11
Thursday,Rain,299.72,0.92,No,market,17,Medium,14
Tuesday,Clear,310.24,0.0,No,office,10,Medium,8
Tuesday,Clouds,290.08,0.15,No,office,10,Medium,8
Tuesday,Clear,298.5,0.0,No,residential,20,Low,19
Friday,Clouds,300.01,0.12,No,mall,20,Medium,19
Wednesday,Rain,299.73,1.24,Yes,office,8,High,5
Thursday,Clear,308.17,0.0,No,station,6,Low,5
Friday,Clear,300.84,0.0,No,station,17,Medium,14
Wednesday,Clear,307.56,0.0,No,mall,19,Medium,18
Friday,Clear,310.74,0.0,No,mall,18,Medium,17
Tuesday,Haze,295.23,0.0,No,office,9,Medium,7
Monday,Clear,311.19,0.0,No,station,8,Medium,5
Wednesday,Drizzle,293.27,0.51,No,market,20,Medium,17
Sunday,Clear,309.63,0.0,No,market,17,Medium,15
Saturday,Clear,293.67,0.0,No,market,10,Low,10
Sunday,Clouds,304.81,0.2,No,residential,10,Low,10
Friday,Clouds,303.42,0.13,No,market,12,Low,12
Thursday,Fog,284.7,0.0,No,office,8,Medium,5
Friday,Clouds,290.32,0.17,Yes,office,10,Medium,8
Saturday,Clouds,300.22,0.02,No,office,12,Low,12
Monday,Rain,287.51,1.98,No,office,10,High,7
Wednesday,Clear,297.32,0.0,No,mall,21,Medium,20
Monday,Clear,299.08,0.0,No,office,9,Medium,7
Wednesday,Fog,289.06,0.0,No,market,17,Medium,14
Friday,Clouds,301.55,0.02,No,office,8,Medium,6
Wednesday,Rain,290.12,1.97,No,office,8,High,5
Tuesday,Clouds,306.03,0.09,No,mall,13,Low,13
Thursday,Rain,295.29,1.88,No,station,18,High,15
Sunday,Clear,298.74,0.0,No,market,18,Medium,16
Saturday,Clouds,304.42,0.09,No,market,11,Low,11
Saturday,Fog,285.67,0.0,No,market,20,Medium,17
Tuesday,Clear,310.33,0.0,No,office,8,Medium,6
Monday,Clear,294.77,0.0,No,residential,18,Low,17
Friday,Clear,304.77,0.0,No,residential,10,Low,10
Thursday,Rain,291.33,1.11,No,office,8,High,5
Friday,Clear,312.66,0.0,No,market,12,Low,11
Wednesday,Rain,299.7,0.72,No,mall,13,Low,12
Thursday,Fog,291.06,0.0,Yes,station,19,High,16
Monday,Clear,294.2,0.0,No,station,19,Medium,17
Thursday,Rain,286.32,1.52,No,market,12,Medium,9
Saturday,Clouds,301.61,0.06,No,station,6,Low,5
Friday,Clear,307.6,0.0,No,office,9,Medium,6
Sunday,Clouds,301.37,0.06,No,mall,20,Medium,17
Wednesday,Clouds,292.5,0.12,No,residential,19,Low,19
Wednesday,Clear,305.84,0.0,No,mall,19,Medium,18
Friday,Fog,287.04,0.0,No,residential,7,Medium,4
Sunday,Clear,302.62,0.0,No,market,12,Medium,10
Tuesday,Clear,294.34,0.0,No,office,9,Medium,6
Wednesday,Clouds,294.14,0.11,No,office,9,Medium,7
Wednesday,Clear,302.1,0.0,No,market,12,Low,12
Monday,Clear,293.33,0.0,No,mall,18,Medium,17
Sunday,Clouds,293.84,0.07,Yes,office,12,Low,11
Wednesday,Clouds,291.62,0.02,No,station,17,Medium,15
Monday,Clear,303.28,0.0,No,residential,7,Low,6
Friday,Clouds,306.16,0.19,No,residential,8,Low,8
Thursday,Clouds,295.57,0.18,No,residential,20,Low,20
Saturday,Rain,301.51,1.44,No,residential,8,Medium,6
Saturday,Clear,302.21,0.0,No,market,20,Medium,18
Tuesday,Clouds,295.29,0.15,No,office,8,Medium,6
Friday,Clear,298.16,0.0,No,station,18,Medium,16
Monday,Clear,296.14,0.0,No,residential,9,Low,9
Thursday,Drizzle,298.7,1.04,No,market,11,Medium,9
Tuesday,Clouds,293.28,0.02,No,mall,13,Low,12
Monday,Rain,291.06,0.83,Yes,office,9,Medium,6
Wednesday,Rain,290.05,1.26,No,office,8,High,5
Saturday,Clouds,299.33,0.13,No,residential,19,Low,18
Wednesday,Clear,309.0,0.0,No,market,17,Medium,15
Monday,Haze,286.57,0.0,No,residential,9,Medium,8
Wednesday,Haze,299.96,0.0,No,office,9,Medium,7
Monday,Fog,292.75,0.0,No,station,19,Medium,16
Monday,Fog,287.91,0.0,No,station,19,Medium,16
Monday,Clouds,297.1,0.1,No,market,17,Medium,15
Thursday,Clear,308.64,0.0,No,mall,20,Medium,18
Sunday,Haze,292.95,0.0,No,office,10,Medium,9
Friday,Clear,306.24,0.0,No,office,10,Medium,8
Thursday,Haze,285.79,0.0,No,market,18,Medium,16
Monday,Clouds,304.37,0.11,No,station,19,Medium,17
Tuesday,Drizzle,288.17,0.55,No,office,9,Medium,6
Sunday,Haze,293.19,0.0,No,market,12,Medium,11
Friday,Clouds,303.7,0.01,No,office,10,Medium,8
Friday,Clear,308.66,0.0,No,market,12,Low,11
Tuesday,Haze,294.71,0.0,No,station,17,Medium,15
Tuesday,Drizzle,294.77,0.53,No,office,10,Medium,7
Tuesday,Clear,309.82,0.0,No,office,9,Medium,7
Tuesday,Fog,284.33,0.0,No,residential,20,Medium,18
Monday,Clouds,292.18,0.19,No,mall,11,Low,11
Saturday,Rain,294.45,0.52,No,station,19,Medium,17
Friday,Fog,287.62,0.0,No,mall,12,Low,11
Tuesday,Rain,293.86,1.86,No,office,9,High,6
Thursday,Clear,294.47,0.0,No,station,18,Medium,16
Tuesday,Clear,300.23,0.0,No,market,19,Medium,17
Thursday,Drizzle,292.13,0.42,Yes,residential,8,Medium,6
Friday,Clouds,303.73,0.05,No,office,9,Medium,6
Saturday,Rain,290.64,1.67,No,residential,19,Medium,17
Wednesday,Rain,287.7,2.04,No,residential,9,Medium,7
Friday,Clear,300.47,0.0,Yes,office,8,Medium,6
Wednesday,Drizzle,292.34,1.11,No,market,19,Medium,16
Thursday,Rain,288.72,2.16,No,mall,19,Medium,17
Saturday,Clear,300.15,0.0,No,mall,13,Medium,11
Wednesday,Haze,287.54,0.0,No,mall,19,Medium,17
Tuesday,Clear,306.72,0.0,No,market,12,Low,12
Sunday,Clouds,295.49,0.02,No,mall,13,Medium,12
Friday,Clear,297.48,0.0,No,residential,19,Low,19
Friday,Fog,285.1,0.0,No,office,9,Medium,6
Wednesday,Drizzle,286.12,1.01,No,residential,10,Medium,8
Wednesday,Clear,295.21,0.0,No,mall,13,Low,13
Monday,Clouds,300.87,0.03,No,market,18,Medium,16
Thursday,Fog,283.27,0.0,No,market,20,Medium,17
Wednesday,Clouds,298.84,0.05,No,mall,11,Low,11
Sunday,Clouds,290.57,0.0,No,market,20,Medium,18
Thursday,Rain,292.46,0.91,No,office,9,Medium,6
Wednesday,Rain,290.55,0.96,No,market,10,Medium,8
Tuesday,Clear,310.81,0.0,No,office,9,Medium,7
Sunday,Haze,287.2,0.0,No,market,17,Medium,15
Friday,Haze,286.01,0.0,No,mall,18,Medium,17
Friday,Clouds,302.56,0.19,No,market,12,Low,12
Friday,Rain,301.14,2.15,No,office,8,High,5
Thursday,Clouds,295.78,0.06,No,market,19,Medium,17
Wednesday,Drizzle,291.56,0.68,No,mall,17,Medium,15
Friday,Haze,298.32,0.0,No,office,10,Medium,8
Monday,Haze,300.01,0.0,No,market,18,Medium,16
Wednesday,Clear,306.55,0.0,No,mall,12,Low,12
Friday,Clear,306.44,0.0,No,residential,9,Low,9
Thursday,Clouds,300.95,0.13,No,office,8,Medium,5
Wednesday,Clouds,290.62,0.0,No,mall,19,Medium,18
Friday,Rain,288.79,1.8,No,market,19,Medium,16
Monday,Clouds,306.16,0.15,No,market,20,Medium,18
Friday,Clouds,306.09,0.14,No,market,10,Low,10
Wednesday,Clouds,306.9,0.13,No,mall,21,Medium,20
Friday,Fog,287.6,0.0,No,mall,17,Medium,15
Saturday,Clear,300.05,0.0,No,residential,20,Low,20
Wednesday,Clear,312.33,0.0,No,office,9,Medium,7
Monday,Clouds,300.53,0.06,No,residential,18,Low,18
Thursday,Clouds,304.18,0.13,No,station,8,Medium,6
Thursday,Clouds,298.53,0.13,No,residential,20,Low,20
Friday,Haze,286.88,0.0,No,station,8,Medium,6
Tuesday,Fog,287.93,0.0,No,market,19,Medium,16
Monday,Rain,301.95,1.26,No,office,9,High,6
Friday,Fog,290.29,0.0,No,mall,21,Medium,19
Monday,Clouds,306.91,0.1,No,mall,19,Medium,18
Wednesday,Clear,293.51,0.0,No,market,10,Low,9
Monday,Haze,285.5,0.0,No,office,9,Medium,7
Wednesday,Clouds,303.44,0.05,Yes,office,9,Medium,6
Friday,Clear,306.6,0.0,No,office,10,Medium,8
Monday,Rain,289.02,1.43,No,market,18,Medium,15
Wednesday,Thunderstorm,300.44,1.97,No,residential,18,Medium,16
Friday,Clouds,297.73,0.03,No,residential,7,Low,7
Friday,Rain,298.94,1.78,No,station,7,High,4
Tuesday,Rain,290.27,1.34,No,office,9,High,6
Wednesday,Clear,307.25,0.0,No,market,11,Low,10
Wednesday,Drizzle,290.02,1.16,No,market,10,Medium,8
Friday,Fog,290.26,0.0,No,station,19,Medium,16
Saturday,Clouds,290.43,0.03,No,residential,9,Low,9
Sunday,Rain,293.0,1.51,No,residential,10,Medium,8
Monday,Clouds,299.92,0.02,No,mall,20,Medium,19
Sunday,Clear,305.53,0.0,No,market,11,Low,11
Saturday,Clouds,303.43,0.11,No,office,10,Low,10
Saturday,Clear,312.53,0.0,No,market,20,Medium,17
Sunday,Clouds,296.33,0.04,No,residential,17,Low,17
Tuesday,Clouds,303.55,0.14,No,station,6,Low,5
Monday,Clear,312.33,0.0,No,mall,21,Medium,20
Monday,Haze,288.46,0.0,No,residential,8,Medium,6
Thursday,Fog,282.91,0.0,No,market,18,Medium,15
Tuesday,Clear,294.49,0.0,No,residential,9,Low,9
Tuesday,Rain,286.89,1.25,No,mall,11,Medium,8
Monday,Rain,291.71,0.99,No,office,9,Medium,6
Friday,Haze,292.73,0.0,No,office,9,Medium,7
Friday,Clear,301.42,0.0,No,mall,19,Medium,18
Thursday,Clouds,290.71,0.11,No,office,8,Medium,5
Thursday,Clouds,303.84,0.04,No,residential,8,Low,8
Wednesday,Rain,289.36,1.23,No,office,9,High,6
Wednesday,Haze,285.33,0.0,No,mall,17,Medium,16
Friday,Haze,288.67,0.0,No,residential,20,Medium,19
Friday,Clear,294.38,0.0,No,residential,7,Low,7
Tuesday,Clouds,297.9,0.0,No,station,7,Medium,5
Sunday,Haze,295.2,0.0,No,station,6,Low,6
Friday,Clouds,290.06,0.03,No,mall,13,Low,13
Thursday,Rain,293.74,0.74,No,mall,19,Medium,17
Tuesday,Clear,303.07,0.0,No,station,18,Medium,16
Monday,Rain,290.55,0.64,No,mall,17,Medium,15
Wednesday,Clear,310.52,0.0,No,office,9,Medium,7
Monday,Clear,303.86,0.0,No,market,10,Low,10
Wednesday,Haze,294.06,0.0,Yes,station,18,High,15
Wednesday,Clouds,298.38,0.1,No,market,18,Medium,16
Tuesday,Rain,300.19,1.02,No,mall,21,Medium,18
Monday,Clear,309.18,0.0,No,office,9,Medium,7
Tuesday,Clear,304.15,0.0,No,mall,18,Medium,16
Wednesday,Rain,285.16,0.98,No,market,17,Medium,14
Friday,Rain,295.86,1.3,No,residential,10,Medium,8
Tuesday,Fog,289.12,0.0,No,office,9,Medium,6
Saturday,Clear,293.01,0.0,No,office,11,Low,11
Thursday,Fog,282.04,0.0,No,market,17,Medium,14
Sunday,Rain,287.76,0.59,No,mall,19,Medium,16
Saturday,Rain,292.03,0.7,Yes,market,12,Medium,9
Sunday,Clear,301.99,0.0,No,residential,19,Low,19
Wednesday,Clear,300.75,0.0,No,mall,21,Medium,20
Thursday,Fog,287.12,0.0,No,office,8,Medium,5
Sunday,Fog,279.16,0.0,No,mall,19,Medium,16
Sunday,Rain,286.15,1.38,No,station,19,Medium,16
Monday,Rain,300.14,1.25,No,market,17,Medium,14
Friday,Rain,291.91,1.14,No,office,10,High,7
Saturday,Clear,308.71,0.0,Yes,market,17,Medium,14
Friday,Clear,304.94,0.0,No,station,6,Low,5
Wednesday,Rain,289.89,0.78,No,station,19,Medium,16
Monday,Clouds,293.91,0.06,Yes,office,10,Medium,7
Saturday,Clouds,306.56,0.14,No,station,17,Low,17
Wednesday,Clear,301.75,0.0,No,mall,13,Low,13
Friday,Clear,299.87,0.0,No,residential,8,Low,8
Monday,Clear,310.72,0.0,No,mall,18,Medium,17
Thursday,Clear,295.33,0.0,No,market,12,Low,12
Tuesday,Rain,294.0,0.51,No,mall,18,Medium,15
Wednesday,Clouds,303.61,0.1,No,station,7,Medium,4
Thursday,Clouds,290.47,0.04,No,residential,20,Low,20
Tuesday,Rain,285.58,2.03,No,office,8,High,5
Thursday,Drizzle,297.64,0.86,No,station,7,Medium,4
Thursday,Rain,293.83,0.85,No,market,11,Low,10
Tuesday,Clouds,303.55,0.03,No,office,9,Medium,6
Sunday,Clear,301.54,0.0,No,residential,17,Low,17
Thursday,Clear,299.48,0.0,No,mall,21,Medium,20
Thursday,Clear,293.42,0.0,No,office,8,Medium,6
Monday,Clear,311.94,0.0,No,station,8,Medium,6
Thursday,Clear,310.76,0.0,No,residential,8,Low,8
Saturday,Clear,294.95,0.0,No,office,12,Low,11
Tuesday,Clear,307.43,0.0,Yes,office,8,Medium,6
Tuesday,Clear,304.46,0.0,No,residential,10,Low,9
Monday,Clear,303.7,0.0,No,office,10,Medium,7
Monday,Clear,312.56,0.0,No,office,9,Medium,7
Wednesday,Clouds,301.96,0.12,No,office,10,Medium,8
Wednesday,Clouds,300.36,0.17,No,market,18,Medium,16
Monday,Clouds,290.79,0.17,No,office,8,Medium,6
Monday,Drizzle,292.75,0.2,No,office,8,Medium,5
Friday,Haze,286.65,0.0,No,residential,9,Medium,8
Sunday,Clouds,293.59,0.12,No,market,10,Low,10
Thursday,Clear,311.73,0.0,No,station,17,Medium,15
Sunday,Clear,309.21,0.0,No,station,7,Low,6
Monday,Clear,311.51,0.0,No,office,10,Medium,8
Tuesday,Fog,282.3,0.0,No,residential,20,Medium,17
Friday,Rain,289.38,0.83,No,mall,13,Low,12
Saturday,Clouds,292.8,0.19,No,residential,20,Low,19
Monday,Rain,288.79,1.38,No,station,19,High,16
Saturday,Fog,282.17,0.0,No,residential,7,Medium,5
Friday,Clouds,297.12,0.01,Yes,office,9,Medium,7
Thursday,Clouds,296.02,0.05,No,office,8,Medium,6
Saturday,Clear,298.23,0.0,No,mall,13,Medium,12
Tuesday,Clear,308.21,0.0,No,market,11,Low,11
Sunday,Rain,296.54,0.75,No,residential,7,Medium,5
Friday,Clouds,305.49,0.05,No,office,8,Medium,6
Wednesday,Rain,295.78,1.39,No,station,6,Low,4
Tuesday,Clouds,295.2,0.03,No,mall,18,Medium,17
Saturday,Fog,287.63,0.0,No,station,19,Medium,16
Friday,Thunderstorm,291.24,2.19,No,market,10,Medium,8
Wednesday,Clear,307.57,0.0,No,station,19,Medium,17
Monday,Haze,285.25,0.0,Yes,market,11,Medium,10
Wednesday,Clear,309.81,0.0,No,market,17,Medium,15
Wednesday,Clear,306.17,0.0,Yes,mall,19,Medium,17
Tuesday,Haze,294.58,0.0,No,office,9,Medium,7
Friday,Rain,289.55,1.47,No,mall,19,Medium,17
Sunday,Clouds,294.71,0.17,No,residential,19,Low,19
Friday,Clouds,299.48,0.04,No,residential,9,Low,9
Saturday,Rain,289.19,2.09,No,market,10,Medium,8
Tuesday,Clear,296.62,0.0,No,station,19,Medium,17
Monday,Fog,292.07,0.0,Yes,office,9,Medium,6
Tuesday,Clear,297.6,0.0,Yes,market,11,Low,11
Wednesday,Clear,309.38,0.0,No,office,8,Medium,6
Wednesday,Clear,304.76,0.0,No,mall,21,Medium,20
Tuesday,Drizzle,291.9,0.27,No,office,9,Medium,6
Wednesday,Clear,297.65,0.0,No,mall,12,Low,12
Sunday,Clouds,304.36,0.16,No,market,10,Low,10
Sunday,Fog,283.34,0.0,No,mall,17,Medium,14
Thursday,Clear,302.94,0.0,No,market,10,Low,10
Thursday,Clouds,293.92,0.19,No,office,9,Medium,7
Sunday,Rain,292.32,1.77,No,mall,11,Medium,9
Friday,Clouds,306.12,0.09,No,market,19,Medium,17
Saturday,Drizzle,290.69,0.49,Yes,office,11,Low,9
Thursday,Haze,292.37,0.0,No,mall,20,Medium,19
Friday,Clear,311.67,0.0,Yes,residential,19,Low,19
Monday,Fog,284.85,0.0,No,office,9,Medium,6
Friday,Rain,293.92,1.45,No,residential,20,Medium,18
Monday,Haze,291.17,0.0,No,market,17,Medium,15
Wednesday,Clear,309.35,0.0,No,mall,19,Medium,17
Sunday,Haze,295.57,0.0,No,office,11,Low,10
Friday,Clouds,292.99,0.01,No,residential,9,Low,9
Friday,Fog,292.77,0.0,No,office,8,Medium,5
Wednesday,Clear,301.4,0.0,Yes,residential,20,Low,20
Friday,Drizzle,289.33,0.97,No,market,10,Medium,8
Monday,Haze,288.27,0.0,No,office,9,Medium,7
Tuesday,Drizzle,291.68,0.72,No,mall,11,Low,10
Monday,Rain,286.43,1.02,No,residential,20,Medium,18
Friday,Clouds,306.95,0.05,No,market,20,Medium,18
Sunday,Clouds,292.49,0.14,No,residential,10,Low,10
Wednesday,Clear,302.39,0.0,No,market,11,Low,11
Monday,Clouds,299.47,0.02,No,office,9,Medium,6
Monday,Haze,285.2,0.0,No,office,9,Medium,7
Friday,Drizzle,290.35,0.52,No,office,9,Medium,6
Tuesday,Thunderstorm,299.24,2.33,No,station,18,High,15
Thursday,Clear,303.2,0.0,No,mall,21,Medium,19
Monday,Rain,298.12,0.92,No,office,8,Medium,5
Monday,Clear,296.15,0.0,No,residential,17,Low,17
Sunday,Clear,312.83,0.0,No,mall,18,Medium,15
Tuesday,Clear,305.38,0.0,No,office,9,Medium,7
Monday,Clear,299.74,0.0,No,residential,19,Low,19
Thursday,Clear,293.75,0.0,No,office,8,Medium,6
Monday,Clouds,304.42,0.19,No,mall,21,Medium,20
Friday,Rain,286.74,1.38,No,mall,11,Medium,9
Wednesday,Clear,303.85,0.0,No,mall,20,Medium,19
Tuesday,Clouds,303.11,0.1,No,office,10,Medium,7
Friday,Clear,300.82,0.0,No,mall,19,Medium,18
Tuesday,Clear,312.54,0.0,No,office,8,Medium,6
Tuesday,Clear,294.41,0.0,No,residential,19,Low,19
Wednesday,Clear,294.47,0.0,No,office,8,Medium,6
Sunday,Clouds,296.47,0.12,No,office,10,Low,10
Friday,Haze,291.54,0.0,No,residential,10,Medium,9
Tuesday,Rain,294.65,1.77,No,station,6,Low,4
Friday,Drizzle,296.15,0.34,No,market,17,Medium,14
Wednesday,Clear,312.38,0.0,No,residential,10,Low,10
Tuesday,Clouds,291.88,0.17,No,office,8,Medium,6
Tuesday,Rain,296.86,0.89,No,station,8,Medium,5
Wednesday,Clear,302.01,0.0,No,residential,7,Low,6
Monday,Clear,312.99,0.0,No,market,20,Medium,18
Tuesday,Clouds,291.18,0.04,No,market,17,Medium,15
Friday,Clouds,306.09,0.03,No,mall,19,Medium,17
Thursday,Fog,279.38,0.0,No,market,17,Medium,14
Tuesday,Clear,311.85,0.0,No,residential,20,Low,20
Friday,Clear,309.32,0.0,No,mall,18,Medium,17
Monday,Clear,301.53,0.0,No,market,10,Low,10
Tuesday,Clear,302.78,0.0,No,office,10,Medium,8
Monday,Clear,303.68,0.0,No,market,10,Low,10
Tuesday,Clear,300.92,0.0,No,market,11,Low,11
Monday,Drizzle,292.0,0.8,No,office,9,Medium,6
Friday,Clouds,298.78,0.09,No,residential,17,Low,17
Wednesday,Rain,292.75,1.3,No,office,8,High,5
Thursday,Haze,290.01,0.0,No,station,7,Medium,5
Saturday,Clouds,291.76,0.19,Yes,market,10,Medium,9
Thursday,Clear,293.73,0.0,No,market,20,Medium,18
Sunday,Clear,312.43,0.0,No,office,11,Low,10
Wednesday,Haze,293.3,0.0,No,office,8,Medium,5
Sunday,Drizzle,289.43,1.19,No,station,8,Medium,6
Saturday,Clear,293.03,0.0,No,market,12,Medium,11
Tuesday,Clouds,296.87,0.07,No,residential,9,Low,9
Sunday,Clear,312.89,0.0,No,residential,20,Low,20
Friday,Clear,302.91,0.0,No,residential,9,Low,9
Friday,Clouds,298.94,0.17,No,market,20,Medium,18
Saturday,Haze,291.21,0.0,No,office,11,Low,11
Tuesday,Clear,297.02,0.0,No,office,8,Medium,5
Sunday,Clouds,296.21,0.11,Yes,mall,11,Low,11
Saturday,Clear,307.34,0.0,No,mall,13,Medium,12
Monday,Drizzle,291.56,0.46,No,residential,10,Medium,8
Saturday,Clear,311.77,0.0,No,residential,20,Low,20
Wednesday,Haze,288.8,0.0,No,office,8,Medium,5
Friday,Clouds,296.72,0.19,No,station,19,Medium,17
Wednesday,Clear,305.42,0.0,No,office,8,Medium,6
Monday,Haze,297.0,0.0,No,residential,8,Medium,7
Wednesday,Clear,298.16,0.0,No,mall,21,Medium,20
Monday,Clear,306.45,0.0,No,office,8,Medium,6
Friday,Haze,291.01,0.0,No,office,9,Medium,7
Friday,Clouds,293.34,0.19,No,residential,19,Low,19
Friday,Haze,300.1,0.0,No,residential,20,Medium,19
Thursday,Drizzle,296.87,0.27,No,mall,19,Medium,17
Friday,Rain,285.36,0.86,No,residential,9,Medium,6
Saturday,Clear,305.59,0.0,No,office,11,Low,11
Saturday,Clear,295.33,0.0,No,office,11,Low,11
Wednesday,Haze,291.62,0.0,No,office,10,Medium,8
Monday,Fog,288.33,0.0,No,office,8,Medium,5
Friday,Fog,286.47,0.0,No,station,7,Medium,4
Saturday,Clouds,300.24,0.09,No,station,7,Low,7
Saturday,Clear,311.14,0.0,No,office,10,Low,10
Tuesday,Fog,282.48,0.0,No,residential,17,Medium,14
Friday,Clouds,304.83,0.18,No,market,17,Medium,15
Tuesday,Haze,293.32,0.0,No,mall,11,Low,10
Wednesday,Haze,294.5,0.0,No,market,12,Low,12
Friday,Rain,298.26,1.4,No,station,19,High,16
Tuesday,Haze,285.25,0.0,No,mall,12,Low,11
Sunday,Clouds,305.07,0.19,No,mall,12,Medium,11
Tuesday,Clear,303.7,0.0,Yes,office,10,Medium,8
Wednesday,Clouds,293.87,0.09,No,residential,20,Low,20
Thursday,Rain,290.37,1.09,No,mall,21,Medium,19
Tuesday,Clear,302.59,0.0,No,mall,12,Low,11
Sunday,Fog,284.96,0.0,No,mall,17,Medium,14
Sunday,Clear,296.21,0.0,No,mall,20,Medium,18
Friday,Clear,293.29,0.0,Yes,office,8,Medium,5
Sunday,Haze,294.25,0.0,No,office,12,Low,12
Sunday,Clear,311.18,0.0,No,residential,20,Low,20
Monday,Clear,305.73,0.0,No,mall,17,Medium,15
Sunday,Clouds,292.54,0.0,No,market,12,Medium,11
Thursday,Clear,303.9,0.0,No,market,18,Medium,16
Wednesday,Haze,291.88,0.0,No,market,17,Medium,14
Wednesday,Clouds,291.55,0.14,Yes,office,9,Medium,7
Saturday,Haze,296.02,0.0,No,office,10,Medium,9
Monday,Haze,285.21,0.0,No,market,11,Low,10
Monday,Clear,306.08,0.0,No,office,8,Medium,6
Friday,Clear,302.14,0.0,No,residential,17,Low,17
Sunday,Rain,294.52,1.97,Yes,market,11,Medium,8
Friday,Rain,298.34,1.54,No,office,9,High,6
Friday,Clear,293.03,0.0,No,office,8,Medium,6
Monday,Clouds,294.49,0.09,Yes,office,8,Medium,6
Tuesday,Clear,299.58,0.0,No,market,18,Medium,15
Wednesday,Rain,287.89,0.51,No,office,9,Medium,6
Monday,Haze,300.43,0.0,No,office,8,Medium,5
Monday,Clear,309.73,0.0,No,market,11,Low,11
Monday,Clear,308.86,0.0,No,office,8,Medium,6
Wednesday,Thunderstorm,298.01,2.27,No,market,11,Medium,9
Friday,Clear,312.9,0.0,No,station,19,Medium,17
Friday,Clear,295.13,0.0,No,residential,18,Low,18
Friday,Clouds,297.4,0.04,No,market,12,Low,12
Wednesday,Clear,304.75,0.0,No,office,9,Medium,7
Tuesday,Rain,293.63,1.7,No,station,18,High,15
Saturday,Rain,287.23,1.54,No,mall,18,High,15
Sunday,Haze,290.83,0.0,No,mall,18,Medium,16
Wednesday,Clouds,295.46,0.1,No,market,18,Medium,16
Monday,Thunderstorm,300.56,1.45,No,office,9,High,6
Wednesday,Rain,290.53,1.98,No,station,17,High,14
Monday,Drizzle,294.56,1.11,Yes,residential,18,Medium,16
Saturday,Clear,308.53,0.0,No,residential,9,Low,8
Monday,Clear,301.65,0.0,No,station,7,Medium,5
Friday,Clear,312.77,0.0,No,residential,10,Low,9
Sunday,Clear,309.74,0.0,No,market,19,Medium,16
Thursday,Clear,295.1,0.0,No,market,18,Medium,16
Friday,Clear,306.54,0.0,No,station,7,Medium,5
Saturday,Fog,292.49,0.0,No,office,11,Low,9
Thursday,Fog,292.57,0.0,No,office,9,Medium,6
Monday,Clear,293.08,0.0,No,station,18,Medium,16
Thursday,Haze,289.76,0.0,No,station,19,Medium,16
Friday,Rain,290.27,0.69,No,residential,17,Medium,14
Wednesday,Fog,280.9,0.0,No,station,7,Medium,4
Tuesday,Rain,301.89,0.69,No,office,9,Medium,6
Tuesday,Rain,293.77,2.12,No,residential,10,Medium,8
Wednesday,Clouds,304.54,0.09,No,residential,19,Low,18
Wednesday,Clouds,298.95,0.2,No,residential,8,Low,8
Friday,Clear,301.86,0.0,No,mall,17,Medium,15
Wednesday,Clear,293.51,0.0,No,mall,17,Medium,15
Thursday,Clear,296.81,0.0,No,office,10,Medium,8
Tuesday,Clouds,299.99,0.07,No,office,8,Medium,6
Friday,Clear,308.3,0.0,No,office,8,Medium,5
Tuesday,Clear,306.42,0.0,No,office,8,Medium,6
Tuesday,Haze,285.86,0.0,No,mall,18,Medium,17
Tuesday,Clear,308.84,0.0,No,mall,12,Low,12
Thursday,Clouds,301.81,0.2,Yes,market,12,Medium,11
Monday,Clear,296.89,0.0,No,mall,21,Medium,20
Sunday,Clear,302.4,0.0,No,market,18,Medium,16
Monday,Drizzle,288.21,0.88,No,residential,8,Medium,6
Saturday,Fog,280.45,0.0,No,mall,21,Medium,18
Sunday,Haze,295.12,0.0,No,residential,10,Medium,9
Tuesday,Clear,293.09,0.0,No,residential,18,Low,18
Wednesday,Clear,295.52,0.0,No,station,18,Medium,16
Wednesday,Fog,287.48,0.0,No,mall,21,Medium,19
Tuesday,Rain,288.26,1.73,No,office,9,High,6
Monday,Clouds,296.41,0.13,No,mall,17,Medium,16
Sunday,Clear,306.71,0.0,No,mall,11,Low,10
Wednesday,Clouds,297.78,0.12,No,mall,11,Low,10
Monday,Haze,287.76,0.0,Yes,market,12,Medium,11
Tuesday,Clouds,298.09,0.03,No,residential,20,Low,20
Friday,Haze,297.08,0.0,No,residential,10,Medium,9
Friday,Fog,287.53,0.0,No,office,9,Medium,6
Tuesday,Clear,301.36,0.0,No,mall,13,Low,13
Saturday,Clouds,294.76,0.09,Yes,mall,21,Medium,19
Thursday,Fog,291.47,0.0,No,mall,21,Medium,19
Wednesday,Rain,297.7,0.54,No,office,10,Medium,7
Wednesday,Rain,289.4,1.7,No,residential,7,Medium,5
Monday,Clouds,304.36,0.08,No,station,17,Medium,15
Friday,Clouds,301.81,0.05,No,station,8,Medium,6
Tuesday,Clouds,301.81,0.09,No,mall,21,Medium,20
Monday,Clear,299.36,0.0,No,office,10,Medium,8
Sunday,Clouds,300.31,0.19,No,office,12,Low,12
Monday,Clouds,306.81,0.18,No,residential,9,Low,9
Friday,Clear,293.54,0.0,No,market,12,Low,11
Monday,Clear,300.74,0.0,No,mall,20,Medium,19
Friday,Clouds,306.99,0.19,No,office,9,Medium,7
Thursday,Clouds,305.26,0.18,No,office,10,Medium,8
Monday,Thunderstorm,298.43,1.54,No,residential,10,Medium,8
Monday,Clouds,298.88,0.0,No,residential,17,Low,16
Monday,Clouds,305.27,0.07,Yes,mall,20,Medium,17
Friday,Clouds,294.85,0.06,No,market,10,Low,10
Friday,Haze,295.37,0.0,No,residential,20,Medium,19
Friday,Clear,311.53,0.0,No,mall,12,Low,12
Monday,Clouds,302.53,0.01,No,mall,12,Low,12
Monday,Clouds,292.78,0.15,No,mall,18,Medium,17
Monday,Haze,299.17,0.0,No,office,8,Medium,5
Tuesday,Haze,298.89,0.0,No,mall,19,Medium,17
Friday,Clouds,296.52,0.14,No,office,8,Medium,6
Friday,Clear,298.68,0.0,No,office,9,Medium,7
Wednesday,Clear,310.96,0.0,No,office,9,Medium,6
Sunday,Rain,298.42,1.85,No,station,7,Medium,4
Wednesday,Fog,279.07,0.0,No,office,9,Medium,6
Thursday,Clear,306.15,0.0,No,office,9,Medium,7
Thursday,Clear,304.76,0.0,Yes,mall,12,Medium,11
Tuesday,Clouds,292.91,0.15,No,market,12,Low,11
Tuesday,Clear,298.17,0.0,No,mall,20,Medium,19
Monday,Clear,295.33,0.0,No,mall,12,Low,12
Sunday,Drizzle,289.75,0.88,No,mall,12,Medium,10
Thursday,Clear,309.54,0.0,No,market,10,Low,10
Monday,Haze,296.09,0.0,No,residential,10,Medium,9
Saturday,Clear,310.17,0.0,No,office,10,Low,10
Thursday,Drizzle,286.13,1.05,No,station,19,High,16
Saturday,Rain,294.32,0.67,No,mall,21,Medium,18
Saturday,Drizzle,289.83,0.93,No,market,17,Medium,14
Wednesday,Clear,302.11,0.0,No,office,10,Medium,8
Friday,Clear,301.6,0.0,No,station,7,Medium,4
Wednesday,Clouds,292.45,0.17,No,office,9,Medium,6
Saturday,Rain,293.81,1.55,No,market,18,High,15
Sunday,Clear,298.16,0.0,No,mall,18,Medium,16
Sunday,Clear,305.21,0.0,No,office,10,Low,10
Wednesday,Haze,300.4,0.0,No,station,6,Low,4
Wednesday,Clouds,294.27,0.18,No,station,19,Medium,17
Monday,Drizzle,290.3,0.49,No,market,20,Medium,17
Friday,Clear,310.74,0.0,No,residential,19,Low,18
Thursday,Haze,288.84,0.0,No,mall,13,Low,12
Monday,Clouds,304.73,0.19,No,mall,18,Medium,17
Monday,Clear,294.06,0.0,No,office,9,Medium,7
Saturday,Fog,285.89,0.0,No,station,19,Medium,17
Tuesday,Clouds,304.65,0.16,No,mall,19,Medium,18
Tuesday,Clouds,293.16,0.18,No,residential,20,Low,20
Sunday,Haze,289.78,0.0,No,mall,19,Medium,17
Thursday,Clouds,302.05,0.06,No,mall,19,Medium,18
Tuesday,Clouds,295.76,0.02,No,market,19,Medium,16
Wednesday,Rain,295.43,1.16,No,office,9,High,6
Tuesday,Thunderstorm,301.29,2.98,No,mall,13,Medium,11
Wednesday,Haze,298.44,0.0,No,office,8,Medium,5
Monday,Clear,307.92,0.0,No,market,20,Medium,18
Saturday,Clouds,294.98,0.16,No,station,18,Low,17
Thursday,Haze,297.44,0.0,No,office,10,Medium,8
Thursday,Fog,281.09,0.0,No,market,10,Medium,7
Wednesday,Clouds,291.36,0.15,No,office,9,Medium,7
Saturday,Clouds,304.79,0.15,No,office,12,Low,12
Thursday,Clear,312.08,0.0,No,mall,20,Medium,18
Thursday,Clear,299.61,0.0,No,market,10,Low,10
Friday,Drizzle,297.64,0.42,No,mall,11,Low,10
Tuesday,Rain,285.38,1.71,No,mall,21,Medium,19
Friday,Clouds,294.94,0.08,No,station,8,Medium,6
Sunday,Haze,289.69,0.0,Yes,market,17,High,14
Sunday,Clouds,299.92,0.13,No,residential,8,Low,7
Saturday,Rain,301.77,1.08,No,mall,20,High,17
Sunday,Rain,289.5,1.64,No,office,12,Medium,10
Tuesday,Rain,301.4,0.78,No,market,18,Medium,15
Wednesday,Clear,306.18,0.0,No,mall,21,Medium,20
Tuesday,Clouds,300.08,0.17,No,residential,18,Low,17
Tuesday,Haze,294.51,0.0,No,mall,11,Low,11
Monday,Rain,289.16,1.37,No,market,11,Medium,9
Friday,Rain,291.39,1.43,No,mall,12,Medium,9
Thursday,Fog,280.06,0.0,No,office,10,Medium,7
Sunday,Clear,298.6,0.0,No,mall,17,Medium,15
Wednesday,Clouds,298.7,0.09,No,office,9,Medium,6
Wednesday,Clouds,305.58,0.13,No,mall,19,Medium,17
Wednesday,Drizzle,286.38,0.54,No,mall,19,Medium,17
Friday,Clouds,295.11,0.07,No,mall,12,Low,12
Saturday,Drizzle,296.35,0.33,No,residential,18,Medium,16
Monday,Rain,298.15,1.6,No,station,17,High,14
Wednesday,Haze,296.36,0.0,No,office,8,Medium,6
Thursday,Clear,309.08,0.0,Yes,market,12,Medium,11
Wednesday,Clouds,290.44,0.15,No,mall,18,Medium,17
Sunday,Clouds,304.59,0.03,No,office,12,Low,12
Friday,Clear,307.04,0.0,No,office,9,Medium,6
Tuesday,Clouds,291.53,0.16,No,residential,7,Low,7
Wednesday,Clouds,299.72,0.12,No,market,11,Low,11
Tuesday,Rain,286.51,1.86,No,market,18,Medium,15
Wednesday,Clouds,300.1,0.19,No,mall,12,Low,12
Friday,Drizzle,289.93,0.7,No,market,19,Medium,16
Tuesday,Haze,299.28,0.0,No,residential,19,Medium,17
Monday,Rain,286.97,0.7,Yes,mall,18,High,15
Thursday,Clear,294.67,0.0,No,station,19,Medium,17
Tuesday,Clear,305.36,0.0,No,market,18,Medium,16
Thursday,Clouds,301.52,0.06,No,residential,8,Low,8
Monday,Clouds,291.19,0.04,No,residential,7,Low,7
Monday,Fog,291.33,0.0,No,station,7,Medium,4
Monday,Rain,286.45,1.96,No,office,8,High,5
Thursday,Clear,299.42,0.0,No,station,17,Medium,15
Tuesday,Clear,310.75,0.0,No,office,8,Medium,6
Thursday,Clear,310.89,0.0,No,mall,21,Medium,19
Wednesday,Clouds,302.77,0.03,No,market,17,Medium,14
Monday,Fog,281.93,0.0,No,office,9,Medium,6
Friday,Fog,280.3,0.0,No,station,18,Medium,15
Tuesday,Drizzle,300.57,1.15,No,station,17,High,14
Saturday,Clouds,297.85,0.0,No,office,11,Low,11
Wednesday,Clouds,300.28,0.17,No,residential,19,Low,19
Tuesday,Clouds,302.62,0.06,No,mall,11,Low,11
Thursday,Clear,293.97,0.0,No,market,10,Low,10
Tuesday,Rain,291.91,2.01,No,office,8,High,5
Tuesday,Haze,295.42,0.0,No,residential,10,Medium,9
Thursday,Clouds,292.42,0.17,No,office,10,Medium,8
Friday,Fog,283.98,0.0,No,residential,18,Medium,16
Tuesday,Drizzle,297.73,1.16,No,market,18,Medium,15
Friday,Clouds,305.45,0.11,No,office,9,Medium,6
Saturday,Clear,297.81,0.0,Yes,market,11,Low,11
Friday,Clouds,295.29,0.08,No,mall,21,Medium,19
Friday,Clear,297.62,0.0,No,station,8,Medium,6
Monday,Clear,310.81,0.0,No,office,9,Medium,6
Wednesday,Clouds,290.08,0.02,No,office,9,Medium,7
Tuesday,Clear,295.25,0.0,No,office,9,Medium,7
Friday,Clouds,296.48,0.02,No,station,6,Low,5
Saturday,Clear,305.15,0.0,No,market,10,Low,10
Friday,Clouds,295.96,0.05,No,mall,18,Medium,17
Wednesday,Drizzle,300.56,1.19,No,market,20,Medium,17
Sunday,Clear,308.99,0.0,No,market,11,Low,11
Tuesday,Haze,297.61,0.0,Yes,mall,19,High,16
Sunday,Haze,291.62,0.0,No,market,10,Medium,9
Thursday,Drizzle,291.65,0.79,No,office,8,Medium,5
Friday,Fog,290.24,0.0,No,residential,20,Medium,18
Thursday,Drizzle,290.87,0.88,No,residential,7,Medium,5
Tuesday,Clouds,296.91,0.18,No,market,18,Medium,16
Monday,Rain,297.81,2.11,No,mall,18,Medium,16
Thursday,Rain,285.58,1.67,No,office,9,High,6
Sunday,Rain,287.11,1.88,No,mall,19,High,16
Tuesday,Clouds,295.6,0.03,No,residential,19,Low,18
Saturday,Rain,287.22,1.08,No,residential,18,Medium,16
Monday,Rain,300.09,1.72,No,station,19,High,16
Tuesday,Haze,289.55,0.0,No,office,10,Medium,8
Tuesday,Fog,286.71,0.0,No,residential,19,Medium,16
Tuesday,Clouds,291.55,0.19,No,market,18,Medium,16
Monday,Drizzle,287.55,0.88,No,office,10,Medium,7
Wednesday,Fog,279.57,0.0,No,station,19,Medium,16
Thursday,Clear,307.11,0.0,No,office,9,Medium,7
Tuesday,Fog,291.42,0.0,No,mall,13,Low,12
Thursday,Fog,291.03,0.0,No,mall,21,Medium,19
Friday,Clouds,295.54,0.05,No,office,8,Medium,5
Monday,Clouds,305.02,0.15,No,office,10,Medium,7
Sunday,Clear,307.43,0.0,Yes,residential,17,Low,17
Monday,Clear,301.03,0.0,No,mall,12,Low,12
Sunday,Clear,308.16,0.0,No,station,18,Low,18
Tuesday,Rain,288.62,1.74,No,market,20,Medium,17
Sunday,Thunderstorm,298.37,2.94,No,office,11,Medium,8
Wednesday,Clouds,292.06,0.03,No,office,10,Medium,8
Sunday,Fog,286.77,0.0,Yes,office,12,Low,11
Friday,Haze,295.65,0.0,No,mall,11,Low,11
Monday,Clouds,293.66,0.11,No,mall,17,Medium,15
Monday,Clear,295.17,0.0,No,office,10,Medium,8
Tuesday,Clear,308.14,0.0,No,station,17,Medium,15
Wednesday,Clouds,291.03,0.13,No,market,17,Medium,14
Sunday,Fog,292.15,0.0,No,market,17,Medium,14
Thursday,Haze,294.13,0.0,No,market,20,Medium,18
Tuesday,Haze,296.07,0.0,No,office,8,Medium,6
Thursday,Clear,301.2,0.0,Yes,market,19,Medium,16
Friday,Rain,291.71,1.25,No,residential,17,Medium,14
Wednesday,Clouds,298.54,0.09,No,office,10,Medium,7
Wednesday,Clear,299.68,0.0,No,mall,11,Low,11
Monday,Clouds,306.86,0.05,No,mall,13,Low,12
Friday,Clear,311.53,0.0,No,station,8,Medium,6
Tuesday,Thunderstorm,294.84,2.55,No,residential,7,Medium,5
Friday,Clouds,295.83,0.13,No,office,8,Medium,5
Friday,Clouds,299.49,0.1,No,mall,13,Low,13
Monday,Rain,288.57,1.73,No,market,20,Medium,17
Tuesday,Clear,298.16,0.0,No,mall,17,Medium,16
Friday,Clear,295.8,0.0,No,office,10,Medium,8
Thursday,Fog,281.91,0.0,Yes,office,9,Medium,6
Friday,Haze,299.17,0.0,Yes,market,19,High,16
Monday,Clear,301.92,0.0,No,office,8,Medium,6
Tuesday,Clear,305.53,0.0,No,market,19,Medium,17
Thursday,Clear,305.91,0.0,No,mall,12,Low,12
Tuesday,Haze,297.82,0.0,No,office,8,Medium,6
Friday,Clouds,297.16,0.13,No,residential,8,Low,7
Tuesday,Clear,307.56,0.0,No,market,12,Low,12
Wednesday,Clouds,301.37,0.09,Yes,residential,10,Low,10
Friday,Clear,312.39,0.0,No,residential,20,Low,19
Thursday,Clear,312.23,0.0,No,mall,17,Medium,16
Thursday,Haze,294.82,0.0,No,residential,10,Medium,9
Friday,Clear,296.3,0.0,No,office,9,Medium,7
Friday,Drizzle,297.97,0.98,No,market,17,Medium,14
Monday,Clouds,305.5,0.13,No,office,9,Medium,7
Wednesday,Clouds,298.01,0.17,No,mall,18,Medium,16
Tuesday,Fog,280.25,0.0,No,residential,18,Medium,16
Thursday,Rain,291.48,0.76,No,office,8,Medium,5
Tuesday,Clear,306.53,0.0,No,residential,17,Low,17
Thursday,Clear,304.13,0.0,No,station,8,Medium,6
Wednesday,Clear,302.4,0.0,No,mall,19,Medium,18
Monday,Clear,295.93,0.0,No,office,8,Medium,5
Sunday,Clear,307.86,0.0,No,mall,20,Medium,17
Friday,Clear,307.59,0.0,No,mall,13,Low,12
Tuesday,Clouds,296.65,0.16,No,office,8,Medium,6
Thursday,Clouds,302.24,0.15,No,office,10,Medium,8
Sunday,Clear,311.48,0.0,No,market,17,Medium,15
Friday,Haze,289.47,0.0,No,mall,19,Medium,17
Friday,Haze,294.59,0.0,No,market,18,Medium,15
Tuesday,Haze,290.85,0.0,No,station,19,Medium,17
Monday,Rain,297.17,1.21,No,mall,21,Medium,19
Tuesday,Haze,300.5,0.0,No,mall,17,Medium,16
Friday,Clear,303.02,0.0,No,market,19,Medium,17
Wednesday,Clouds,297.52,0.16,No,mall,12,Low,11
Wednesday,Drizzle,290.1,1.02,No,residential,10,Medium,7
Thursday,Clouds,302.7,0.01,No,residential,7,Low,6
Tuesday,Clear,311.61,0.0,No,market,19,Medium,17
Wednesday,Clear,295.24,0.0,No,residential,18,Low,18
Wednesday,Clouds,290.09,0.11,No,market,18,Medium,16
Wednesday,Clear,298.99,0.0,No,office,9,Medium,7
Wednesday,Clouds,302.49,0.12,No,office,9,Medium,7
Wednesday,Rain,285.75,1.78,No,office,8,High,5
Friday,Fog,288.94,0.0,No,station,18,Medium,15
Thursday,Clear,309.57,0.0,No,station,6,Low,5
Tuesday,Fog,288.26,0.0,Yes,mall,20,High,17
Thursday,Fog,279.36,0.0,No,office,8,Medium,5
Tuesday,Thunderstorm,302.03,1.14,No,mall,12,Medium,10
Saturday,Clear,300.5,0.0,Yes,office,12,Low,12
Thursday,Clear,301.02,0.0,No,residential,8,Low,8
Monday,Clouds,301.42,0.15,No,mall,12,Low,11
Thursday,Rain,293.37,1.32,No,office,9,High,6
Thursday,Haze,297.02,0.0,No,office,8,Medium,6
Monday,Clear,301.45,0.0,No,station,19,Medium,17
Tuesday,Clear,300.06,0.0,No,office,8,Medium,6
Thursday,Clear,294.04,0.0,No,station,8,Medium,6
Wednesday,Clouds,298.88,0.07,No,residential,20,Low,19
Tuesday,Clear,306.81,0.0,No,office,9,Medium,7
Sunday,Clear,293.66,0.0,No,market,19,Medium,17
Sunday,Drizzle,292.44,0.69,Yes,residential,18,Medium,16
Monday,Clouds,305.29,0.13,No,mall,12,Low,12
Saturday,Clear,296.64,0.0,No,residential,10,Low,9
Thursday,Clouds,292.56,0.02,No,station,6,Low,5
Thursday,Rain,299.99,1.7,No,residential,8,Medium,5
Saturday,Clouds,295.84,0.02,No,office,11,Low,11
Saturday,Clouds,296.88,0.05,Yes,market,10,Medium,9
Tuesday,Clouds,290.72,0.11,No,market,20,Medium,17
Sunday,Rain,289.64,1.46,No,office,12,Medium,10
Monday,Rain,300.5,0.56,No,mall,19,Medium,16
Tuesday,Haze,295.2,0.0,No,mall,17,Medium,16
Thursday,Clear,312.66,0.0,No,office,9,Medium,7
Friday,Haze,292.27,0.0,No,residential,17,Medium,15
Sunday,Haze,295.03,0.0,No,office,10,Medium,8
Friday,Clear,294.91,0.0,No,residential,18,Low,18
Thursday,Clear,312.78,0.0,No,residential,19,Low,18
Saturday,Clear,308.65,0.0,No,mall,11,Low,11
Thursday,Clear,308.17,0.0,No,mall,20,Medium,18
Wednesday,Haze,287.04,0.0,No,market,12,Low,11
Saturday,Clouds,290.78,0.08,No,residential,19,Low,18
Friday,Clear,294.26,0.0,No,market,12,Low,11
Sunday,Drizzle,290.83,0.47,No,office,12,Low,11
Monday,Rain,285.01,1.05,No,market,17,Medium,14
Thursday,Clear,300.24,0.0,No,market,17,Medium,15
Friday,Rain,300.25,1.06,No,office,9,High,6
Friday,Rain,285.28,1.54,No,mall,19,Medium,17
Tuesday,Clear,307.36,0.0,No,office,8,Medium,6
Saturday,Clear,298.16,0.0,No,station,18,Low,18
Friday,Clear,293.62,0.0,No,office,8,Medium,5
Thursday,Haze,295.16,0.0,No,office,8,Medium,5
Thursday,Clear,295.97,0.0,No,residential,17,Low,16
Sunday,Clear,305.45,0.0,No,office,10,Low,10
Thursday,Rain,294.64,0.76,No,residential,7,Medium,4
Wednesday,Rain,296.55,1.11,No,mall,20,Medium,18
Friday,Clear,297.26,0.0,No,market,20,Medium,18
Tuesday,Rain,287.53,1.03,No,market,17,Medium,14
Thursday,Clear,302.32,0.0,No,office,8,Medium,6
Thursday,Clear,300.31,0.0,No,mall,17,Medium,16
Thursday,Thunderstorm,294.5,1.95,No,mall,11,Medium,8
Friday,Clear,307.14,0.0,No,residential,20,Low,19
Monday,Haze,290.01,0.0,No,residential,7,Medium,6
Friday,Haze,286.64,0.0,No,mall,19,Medium,18
Wednesday,Clouds,295.02,0.18,No,office,8,Medium,6
Tuesday,Clear,300.75,0.0,No,residential,8,Low,8
Wednesday,Drizzle,291.29,0.66,No,residential,19,Medium,17
Tuesday,Clear,295.45,0.0,No,residential,20,Low,20
Tuesday,Fog,292.06,0.0,No,office,9,Medium,6
Saturday,Clear,293.91,0.0,No,mall,12,Medium,11
Tuesday,Clouds,302.56,0.11,No,office,10,Medium,7
Thursday,Clouds,304.24,0.1,No,market,18,Medium,16
Monday,Clouds,294.34,0.09,No,residential,9,Low,9
Thursday,Clouds,290.77,0.18,No,mall,18,Medium,17
Tuesday,Clear,304.13,0.0,No,office,10,Medium,7
Monday,Thunderstorm,299.44,2.76,No,mall,12,Medium,10
Friday,Clouds,302.29,0.1,Yes,residential,17,Low,17
Tuesday,Clouds,290.06,0.19,No,mall,19,Medium,18
Tuesday,Clear,312.34,0.0,No,station,7,Medium,5
Monday,Rain,293.56,1.97,No,market,11,Medium,8
Thursday,Clear,298.23,0.0,No,office,9,Medium,7
Tuesday,Fog,284.04,0.0,No,office,9,Medium,6
Thursday,Rain,291.82,2.14,Yes,residential,7,Medium,5
Thursday,Clear,298.05,0.0,No,station,6,Low,5
Sunday,Clouds,306.99,0.02,No,residential,17,Low,17
Sunday,Clear,312.34,0.0,No,market,12,Medium,11
Saturday,Clouds,291.5,0.15,Yes,market,17,Medium,15
Friday,Clear,306.79,0.0,No,office,10,Medium,8
Sunday,Clouds,300.63,0.07,No,market,20,Medium,18
Monday,Fog,291.9,0.0,No,office,10,Medium,7
Tuesday,Clouds,293.01,0.08,No,residential,18,Low,17
Wednesday,Clouds,299.5,0.01,No,mall,17,Medium,16
Monday,Clear,299.92,0.0,No,office,10,Medium,8
Sunday,Clear,308.73,0.0,No,residential,17,Low,17
Tuesday,Rain,286.95,1.97,Yes,residential,20,Medium,18
Monday,Clear,312.34,0.0,No,residential,18,Low,18
Friday,Clouds,292.66,0.01,No,mall,18,Medium,17
Monday,Drizzle,287.46,1.13,No,market,18,Medium,15
Saturday,Clear,305.58,0.0,No,market,10,Low,10
Wednesday,Clouds,305.68,0.08,No,station,7,Medium,4
Wednesday,Clear,293.73,0.0,No,office,9,Medium,7
Monday,Clouds,297.35,0.04,No,office,8,Medium,6
Thursday,Thunderstorm,302.23,2.82,No,mall,21,Medium,18
Monday,Clouds,305.56,0.09,No,market,19,Medium,16
Wednesday,Clear,305.37,0.0,No,office,9,Medium,6
Friday,Fog,290.9,0.0,Yes,office,8,Medium,5
Thursday,Fog,279.49,0.0,No,mall,20,Medium,18
Friday,Clouds,306.77,0.1,No,mall,19,Medium,18
Saturday,Thunderstorm,293.98,1.54,No,station,7,Medium,5
Wednesday,Rain,296.18,2.0,No,office,9,High,6
Thursday,Clear,299.7,0.0,No,market,20,Medium,17
Wednesday,Haze,300.56,0.0,No,office,10,Medium,8
Wednesday,Clear,301.87,0.0,No,residential,10,Low,10
Friday,Clear,308.49,0.0,No,market,11,Low,10
Tuesday,Haze,296.97,0.0,No,residential,17,Medium,16
Saturday,Clear,293.54,0.0,No,residential,17,Low,17
Tuesday,Fog,285.75,0.0,Yes,market,10,Medium,8
Thursday,Clouds,296.85,0.04,No,office,10,Medium,8
Tuesday,Drizzle,293.87,0.9,No,residential,17,Medium,15
Wednesday,Drizzle,299.13,0.29,Yes,mall,11,Medium,8
Tuesday,Clear,293.59,0.0,No,market,19,Medium,17
Wednesday,Haze,291.91,0.0,No,mall,21,Medium,20
Sunday,Clear,312.67,0.0,No,mall,20,Medium,17
Saturday,Clear,310.14,0.0,No,market,11,Low,10
Tuesday,Clouds,291.89,0.12,No,market,18,Medium,16
Saturday,Clear,305.57,0.0,No,office,10,Low,9
Saturday,Clear,300.83,0.0,No,office,12,Low,12
Thursday,Clear,296.93,0.0,No,mall,21,Medium,20
Wednesday,Rain,292.6,1.61,No,office,8,High,5
Thursday,Clear,309.17,0.0,No,office,9,Medium,7
Wednesday,Clear,301.07,0.0,No,office,9,Medium,7
Wednesday,Clear,309.92,0.0,No,mall,21,Medium,20
Sunday,Rain,291.79,0.66,No,residential,10,Medium,8
Monday,Clouds,300.96,0.1,No,mall,18,Medium,17
Friday,Clouds,305.9,0.09,No,station,7,Medium,5
Thursday,Haze,297.06,0.0,No,office,8,Medium,6
Monday,Clear,302.92,0.0,No,office,9,Medium,7
Friday,Clouds,302.42,0.1,No,residential,17,Low,17
Tuesday,Clouds,297.36,0.17,No,mall,19,Medium,18
Saturday,Clear,296.69,0.0,Yes,market,18,Medium,16
Tuesday,Rain,293.6,1.85,No,market,18,Medium,15
Tuesday,Clouds,298.83,0.15,No,station,17,Medium,15
Sunday,Clouds,301.2,0.18,No,station,6,Low,6
Monday,Clear,305.53,0.0,No,station,19,Medium,17
Saturday,Clouds,300.62,0.01,No,market,11,Low,11
Tuesday,Rain,295.32,1.52,No,station,6,Low,3
Tuesday,Rain,287.81,0.92,No,office,10,Medium,7
Wednesday,Clear,304.94,0.0,No,station,7,Medium,5
Tuesday,Rain,296.6,0.85,No,market,10,Medium,8
Monday,Clouds,291.59,0.2,No,station,18,Medium,16
Tuesday,Clear,293.78,0.0,No,office,10,Medium,7
Sunday,Clear,310.49,0.0,No,office,10,Low,10
Thursday,Rain,290.89,1.4,No,station,6,Low,4
Sunday,Haze,299.16,0.0,No,mall,21,Medium,19
Tuesday,Haze,288.79,0.0,No,market,19,Medium,17
Saturday,Clear,306.57,0.0,No,residential,20,Low,20
Wednesday,Clouds,304.76,0.02,No,office,8,Medium,6
Wednesday,Fog,289.97,0.0,No,mall,20,Medium,18
Wednesday,Clear,311.74,0.0,No,mall,11,Low,10
Friday,Clear,299.07,0.0,No,market,18,Medium,15
Wednesday,Clear,307.17,0.0,No,residential,18,Low,18
Thursday,Fog,286.15,0.0,No,office,9,Medium,6
Tuesday,Clear,299.65,0.0,No,market,10,Low,9
Thursday,Haze,297.8,0.0,No,mall,19,Medium,18
Saturday,Rain,293.63,1.71,No,mall,12,Medium,9
Wednesday,Fog,285.33,0.0,No,mall,21,Medium,18
Tuesday,Clouds,304.95,0.02,No,residential,9,Low,8
Monday,Rain,289.22,1.51,No,office,10,High,7
Thursday,Clear,300.28,0.0,No,market,20,Medium,18
Thursday,Rain,300.67,1.94,No,market,17,Medium,14
Monday,Fog,288.23,0.0,No,residential,18,Medium,16
Wednesday,Rain,300.81,1.82,No,residential,18,Medium,16
Thursday,Clear,308.64,0.0,No,market,17,Medium,15
Thursday,Clouds,303.69,0.19,No,residential,19,Low,19
Friday,Clouds,305.79,0.16,Yes,office,8,Medium,6
Sunday,Rain,291.0,1.56,No,mall,17,High,14
Sunday,Clouds,299.49,0.19,No,market,10,Low,10
Friday,Haze,298.77,0.0,No,station,17,Medium,15
Thursday,Fog,283.22,0.0,No,market,12,Low,11
Monday,Clear,294.59,0.0,No,mall,11,Low,11
Friday,Clear,307.36,0.0,No,residential,9,Low,9
Tuesday,Fog,287.62,0.0,No,residential,7,Medium,5
Friday,Haze,285.39,0.0,No,mall,19,Medium,18
Wednesday,Haze,286.49,0.0,No,market,11,Low,11
Tuesday,Clear,305.22,0.0,No,office,9,Medium,7
Friday,Clear,304.75,0.0,No,station,17,Medium,15
Friday,Clouds,297.61,0.03,No,station,18,Medium,16
Thursday,Clear,311.78,0.0,No,residential,17,Low,16
Friday,Fog,282.82,0.0,No,mall,17,Medium,15
Friday,Clouds,291.58,0.06,No,residential,17,Low,16
Wednesday,Fog,284.78,0.0,No,mall,13,Low,12
Tuesday,Fog,289.71,0.0,No,residential,10,Medium,7
Wednesday,Clouds,301.61,0.11,No,mall,19,Medium,18
Tuesday,Clouds,297.58,0.02,No,residential,17,Low,17
Wednesday,Clear,309.21,0.0,No,residential,18,Low,17
Wednesday,Haze,285.16,0.0,No,residential,10,Medium,8
Friday,Rain,300.96,1.87,No,residential,7,Medium,4
Wednesday,Drizzle,287.83,1.19,No,residential,8,Medium,6
Thursday,Haze,295.4,0.0,No,market,11,Low,11
Tuesday,Clear,294.05,0.0,No,residential,9,Low,9
Thursday,Clear,300.74,0.0,No,residential,17,Low,17
Thursday,Haze,300.83,0.0,No,mall,18,Medium,16
Thursday,Fog,283.59,0.0,No,office,9,Medium,6
Friday,Haze,295.66,0.0,No,mall,20,Medium,19
Saturday,Clouds,290.04,0.18,No,mall,20,Medium,18
Sunday,Haze,289.18,0.0,No,residential,20,Medium,19
Tuesday,Clear,293.73,0.0,No,mall,17,Medium,16
Sunday,Rain,288.02,0.6,No,mall,18,Medium,15
Wednesday,Rain,287.33,0.92,No,mall,12,Low,11
Thursday,Rain,291.95,1.57,No,residential,7,Medium,5
Saturday,Clouds,300.64,0.2,No,residential,7,Low,7
Friday,Rain,291.98,2.19,No,mall,21,Medium,18
Friday,Fog,280.8,0.0,No,residential,7,Medium,5
Monday,Haze,286.24,0.0,No,office,10,Medium,8
Monday,Clear,298.35,0.0,No,office,10,Medium,8
Thursday,Haze,285.33,0.0,No,market,12,Low,11
Monday,Haze,286.53,0.0,No,office,10,Medium,8
Tuesday,Rain,285.76,2.1,Yes,station,18,High,15
Wednesday,Clouds,293.75,0.09,Yes,station,19,Medium,17
Saturday,Clouds,299.99,0.06,No,station,6,Low,6
Saturday,Clear,309.69,0.0,Yes,office,11,Low,11
Monday,Clear,294.74,0.0,No,office,9,Medium,6
Wednesday,Clear,301.03,0.0,No,market,11,Low,11
Wednesday,Clear,299.52,0.0,No,office,8,Medium,5
Wednesday,Haze,291.48,0.0,No,office,8,Medium,6
Monday,Clear,310.79,0.0,No,market,10,Low,9
Thursday,Clear,302.25,0.0,No,office,10,Medium,8
Sunday,Clear,300.66,0.0,No,office,12,Low,12
Saturday,Rain,288.19,1.87,No,station,8,Medium,6
Monday,Clouds,302.48,0.14,No,market,12,Low,11
Wednesday,Clouds,293.2,0.17,No,market,17,Medium,15
Monday,Haze,291.6,0.0,No,office,9,Medium,7
Thursday,Clouds,292.43,0.01,No,residential,8,Low,8
Wednesday,Clear,299.32,0.0,Yes,office,10,Medium,8
Tuesday,Fog,282.14,0.0,No,mall,19,Medium,17
Monday,Haze,288.1,0.0,No,mall,19,Medium,18
Monday,Clear,308.42,0.0,No,market,12,Low,11
Sunday,Clear,308.73,0.0,Yes,office,12,Low,12
Wednesday,Clouds,301.9,0.12,No,office,8,Medium,6
Saturday,Rain,297.66,0.66,No,station,19,Medium,17
Wednesday,Haze,291.0,0.0,No,office,9,Medium,7
Thursday,Fog,282.35,0.0,No,market,19,Medium,16
Sunday,Rain,295.02,1.82,No,residential,18,Medium,16
Tuesday,Clouds,306.92,0.08,No,residential,20,Low,20
Thursday,Fog,279.6,0.0,No,market,12,Low,11
Sunday,Clear,307.8,0.0,No,market,20,Medium,18
Wednesday,Rain,285.11,0.94,No,residential,19,Medium,17
Wednesday,Clouds,301.09,0.14,No,station,8,Medium,6
Wednesday,Haze,291.13,0.0,No,market,20,Medium,18
Monday,Fog,279.37,0.0,No,mall,11,Low,10
Wednesday,Clouds,304.35,0.0,No,office,8,Medium,5
Monday,Clouds,296.91,0.03,Yes,market,11,Low,10
Wednesday,Fog,280.18,0.0,No,mall,21,Medium,18
Monday,Rain,286.71,1.46,No,mall,13,Medium,10
Tuesday,Clouds,300.81,0.19,No,office,9,Medium,7
Sunday,Clear,310.31,0.0,No,market,11,Low,11
Sunday,Rain,297.4,1.47,No,mall,17,High,14
Friday,Haze,287.8,0.0,Yes,market,20,High,17
Wednesday,Rain,297.28,1.21,No,mall,18,Medium,16
Thursday,Clouds,298.44,0.1,No,residential,8,Low,8
Thursday,Rain,295.44,1.56,No,residential,18,Medium,16
Friday,Clear,300.73,0.0,No,office,10,Medium,7
Friday,Fog,290.79,0.0,No,office,8,Medium,5
Friday,Haze,286.97,0.0,No,station,17,Medium,14
Monday,Drizzle,294.63,0.41,No,office,9,Medium,6
Tuesday,Clouds,293.68,0.06,No,office,10,Medium,8
Thursday,Clouds,293.95,0.07,No,market,20,Medium,17
Friday,Haze,297.41,0.0,No,office,10,Medium,8
Thursday,Clouds,296.85,0.17,No,office,8,Medium,6
Friday,Clouds,292.81,0.03,No,office,8,Medium,6
Wednesday,Clear,311.65,0.0,No,mall,20,Medium,19
Friday,Clouds,302.89,0.13,No,market,17,Medium,14
Friday,Fog,286.88,0.0,No,mall,21,Medium,19
Monday,Clear,305.81,0.0,No,office,9,Medium,7
Thursday,Haze,292.92,0.0,Yes,residential,8,Medium,7
Saturday,Haze,293.25,0.0,No,mall,11,Low,11
Wednesday,Clouds,295.99,0.08,No,market,12,Low,12
Tuesday,Clouds,305.13,0.16,No,residential,19,Low,19
Wednesday,Clear,311.45,0.0,No,mall,18,Medium,17
Tuesday,Clear,295.92,0.0,No,office,8,Medium,5
Tuesday,Rain,287.55,2.07,Yes,office,9,High,6
Thursday,Clouds,305.19,0.12,No,market,18,Medium,16
Friday,Clear,301.97,0.0,No,market,18,Medium,16
Thursday,Clear,294.78,0.0,No,market,19,Medium,17
Saturday,Clouds,300.93,0.17,No,office,11,Low,11
Saturday,Clouds,295.13,0.19,No,market,11,Low,11
Wednesday,Drizzle,298.46,0.54,No,office,8,Medium,5
Thursday,Haze,294.11,0.0,Yes,residential,9,Medium,8
Friday,Clear,300.7,0.0,No,office,9,Medium,7
Saturday,Clear,306.24,0.0,No,office,12,Low,12
Sunday,Clear,304.56,0.0,No,residential,8,Low,8
Wednesday,Clear,308.25,0.0,No,mall,12,Low,12
Monday,Haze,292.8,0.0,No,office,9,Medium,6
Thursday,Clouds,301.3,0.02,No,station,8,Medium,6
Tuesday,Clouds,296.11,0.16,No,office,8,Medium,6
Sunday,Clear,301.62,0.0,No,residential,8,Low,8
Thursday,Haze,296.63,0.0,No,mall,12,Low,12
Friday,Haze,287.72,0.0,No,office,9,Medium,7
Friday,Clear,304.66,0.0,No,office,9,Medium,7
Tuesday,Clear,303.26,0.0,No,office,8,Medium,5
Sunday,Clear,296.37,0.0,No,residential,8,Low,8
Sunday,Fog,280.51,0.0,No,market,20,Medium,17
Monday,Haze,291.97,0.0,No,residential,17,Medium,15
Wednesday,Haze,287.35,0.0,No,residential,8,Medium,7
Tuesday,Drizzle,300.27,1.11,No,mall,19,Medium,17
Friday,Clear,295.99,0.0,No,residential,18,Low,18
Saturday,Clouds,305.01,0.04,No,office,10,Low,10
Saturday,Clouds,305.88,0.19,No,office,10,Low,10
Saturday,Clouds,306.03,0.1,Yes,market,12,Medium,11
Sunday,Clear,311.75,0.0,No,office,10,Low,10
Monday,Rain,298.83,1.31,Yes,residential,20,Medium,18
Thursday,Thunderstorm,302.87,2.32,No,market,19,Medium,16
Thursday,Haze,299.56,0.0,No,station,17,Medium,14
Thursday,Clouds,295.75,0.16,No,office,8,Medium,6
Monday,Clear,308.83,0.0,No,market,19,Medium,17
Friday,Haze,298.81,0.0,No,market,20,Medium,18
Tuesday,Clouds,293.11,0.07,No,mall,13,Low,12
Friday,Haze,292.77,0.0,No,residential,10,Medium,9
Thursday,Clear,306.15,0.0,No,office,8,Medium,6
Friday,Rain,296.02,2.15,No,mall,17,Medium,14
Thursday,Clouds,306.72,0.18,No,mall,11,Low,11
Wednesday,Clear,303.42,0.0,No,station,19,Medium,17
Monday,Haze,294.49,0.0,No,office,9,Medium,7
Tuesday,Fog,283.85,0.0,No,office,9,Medium,6
Thursday,Clouds,301.2,0.12,No,mall,18,Medium,16
Tuesday,Clouds,301.97,0.08,No,mall,20,Medium,19
Thursday,Rain,291.09,1.54,No,office,9,High,6
Friday,Clear,300.42,0.0,No,office,8,Medium,6
Tuesday,Haze,296.88,0.0,No,market,11,Low,11
Tuesday,Haze,290.67,0.0,No,residential,10,Medium,9
Monday,Clouds,301.43,0.2,No,mall,18,Medium,16
Tuesday,Haze,300.08,0.0,No,market,19,Medium,17
Tuesday,Rain,300.4,0.74,No,mall,21,Medium,18
Saturday,Rain,301.28,2.19,No,mall,21,High,18
Tuesday,Clear,294.6,0.0,No,market,10,Low,10
Wednesday,Clouds,301.59,0.15,No,market,19,Medium,17
Monday,Drizzle,292.35,0.96,No,office,9,Medium,6
Monday,Clear,312.76,0.0,No,office,8,Medium,5
Tuesday,Fog,283.68,0.0,No,office,9,Medium,6
Friday,Rain,294.05,1.37,Yes,office,8,High,5
Tuesday,Clear,293.75,0.0,Yes,station,19,Medium,17
Thursday,Clear,294.74,0.0,Yes,office,9,Medium,7
Sunday,Clouds,299.06,0.13,No,office,12,Low,12
Friday,Clouds,304.65,0.17,No,office,10,Medium,8
Sunday,Clear,302.91,0.0,No,office,12,Low,12
Tuesday,Clouds,291.13,0.01,Yes,office,8,Medium,5
Monday,Clear,295.44,0.0,No,office,9,Medium,7
Sunday,Clear,307.42,0.0,No,mall,18,Medium,16
Friday,Haze,290.72,0.0,No,office,8,Medium,5
Monday,Rain,286.3,1.39,No,office,9,High,6
Friday,Clouds,298.09,0.09,No,station,17,Medium,15
Tuesday,Clear,297.26,0.0,No,mall,12,Low,12
Thursday,Clear,303.13,0.0,No,residential,9,Low,9
Wednesday,Clouds,298.52,0.19,No,residential,18,Low,18
Friday,Fog,282.93,0.0,No,market,20,Medium,17
Thursday,Clouds,295.3,0.14,No,station,19,Medium,17
Wednesday,Clouds,300.54,0.18,No,mall,19,Medium,18
Tuesday,Clear,311.01,0.0,No,mall,13,Low,13
Friday,Clear,304.27,0.0,No,residential,20,Low,19
Tuesday,Rain,285.14,2.16,No,office,9,High,6
Friday,Haze,287.97,0.0,No,office,10,Medium,8
Wednesday,Fog,288.43,0.0,No,residential,18,Medium,16
Wednesday,Haze,295.84,0.0,No,station,18,Medium,16
Friday,Drizzle,297.99,0.96,Yes,station,7,High,4
Wednesday,Rain,285.37,1.79,No,office,8,High,5
Sunday,Clouds,301.7,0.07,No,market,12,Medium,11
Saturday,Drizzle,300.78,0.75,No,office,10,Medium,8
Thursday,Clear,301.67,0.0,No,office,9,Medium,7
Saturday,Haze,294.01,0.0,No,station,6,Low,6
Monday,Clouds,297.93,0.0,No,office,8,Medium,6
Wednesday,Haze,288.59,0.0,No,office,9,Medium,6
Tuesday,Haze,297.36,0.0,No,office,9,Medium,6
Friday,Fog,287.95,0.0,Yes,office,8,Medium,5
Thursday,Clouds,300.11,0.15,No,office,9,Medium,7
Tuesday,Clear,293.45,0.0,No,market,11,Low,11
Monday,Clear,303.23,0.0,No,station,7,Medium,5
Tuesday,Rain,296.72,1.89,No,office,9,High,6
Tuesday,Rain,293.07,0.54,No,mall,12,Low,10
Tuesday,Clouds,296.48,0.14,No,market,11,Low,11
Tuesday,Rain,296.42,0.85,No,office,8,Medium,5
Tuesday,Haze,299.72,0.0,Yes,residential,8,Medium,7
Monday,Clear,301.04,0.0,No,office,8,Medium,6
Friday,Clear,312.56,0.0,No,mall,13,Low,13
Friday,Haze,300.14,0.0,No,mall,21,Medium,20
Saturday,Clear,301.49,0.0,No,residential,9,Low,8
Monday,Clear,295.83,0.0,No,residential,17,Low,17
Thursday,Clear,301.77,0.0,No,market,12,Low,12
Thursday,Clear,305.82,0.0,No,office,10,Medium,8
Tuesday,Drizzle,288.74,0.39,No,residential,17,Medium,15
Thursday,Clear,297.13,0.0,No,market,18,Medium,16
Saturday,Clear,293.56,0.0,No,office,12,Low,12
Monday,Clouds,305.0,0.13,No,mall,12,Low,12
Wednesday,Clear,295.63,0.0,No,market,20,Medium,17
Thursday,Fog,282.83,0.0,No,mall,18,Medium,16
Monday,Clear,293.17,0.0,No,mall,11,Low,11
Wednesday,Drizzle,296.07,0.56,No,residential,9,Medium,7
Thursday,Rain,299.71,1.61,No,residential,18,Medium,16
Monday,Clear,296.14,0.0,No,office,9,Medium,7
Friday,Clear,301.68,0.0,No,residential,7,Low,7
Monday,Clouds,297.49,0.03,No,residential,17,Low,17
Friday,Haze,289.75,0.0,No,station,6,Low,4
Friday,Clear,309.5,0.0,No,office,9,Medium,7
Tuesday,Drizzle,300.07,0.66,No,residential,17,Medium,15
Friday,Fog,285.99,0.0,No,office,8,Medium,5
Friday,Haze,296.98,0.0,No,mall,18,Medium,17
Saturday,Clear,307.5,0.0,No,market,10,Low,9
Friday,Clouds,291.81,0.05,No,office,8,Medium,6
Sunday,Drizzle,291.91,0.87,No,office,12,Low,10
Monday,Fog,289.73,0.0,No,mall,18,Medium,16
Tuesday,Haze,286.59,0.0,No,station,8,Medium,5
Tuesday,Drizzle,291.25,1.14,No,office,8,High,5
Thursday,Clouds,301.05,0.14,No,residential,7,Low,7
Tuesday,Drizzle,300.21,0.64,No,station,18,Medium,15
Thursday,Clear,297.2,0.0,No,market,11,Low,11
Sunday,Thunderstorm,294.77,2.46,No,office,12,Medium,9
Thursday,Fog,287.1,0.0,No,office,9,Medium,6
Monday,Clear,301.82,0.0,No,office,9,Medium,7
Tuesday,Drizzle,296.45,0.59,No,residential,17,Medium,14
Sunday,Clear,302.93,0.0,No,station,8,Low,8
Wednesday,Clouds,290.07,0.11,No,office,8,Medium,5
Tuesday,Clear,305.45,0.0,No,residential,18,Low,17
Wednesday,Clear,295.6,0.0,No,market,11,Low,11
Saturday,Fog,286.24,0.0,Yes,office,10,Medium,8
Friday,Haze,298.27,0.0,No,mall,19,Medium,18
Wednesday,Haze,292.55,0.0,No,market,10,Medium,8
Monday,Clouds,304.37,0.2,No,office,8,Medium,6
Thursday,Clouds,303.13,0.03,No,residential,18,Low,18
Saturday,Clouds,297.9,0.07,No,station,18,Low,17
Friday,Clear,309.38,0.0,No,office,8,Medium,6
Friday,Clear,294.34,0.0,No,market,18,Medium,16
Sunday,Drizzle,299.99,0.25,No,market,10,Medium,7
Thursday,Clear,306.66,0.0,No,mall,21,Medium,20
Thursday,Clear,293.86,0.0,No,residential,8,Low,7
Tuesday,Haze,295.83,0.0,No,office,9,Medium,7
Thursday,Clouds,292.12,0.15,No,station,6,Low,5
Friday,Clouds,303.01,0.06,Yes,station,19,Medium,17
Sunday,Rain,289.43,0.83,No,office,11,Low,10
Saturday,Clouds,304.94,0.19,No,station,6,Low,5
Wednesday,Clouds,301.54,0.13,No,station,17,Medium,15
Thursday,Drizzle,287.29,0.6,No,mall,12,Low,10
Wednesday,Clear,294.83,0.0,No,office,9,Medium,7
Friday,Clear,302.45,0.0,No,mall,19,Medium,18
Tuesday,Clouds,294.52,0.14,No,office,8,Medium,6
Sunday,Thunderstorm,294.46,1.03,No,office,10,Medium,8
Monday,Clouds,291.16,0.1,No,residential,10,Low,9
Friday,Rain,300.35,0.74,Yes,office,9,Medium,6
Friday,Clouds,293.54,0.07,No,station,7,Medium,5
Wednesday,Thunderstorm,289.62,1.5,Yes,station,7,High,4
Wednesday,Fog,280.61,0.0,No,mall,19,Medium,17
Tuesday,Clear,304.61,0.0,No,market,17,Medium,15
Saturday,Rain,288.62,1.61,Yes,mall,21,High,18
Monday,Clear,311.2,0.0,No,station,8,Medium,5
Wednesday,Clouds,297.37,0.19,No,office,10,Medium,7
Saturday,Drizzle,297.05,1.0,No,market,20,High,17
Thursday,Rain,298.38,0.92,No,station,6,Low,4
Friday,Fog,288.25,0.0,No,market,10,Medium,8
Tuesday,Haze,295.19,0.0,No,residential,8,Medium,6
Tuesday,Clouds,304.87,0.18,No,station,17,Medium,14
Friday,Clear,312.44,0.0,No,market,19,Medium,16
Wednesday,Fog,289.14,0.0,No,residential,17,Medium,15
Tuesday,Haze,289.01,0.0,No,mall,17,Medium,15
Tuesday,Haze,287.75,0.0,No,office,9,Medium,7
Tuesday,Rain,293.91,1.93,No,office,10,High,7
Tuesday,Clouds,303.98,0.04,No,market,10,Low,10
Tuesday,Clear,308.61,0.0,No,office,10,Medium,7
Monday,Clear,307.68,0.0,No,market,19,Medium,16
Wednesday,Clouds,304.24,0.12,No,office,9,Medium,6
Friday,Clouds,296.81,0.18,No,market,12,Low,11
Friday,Rain,297.23,1.15,No,mall,19,Medium,16
Sunday,Clear,303.0,0.0,No,office,11,Low,11
Saturday,Clear,310.61,0.0,No,office,11,Low,11
Thursday,Haze,293.31,0.0,No,office,10,Medium,7
Sunday,Fog,280.98,0.0,Yes,mall,18,High,15
Friday,Clouds,300.32,0.12,No,residential,7,Low,7
Friday,Clear,300.6,0.0,No,mall,18,Medium,17
Wednesday,Clouds,294.18,0.16,No,station,7,Medium,5
Monday,Thunderstorm,300.95,1.48,No,office,8,High,5
Monday,Clear,293.43,0.0,No,office,10,Medium,8
Wednesday,Clear,298.79,0.0,No,mall,19,Medium,17
Monday,Clouds,297.78,0.05,No,office,8,Medium,6
Tuesday,Rain,288.4,1.35,No,station,18,High,15
Friday,Drizzle,299.71,0.63,No,mall,20,Medium,18
Saturday,Fog,289.42,0.0,No,residential,18,Medium,16
Monday,Clear,306.65,0.0,No,residential,9,Low,9
Thursday,Fog,291.83,0.0,No,market,10,Medium,8
Saturday,Haze,291.73,0.0,No,station,8,Medium,7
Wednesday,Clear,301.63,0.0,No,station,18,Medium,16
Thursday,Clouds,299.6,0.17,No,residential,10,Low,10
Monday,Haze,299.89,0.0,No,market,11,Low,11
Thursday,Clear,307.41,0.0,No,office,10,Medium,8
Saturday,Clouds,291.71,0.03,No,office,12,Low,12
Thursday,Rain,297.43,1.15,No,residential,17,Medium,15
Wednesday,Clear,299.73,0.0,No,office,8,Medium,6
Thursday,Clear,296.11,0.0,No,station,8,Medium,6
Wednesday,Drizzle,286.22,0.25,No,mall,12,Low,11
Sunday,Clear,298.47,0.0,No,residential,17,Low,17
Saturday,Fog,283.85,0.0,No,residential,10,Medium,8
Monday,Clear,310.34,0.0,No,station,18,Medium,16
Saturday,Clear,298.3,0.0,Yes,residential,20,Low,20
Monday,Clouds,291.64,0.11,No,station,6,Low,5
Friday,Fog,285.85,0.0,No,office,8,Medium,5
Thursday,Clouds,291.1,0.03,No,mall,18,Medium,17
Wednesday,Clear,311.75,0.0,No,office,8,Medium,5
Wednesday,Clouds,303.58,0.12,No,office,8,Medium,6
Tuesday,Clear,294.38,0.0,Yes,market,20,Medium,18
Tuesday,Haze,294.11,0.0,No,office,8,Medium,5
Thursday,Haze,290.29,0.0,No,market,18,Medium,16
Saturday,Haze,298.32,0.0,Yes,mall,17,High,14
Thursday,Clear,311.38,0.0,No,residential,7,Low,7
Monday,Clouds,303.39,0.06,No,mall,17,Medium,16
Sunday,Fog,280.25,0.0,No,market,10,Medium,8
Sunday,Clouds,301.11,0.13,No,office,12,Low,12
Monday,Clear,298.02,0.0,No,office,9,Medium,7
Tuesday,Fog,286.89,0.0,No,office,8,Medium,5
Tuesday,Haze,292.41,0.0,No,office,8,Medium,5
Wednesday,Clear,303.17,0.0,No,mall,19,Medium,17
Sunday,Clear,305.03,0.0,No,office,11,Low,11
Tuesday,Clear,294.2,0.0,No,office,10,Medium,8
Wednesday,Haze,292.61,0.0,No,market,17,Medium,15
Tuesday,Clear,296.31,0.0,No,mall,20,Medium,18
Friday,Rain,295.84,0.87,No,office,9,Medium,6
Wednesday,Haze,298.69,0.0,No,market,20,Medium,18
Wednesday,Clear,295.42,0.0,No,market,19,Medium,17
Tuesday,Rain,293.75,0.68,No,station,6,Low,3
Wednesday,Haze,294.06,0.0,No,residential,18,Medium,16
Wednesday,Fog,287.97,0.0,No,mall,11,Low,10
Friday,Clear,304.39,0.0,No,mall,19,Medium,18
Thursday,Clear,296.2,0.0,No,residential,8,Low,8
Wednesday,Clouds,305.6,0.13,No,market,12,Low,12
Wednesday,Clouds,290.77,0.01,No,office,9,Medium,6
Tuesday,Rain,285.79,0.63,No,office,10,Medium,7
Tuesday,Clear,308.58,0.0,No,residential,8,Low,8
Tuesday,Haze,287.66,0.0,No,station,7,Medium,5
Monday,Drizzle,290.58,0.59,No,station,19,Medium,16
Monday,Haze,294.47,0.0,No,market,19,Medium,17
Sunday,Haze,295.5,0.0,No,mall,17,Medium,14
Wednesday,Drizzle,292.57,0.36,No,residential,7,Medium,4
Sunday,Haze,288.55,0.0,No,mall,18,Medium,16
Friday,Clear,301.17,0.0,No,residential,17,Low,17
Sunday,Clear,296.62,0.0,No,office,11,Low,10
Tuesday,Clouds,299.61,0.17,No,mall,13,Low,13
Wednesday,Clouds,300.74,0.06,No,market,11,Low,10
Sunday,Fog,285.63,0.0,Yes,market,18,High,15
Wednesday,Clear,298.03,0.0,No,office,8,Medium,5
Wednesday,Clear,312.13,0.0,No,office,9,Medium,6
Monday,Rain,291.73,1.35,No,office,9,High,6
Sunday,Clear,298.01,0.0,No,residential,9,Low,9
Saturday,Drizzle,297.39,0.88,No,market,19,Medium,16
Thursday,Clouds,291.47,0.13,No,mall,19,Medium,18
Friday,Clouds,299.26,0.02,No,office,8,Medium,6
Tuesday,Rain,295.97,1.84,No,mall,12,Medium,9
Thursday,Drizzle,294.27,0.2,No,market,19,Medium,16
Monday,Clouds,291.63,0.15,No,market,10,Low,10
Thursday,Clouds,293.68,0.19,No,office,8,Medium,5
Thursday,Clear,293.1,0.0,No,residential,8,Low,8
Tuesday,Clear,304.9,0.0,No,office,8,Medium,6
Monday,Clouds,290.31,0.17,No,office,10,Medium,7
Thursday,Clear,293.11,0.0,No,mall,11,Low,11
Sunday,Rain,300.02,1.9,No,mall,19,High,16
Saturday,Thunderstorm,300.33,2.02,No,residential,17,Medium,15
Wednesday,Fog,283.26,0.0,No,office,9,Medium,6
Wednesday,Clear,302.65,0.0,No,residential,20,Low,20
Sunday,Clear,297.75,0.0,No,market,10,Low,10
Saturday,Clear,307.27,0.0,No,residential,10,Low,10
Saturday,Haze,285.2,0.0,No,office,11,Low,11
Tuesday,Clear,307.72,0.0,No,residential,10,Low,9
Wednesday,Rain,286.5,0.69,No,mall,11,Low,10
Friday,Clear,300.73,0.0,No,office,8,Medium,6
Friday,Clouds,291.92,0.09,No,office,9,Medium,6
Friday,Clear,294.92,0.0,No,station,6,Low,4
Saturday,Clouds,303.26,0.03,Yes,market,17,Medium,15
Monday,Clear,310.14,0.0,No,residential,18,Low,18
Wednesday,Clouds,303.25,0.01,No,office,10,Medium,7
Wednesday,Clear,299.4,0.0,No,office,10,Medium,7
Sunday,Fog,286.06,0.0,No,mall,17,Medium,14
Monday,Thunderstorm,298.06,1.79,No,office,8,High,5
Wednesday,Clear,310.92,0.0,No,mall,19,Medium,18
Wednesday,Clear,307.5,0.0,No,mall,21,Medium,20
Monday,Clear,300.22,0.0,No,residential,10,Low,10
Monday,Clouds,293.32,0.08,Yes,office,8,Medium,6
Wednesday,Clouds,291.09,0.13,No,office,8,Medium,6
Saturday,Fog,285.45,0.0,No,mall,12,Medium,10
Thursday,Clouds,305.51,0.11,No,station,17,Medium,15
Tuesday,Rain,292.61,1.62,Yes,station,8,High,5
Thursday,Clouds,301.18,0.02,No,office,8,Medium,6
Monday,Clear,311.18,0.0,No,market,20,Medium,17
Friday,Clouds,291.21,0.17,No,mall,21,Medium,19
Friday,Clouds,303.43,0.09,No,office,8,Medium,6
Sunday,Fog,279.56,0.0,No,mall,21,Medium,18
Thursday,Drizzle,290.58,0.7,No,office,9,Medium,6
Friday,Fog,279.83,0.0,No,mall,17,Medium,15
Thursday,Fog,284.05,0.0,No,residential,20,Medium,18
Sunday,Haze,300.19,0.0,No,station,18,Medium,17
Friday,Clear,307.0,0.0,No,station,19,Medium,17
Thursday,Clear,305.13,0.0,No,mall,20,Medium,18
Tuesday,Haze,288.98,0.0,No,office,8,Medium,6
Friday,Clear,297.79,0.0,No,mall,19,Medium,17
Friday,Clouds,295.67,0.2,No,mall,13,Low,13
Saturday,Haze,285.9,0.0,Yes,station,17,Medium,15
Tuesday,Clear,306.82,0.0,No,office,8,Medium,6
Wednesday,Clear,310.47,0.0,No,office,9,Medium,7
Friday,Clear,297.34,0.0,No,residential,19,Low,19
Tuesday,Rain,286.99,2.04,No,office,9,High,6
Tuesday,Clear,295.11,0.0,No,market,11,Low,11
Tuesday,Haze,287.67,0.0,No,residential,20,Medium,19
Tuesday,Clouds,298.6,0.18,No,residential,17,Low,17
Monday,Fog,287.98,0.0,No,station,8,Medium,5
Friday,Haze,293.02,0.0,No,office,10,Medium,8
Wednesday,Haze,294.95,0.0,No,office,8,Medium,5
Wednesday,Clouds,304.52,0.01,No,residential,8,Low,8
Tuesday,Clear,303.58,0.0,No,station,19,Medium,16
Saturday,Rain,285.83,2.13,No,office,12,Medium,10
Tuesday,Clear,303.06,0.0,No,market,10,Low,9
Sunday,Fog,286.49,0.0,No,station,7,Medium,4
Sunday,Clear,309.36,0.0,Yes,office,12,Low,12
Thursday,Fog,287.26,0.0,No,office,9,Medium,6
Wednesday,Clouds,302.75,0.18,No,market,19,Medium,17
Friday,Rain,295.16,1.69,Yes,market,18,High,15
Monday,Clouds,295.95,0.0,No,office,9,Medium,7
Tuesday,Clear,293.88,0.0,No,office,8,Medium,6
Tuesday,Clouds,303.79,0.11,No,station,7,Medium,5
Thursday,Clear,300.82,0.0,No,office,8,Medium,6
Monday,Haze,297.21,0.0,No,office,9,Medium,6
Thursday,Drizzle,295.71,0.49,No,office,8,Medium,5
Monday,Clear,302.77,0.0,No,mall,21,Medium,19
Monday,Clouds,298.82,0.19,No,station,18,Medium,16
Wednesday,Haze,288.41,0.0,No,mall,21,Medium,19
Friday,Haze,285.46,0.0,No,residential,9,Medium,7
Thursday,Clouds,297.39,0.09,No,residential,10,Low,10
Monday,Fog,286.5,0.0,No,residential,17,Medium,15
Saturday,Drizzle,291.12,1.01,No,office,10,Medium,8
Thursday,Clouds,300.76,0.08,No,market,19,Medium,16
Tuesday,Rain,291.68,2.04,No,office,9,High,6
Friday,Clouds,292.2,0.03,No,office,8,Medium,6
Saturday,Clouds,304.9,0.03,No,office,10,Low,10
Monday,Clear,300.47,0.0,No,mall,17,Medium,16
Friday,Fog,292.23,0.0,No,mall,21,Medium,18
Friday,Fog,283.52,0.0,No,mall,19,Medium,16
Saturday,Rain,290.99,2.06,No,office,12,Medium,10
Tuesday,Clouds,294.94,0.09,No,station,19,Medium,17
Monday,Fog,290.93,0.0,No,mall,19,Medium,17
Thursday,Clear,296.24,0.0,No,residential,19,Low,18
Thursday,Clear,309.4,0.0,No,residential,7,Low,7
Tuesday,Clouds,302.91,0.07,No,mall,11,Low,11
Tuesday,Clouds,295.44,0.17,No,mall,19,Medium,18
Friday,Rain,291.38,0.92,No,office,10,Medium,7
Wednesday,Fog,279.3,0.0,Yes,office,9,Medium,6
Monday,Clear,310.7,0.0,No,mall,17,Medium,15
Thursday,Clouds,301.06,0.18,No,office,8,Medium,6
Friday,Clear,307.24,0.0,No,residential,7,Low,6
Monday,Clear,297.9,0.0,No,station,17,Medium,15
Monday,Clear,303.58,0.0,No,market,12,Low,11
Friday,Haze,295.83,0.0,No,market,10,Medium,9
Monday,Fog,288.58,0.0,No,mall,11,Low,10
Sunday,Clouds,297.78,0.09,No,mall,20,Medium,17
Wednesday,Clear,299.97,0.0,No,station,17,Medium,15
Tuesday,Clear,299.62,0.0,No,station,18,Medium,16
Tuesday,Clear,311.03,0.0,No,market,19,Medium,17
Thursday,Rain,294.14,1.74,No,mall,17,Medium,15
Tuesday,Clear,306.57,0.0,No,station,6,Low,5
Sunday,Fog,279.4,0.0,Yes,residential,18,Medium,15
Tuesday,Clear,301.8,0.0,No,mall,20,Medium,19
Thursday,Clear,303.14,0.0,No,office,9,Medium,7
Sunday,Drizzle,294.44,0.44,No,station,17,Medium,15
Wednesday,Clouds,290.93,0.12,Yes,market,18,Medium,16
Saturday,Clear,293.67,0.0,No,station,8,Low,8
Thursday,Fog,281.25,0.0,No,office,9,Medium,6
Thursday,Rain,295.06,2.01,No,market,18,Medium,15
Saturday,Clouds,302.33,0.12,Yes,mall,12,Medium,11
Tuesday,Thunderstorm,303.97,1.87,No,market,19,Medium,16
Tuesday,Clear,312.37,0.0,No,residential,7,Low,7
Sunday,Clouds,298.42,0.07,No,market,19,Medium,17
Friday,Fog,287.39,0.0,No,mall,21,Medium,19
Monday,Clouds,290.74,0.19,No,residential,19,Low,19
Wednesday,Rain,297.63,2.04,No,office,9,High,6
Friday,Clouds,305.31,0.01,No,office,8,Medium,6
Tuesday,Haze,286.69,0.0,No,market,10,Medium,9
Monday,Rain,297.68,1.16,No,mall,13,Medium,10
Wednesday,Clear,296.58,0.0,No,office,9,Medium,7
Saturday,Clouds,301.68,0.1,No,market,20,Medium,18
Friday,Clouds,298.64,0.07,No,mall,20,Medium,19
Friday,Haze,286.3,0.0,No,mall,20,Medium,19
Sunday,Drizzle,289.58,0.45,No,residential,19,Medium,17
Thursday,Haze,286.87,0.0,No,mall,12,Low,12
Tuesday,Clear,298.22,0.0,No,mall,17,Medium,16
Thursday,Clear,295.57,0.0,No,mall,20,Medium,18
Sunday,Clouds,302.92,0.18,No,mall,18,Medium,16
Thursday,Fog,280.19,0.0,No,residential,19,Medium,17
Monday,Clear,297.1,0.0,No,office,8,Medium,6
Tuesday,Clouds,292.26,0.0,No,mall,12,Low,11
Tuesday,Clear,300.81,0.0,No,residential,7,Low,7
Thursday,Clear,312.92,0.0,No,mall,20,Medium,19
Friday,Clear,308.76,0.0,No,office,9,Medium,7
Wednesday,Clear,307.74,0.0,No,mall,21,Medium,20
Wednesday,Fog,286.29,0.0,No,market,11,Low,10
Friday,Drizzle,286.53,1.06,No,market,20,Medium,17
Monday,Fog,281.44,0.0,No,market,12,Low,10
Tuesday,Haze,288.67,0.0,No,market,11,Low,10
Monday,Clear,297.86,0.0,No,residential,9,Low,9
Friday,Clouds,306.74,0.19,No,mall,19,Medium,18
Tuesday,Fog,280.31,0.0,No,residential,8,Medium,6
Wednesday,Rain,288.55,1.17,No,market,10,Medium,8
Wednesday,Clear,296.5,0.0,No,market,18,Medium,16
Monday,Clouds,294.76,0.0,No,station,8,Medium,5
Thursday,Haze,289.45,0.0,No,market,19,Medium,17
Thursday,Haze,286.72,0.0,No,office,8,Medium,6
Friday,Drizzle,290.95,0.65,No,office,9,Medium,6
Monday,Fog,279.76,0.0,No,market,20,Medium,17
Thursday,Clear,310.16,0.0,No,mall,12,Low,12
Tuesday,Rain,295.26,1.35,No,market,12,Medium,10
Thursday,Rain,286.26,0.71,No,station,6,Low,3
Thursday,Clear,307.52,0.0,No,office,8,Medium,6
Wednesday,Clouds,306.92,0.19,No,market,11,Low,10
Monday,Haze,296.33,0.0,No,residential,18,Medium,17
Saturday,Clear,310.12,0.0,No,station,18,Low,18
Tuesday,Clear,310.17,0.0,No,market,20,Medium,17
Saturday,Rain,294.11,1.24,No,office,10,Medium,8
Friday,Haze,294.32,0.0,No,station,6,Low,5
Thursday,Clouds,293.19,0.19,No,market,19,Medium,17
Sunday,Clear,309.14,0.0,No,market,20,Medium,18
Monday,Clouds,291.8,0.16,No,residential,7,Low,6
Monday,Thunderstorm,294.45,1.0,No,residential,7,Medium,5
Sunday,Drizzle,287.5,0.27,Yes,market,18,High,15
Wednesday,Clouds,306.05,0.04,No,mall,17,Medium,16
Friday,Clouds,298.21,0.09,No,mall,20,Medium,19
Wednesday,Clouds,294.88,0.17,No,residential,18,Low,17
Thursday,Clouds,297.66,0.12,No,office,9,Medium,7
Friday,Clear,301.51,0.0,No,office,9,Medium,6
Friday,Fog,286.24,0.0,No,office,8,Medium,5
Monday,Thunderstorm,289.32,2.18,No,office,8,High,5
Monday,Fog,291.52,0.0,No,office,9,Medium,6
Thursday,Fog,284.41,0.0,No,office,8,Medium,5
Friday,Clear,304.6,0.0,Yes,office,8,Medium,6
Wednesday,Clear,301.82,0.0,No,mall,19,Medium,18
Thursday,Clear,301.04,0.0,No,market,12,Low,12
Thursday,Clear,303.62,0.0,No,office,8,Medium,5
Thursday,Clear,312.18,0.0,No,residential,9,Low,9
Sunday,Haze,296.36,0.0,No,residential,17,Medium,16
Monday,Haze,288.14,0.0,No,station,18,Medium,16
Saturday,Clear,304.55,0.0,Yes,office,11,Low,11
Tuesday,Fog,282.2,0.0,No,mall,11,Low,10
Thursday,Clouds,297.96,0.17,Yes,market,19,Medium,16
Saturday,Clouds,295.44,0.2,Yes,market,18,Medium,16
Friday,Haze,294.03,0.0,No,market,10,Medium,8
Thursday,Clear,306.99,0.0,No,residential,17,Low,17
Thursday,Haze,294.1,0.0,No,mall,13,Low,12
Friday,Clear,296.34,0.0,Yes,office,9,Medium,7
Wednesday,Clouds,291.99,0.04,No,office,8,Medium,6
Saturday,Clouds,304.1,0.08,No,mall,11,Low,11
Thursday,Clouds,300.32,0.15,No,station,19,Medium,17
Sunday,Clear,301.76,0.0,Yes,residential,20,Low,20
Tuesday,Clouds,296.43,0.1,No,market,11,Low,11
Tuesday,Clouds,295.81,0.18,No,residential,9,Low,8
Tuesday,Drizzle,296.47,0.29,No,market,17,Medium,14
Tuesday,Clouds,302.23,0.19,No,mall,13,Low,13
Sunday,Haze,300.17,0.0,No,mall,20,Medium,18
Friday,Drizzle,297.43,0.3,No,market,12,Low,10
Wednesday,Clouds,295.85,0.06,No,office,8,Medium,5
Thursday,Clear,301.27,0.0,No,office,9,Medium,7
Sunday,Thunderstorm,301.61,1.45,No,residential,10,Medium,8
Tuesday,Clear,311.43,0.0,No,mall,20,Medium,19
Wednesday,Fog,287.09,0.0,No,residential,10,Medium,8
Monday,Clear,294.54,0.0,No,market,17,Medium,15
Friday,Clear,296.85,0.0,No,market,19,Medium,17
Saturday,Fog,291.71,0.0,No,station,19,Medium,16
Monday,Fog,289.01,0.0,No,residential,19,Medium,16
Thursday,Clouds,302.3,0.04,No,mall,18,Medium,17
Thursday,Clouds,306.89,0.09,No,office,10,Medium,8
Wednesday,Rain,298.54,0.76,No,office,8,Medium,5
Monday,Drizzle,296.53,0.34,No,market,11,Low,10
Saturday,Clouds,295.92,0.14,No,market,20,Medium,18
Sunday,Clouds,291.1,0.11,No,mall,19,Medium,17
Monday,Rain,290.9,0.88,No,market,10,Medium,8
Thursday,Clear,299.06,0.0,No,mall,17,Medium,16
Sunday,Clouds,291.7,0.17,No,residential,19,Low,18
Friday,Fog,290.11,0.0,Yes,office,8,Medium,5
Tuesday,Clouds,306.33,0.04,No,residential,18,Low,18
Friday,Clear,304.53,0.0,No,residential,9,Low,8
Tuesday,Clouds,305.86,0.13,No,residential,17,Low,17
Wednesday,Clear,293.84,0.0,No,office,10,Medium,7
Sunday,Clear,297.15,0.0,No,office,10,Low,10
Thursday,Fog,288.34,0.0,No,mall,18,Medium,16
Thursday,Clear,306.04,0.0,No,mall,17,Medium,16
Tuesday,Clouds,293.99,0.08,No,office,8,Medium,6
Thursday,Clear,298.8,0.0,Yes,mall,19,Medium,17
Wednesday,Clear,310.9,0.0,No,station,17,Medium,15
Thursday,Clear,300.65,0.0,No,mall,20,Medium,18
Friday,Clear,310.33,0.0,No,market,20,Medium,18
Wednesday,Clouds,300.41,0.07,No,office,8,Medium,6
Sunday,Clear,299.25,0.0,Yes,market,20,Medium,18
Wednesday,Clear,302.41,0.0,No,residential,17,Low,17
Sunday,Rain,300.49,0.97,No,mall,11,Low,10
Wednesday,Rain,292.84,1.86,No,market,20,Medium,17
Friday,Clouds,290.41,0.05,No,market,18,Medium,16
Thursday,Clouds,297.56,0.05,No,market,20,Medium,18
Friday,Fog,282.57,0.0,No,market,17,Medium,14
Wednesday,Clear,311.38,0.0,No,market,10,Low,10
Tuesday,Clear,309.41,0.0,No,market,11,Low,11
Wednesday,Clouds,304.61,0.14,No,residential,7,Low,6
Saturday,Drizzle,288.37,0.81,No,residential,8,Medium,6
Saturday,Fog,292.82,0.0,No,market,17,Medium,14
Tuesday,Clear,309.37,0.0,No,residential,10,Low,10
Wednesday,Clouds,300.21,0.16,No,market,11,Low,11
Thursday,Clear,308.17,0.0,No,mall,18,Medium,17
Thursday,Clear,304.68,0.0,No,mall,18,Medium,17
Friday,Thunderstorm,295.89,2.28,No,office,8,High,5
Thursday,Haze,285.75,0.0,No,residential,9,Medium,8
Wednesday,Drizzle,293.67,0.7,No,office,9,Medium,6
Saturday,Rain,292.93,0.79,Yes,office,10,Medium,8
Thursday,Clouds,293.94,0.02,No,office,9,Medium,7
Thursday,Clear,307.2,0.0,No,office,8,Medium,6
Sunday,Haze,292.79,0.0,No,residential,18,Medium,17
Friday,Clouds,290.08,0.03,No,residential,19,Low,19
Friday,Clouds,291.76,0.0,No,market,20,Medium,18
Tuesday,Clouds,292.62,0.17,No,mall,17,Medium,16
Monday,Fog,280.64,0.0,Yes,office,8,Medium,5
Thursday,Drizzle,291.6,0.89,No,market,17,Medium,14
Sunday,Haze,286.58,0.0,No,station,7,Medium,5
Thursday,Clear,305.95,0.0,No,mall,13,Low,13
Tuesday,Clear,309.6,0.0,No,mall,18,Medium,17
Friday,Drizzle,297.44,0.56,No,office,8,Medium,5
Friday,Clear,306.07,0.0,No,station,17,Medium,15
Tuesday,Clouds,294.02,0.14,Yes,market,20,Medium,18
Tuesday,Rain,290.18,2.16,No,market,17,Medium,14
Tuesday,Rain,285.63,1.79,No,market,17,Medium,14
Thursday,Haze,290.83,0.0,No,mall,12,Low,12
Thursday,Haze,286.51,0.0,No,station,7,Medium,5
Friday,Clouds,305.44,0.08,No,office,9,Medium,7
Sunday,Clear,295.19,0.0,No,mall,11,Low,11
Wednesday,Clear,310.11,0.0,No,residential,10,Low,10
Saturday,Haze,297.83,0.0,No,mall,21,Medium,18
Sunday,Clouds,298.61,0.04,No,residential,8,Low,8
Friday,Clouds,295.64,0.2,No,office,9,Medium,6
Wednesday,Clouds,303.76,0.14,No,station,7,Medium,5
Thursday,Rain,287.83,1.33,No,office,10,High,7
Sunday,Drizzle,294.74,0.82,No,office,12,Low,11
Monday,Rain,288.29,1.71,No,residential,18,Medium,16
Tuesday,Clear,299.42,0.0,No,station,7,Medium,4
Monday,Fog,290.68,0.0,No,market,17,Medium,14
Tuesday,Clear,307.68,0.0,Yes,office,8,Medium,5
Wednesday,Fog,292.93,0.0,Yes,office,8,Medium,5
Tuesday,Fog,287.5,0.0,No,market,17,Medium,14
Thursday,Clouds,305.27,0.15,No,office,10,Medium,7
Sunday,Thunderstorm,299.09,2.15,No,market,12,Medium,10
Saturday,Haze,298.0,0.0,No,mall,21,Medium,19
Sunday,Clouds,304.21,0.17,No,mall,19,Medium,17
Sunday,Rain,299.27,1.05,No,mall,12,Medium,10
Wednesday,Rain,296.78,1.34,No,market,10,Medium,8
Tuesday,Clouds,305.78,0.14,No,mall,12,Low,12
Wednesday,Clear,295.42,0.0,No,station,6,Low,4
Friday,Clouds,298.17,0.2,No,market,17,Medium,15
Saturday,Clear,301.6,0.0,No,residential,20,Low,20
Monday,Clear,312.99,0.0,No,market,20,Medium,18
Friday,Haze,292.79,0.0,No,office,10,Medium,7
Wednesday,Rain,292.45,0.74,No,station,7,Medium,4
Sunday,Clouds,295.42,0.06,No,mall,17,Medium,14
Monday,Clouds,297.95,0.18,No,mall,18,Medium,17
Friday,Clouds,305.44,0.06,No,mall,11,Low,11
Monday,Rain,289.04,0.55,No,market,17,Medium,14
Tuesday,Rain,296.42,1.89,No,market,11,Medium,8
Wednesday,Clear,293.09,0.0,No,mall,19,Medium,18
Tuesday,Haze,291.59,0.0,No,residential,8,Medium,7
Wednesday,Fog,291.79,0.0,No,market,18,Medium,15
Wednesday,Drizzle,293.79,1.15,No,station,7,High,4
Monday,Rain,297.87,2.05,No,mall,21,Medium,19
Wednesday,Clouds,295.36,0.01,Yes,market,11,Low,11
Friday,Clouds,306.27,0.12,No,station,6,Low,4
Thursday,Clear,295.53,0.0,No,station,8,Medium,5
Friday,Clouds,300.14,0.17,No,station,8,Medium,5
Monday,Clear,299.92,0.0,No,mall,13,Low,12
Saturday,Haze,290.81,0.0,No,station,17,Medium,16
Wednesday,Clear,309.7,0.0,No,residential,18,Low,18
Tuesday,Rain,294.01,0.53,No,market,20,Medium,17
Wednesday,Drizzle,292.25,0.29,No,office,8,Medium,5
Monday,Fog,282.48,0.0,No,office,9,Medium,6
Saturday,Clouds,302.6,0.1,No,market,20,Medium,18
Monday,Clear,307.41,0.0,No,residential,8,Low,8
Monday,Rain,296.19,0.92,No,market,18,Medium,15
Thursday,Haze,298.1,0.0,No,market,20,Medium,18
Saturday,Fog,287.42,0.0,Yes,mall,21,High,18
Thursday,Clouds,300.08,0.17,No,office,10,Medium,8
Thursday,Clear,307.25,0.0,Yes,office,8,Medium,6
Thursday,Fog,279.68,0.0,No,market,19,Medium,16
Wednesday,Rain,295.05,0.56,No,residential,19,Medium,17
Friday,Clouds,297.05,0.06,Yes,station,6,Low,5
Sunday,Rain,301.37,1.91,No,office,11,Medium,9
Thursday,Clouds,304.69,0.08,No,office,9,Medium,6
Saturday,Rain,298.32,0.95,No,office,12,Low,11
Thursday,Clear,304.57,0.0,Yes,market,17,Medium,15
Monday,Clouds,297.09,0.14,No,market,19,Medium,17
Friday,Rain,300.62,1.57,No,mall,21,Medium,19
Sunday,Clear,311.54,0.0,No,residential,7,Low,6
Tuesday,Clouds,298.98,0.03,No,office,9,Medium,7
Tuesday,Rain,285.39,2.19,No,station,7,High,4
Wednesday,Clouds,305.17,0.13,No,office,8,Medium,6
Thursday,Clear,307.92,0.0,No,mall,20,Medium,19
Thursday,Clouds,296.27,0.13,No,office,8,Medium,6
Friday,Clouds,305.77,0.02,No,mall,19,Medium,17
Thursday,Clear,306.29,0.0,No,mall,17,Medium,16
Sunday,Clear,301.29,0.0,No,mall,13,Medium,12
Wednesday,Clear,297.12,0.0,No,office,9,Medium,7
Sunday,Rain,298.96,1.82,Yes,residential,20,Medium,18
Saturday,Clouds,301.53,0.01,No,office,11,Low,11
Wednesday,Fog,288.25,0.0,No,station,7,Medium,4
Wednesday,Clear,294.91,0.0,No,market,19,Medium,17
Friday,Fog,281.61,0.0,No,residential,7,Medium,5
Saturday,Drizzle,298.85,0.84,No,mall,20,Medium,17
Thursday,Clouds,300.98,0.03,Yes,station,8,Medium,6
Monday,Clear,297.61,0.0,No,market,12,Low,11
Saturday,Rain,295.92,1.26,No,office,10,Medium,8
Friday,Clear,299.49,0.0,No,office,9,Medium,7
Monday,Clouds,303.09,0.09,No,office,9,Medium,6
Friday,Haze,293.34,0.0,No,office,8,Medium,6
Monday,Clouds,297.34,0.01,No,station,8,Medium,6
Thursday,Fog,286.48,0.0,No,residential,19,Medium,17
Tuesday,Fog,288.34,0.0,No,market,20,Medium,17
Wednesday,Clouds,298.07,0.18,No,mall,18,Medium,17
Friday,Clear,305.9,0.0,Yes,office,9,Medium,7
Tuesday,Fog,288.86,0.0,No,office,9,Medium,6
Wednesday,Clouds,301.3,0.01,No,station,19,Medium,16
Tuesday,Rain,299.79,1.05,No,mall,12,Medium,10
Sunday,Clear,304.21,0.0,No,residential,8,Low,8
Tuesday,Clear,298.62,0.0,No,residential,7,Low,6
Thursday,Clouds,303.29,0.08,No,office,8,Medium,6
Friday,Haze,294.12,0.0,No,residential,20,Medium,19
Saturday,Clear,307.36,0.0,No,market,10,Low,10
Monday,Rain,296.35,1.51,No,office,10,High,7
Monday,Clear,310.34,0.0,No,mall,19,Medium,18
Thursday,Haze,297.55,0.0,No,mall,12,Low,12
Friday,Haze,290.65,0.0,No,office,9,Medium,7
Tuesday,Rain,300.3,1.0,No,residential,20,Medium,17
Wednesday,Haze,298.06,0.0,No,market,11,Low,11
Sunday,Clear,302.29,0.0,No,mall,21,Medium,19
Tuesday,Clear,311.86,0.0,No,office,9,Medium,6
Wednesday,Clouds,293.62,0.18,No,residential,20,Low,20
Wednesday,Clouds,298.2,0.01,No,market,12,Low,12
Tuesday,Haze,289.11,0.0,No,residential,20,Medium,18
Monday,Clear,303.2,0.0,No,station,19,Medium,16
Monday,Clouds,294.49,0.08,No,residential,7,Low,6
Thursday,Clouds,303.49,0.18,No,mall,18,Medium,16
Monday,Fog,284.16,0.0,No,station,8,Medium,5
Friday,Clear,308.14,0.0,No,market,11,Low,11
Friday,Clouds,302.37,0.18,No,station,8,Medium,6
Friday,Fog,288.26,0.0,No,mall,12,Low,11
Friday,Rain,289.56,1.73,No,office,9,High,6
Tuesday,Haze,295.22,0.0,No,mall,18,Medium,16
Friday,Clouds,304.63,0.18,No,office,10,Medium,8
Tuesday,Clouds,291.08,0.12,No,residential,7,Low,6
Tuesday,Clear,295.9,0.0,No,office,9,Medium,7
Wednesday,Clear,303.21,0.0,No,office,9,Medium,7
Saturday,Clear,297.09,0.0,No,market,18,Medium,16
Saturday,Fog,292.91,0.0,No,residential,20,Medium,17
Wednesday,Fog,287.34,0.0,No,office,8,Medium,5
Wednesday,Clear,298.96,0.0,No,mall,11,Low,11
Wednesday,Clouds,300.29,0.12,No,station,19,Medium,17
Wednesday,Drizzle,300.11,0.21,No,market,11,Low,10
Tuesday,Clear,295.57,0.0,No,residential,8,Low,8
Wednesday,Clear,297.99,0.0,No,office,8,Medium,6
Monday,Haze,296.87,0.0,No,mall,12,Low,12
Tuesday,Clear,304.81,0.0,No,residential,18,Low,18
Wednesday,Clear,305.0,0.0,No,residential,18,Low,18
Wednesday,Clear,302.8,0.0,Yes,office,10,Medium,7
Tuesday,Fog,286.66,0.0,No,market,11,Low,10
Thursday,Clouds,292.44,0.17,No,office,8,Medium,5
Monday,Clouds,305.39,0.13,No,market,11,Low,11
Wednesday,Clear,298.54,0.0,No,residential,20,Low,20
Wednesday,Clear,308.16,0.0,No,office,10,Medium,8
Sunday,Haze,293.42,0.0,Yes,station,19,Medium,17
Tuesday,Drizzle,291.26,0.23,No,market,20,Medium,17
Friday,Clear,304.24,0.0,No,mall,11,Low,10
Thursday,Clear,301.7,0.0,No,mall,18,Medium,16
Thursday,Drizzle,291.65,1.03,No,market,18,Medium,15
Wednesday,Clear,309.34,0.0,No,mall,17,Medium,15
Sunday,Clouds,304.63,0.03,No,office,11,Low,10
Sunday,Haze,286.19,0.0,Yes,office,10,Medium,9
Thursday,Clear,312.74,0.0,Yes,office,9,Medium,7
Monday,Rain,285.07,1.3,No,office,9,High,6
Thursday,Clouds,292.79,0.02,No,market,19,Medium,16
Wednesday,Clouds,299.73,0.15,No,station,17,Medium,15
Thursday,Clouds,302.25,0.08,No,office,9,Medium,6
Friday,Rain,293.6,1.51,No,residential,20,Medium,18
Wednesday,Clouds,306.31,0.05,No,office,10,Medium,7
Monday,Clear,302.58,0.0,No,mall,19,Medium,17
Tuesday,Clear,297.45,0.0,No,mall,13,Low,12
Wednesday,Fog,291.84,0.0,No,mall,12,Low,10
Wednesday,Clear,296.75,0.0,No,mall,17,Medium,16
Sunday,Clear,300.01,0.0,Yes,mall,11,Low,11
Wednesday,Clear,307.59,0.0,No,residential,17,Low,17
Tuesday,Clouds,304.62,0.15,No,station,8,Medium,6
Tuesday,Fog,289.68,0.0,No,office,8,Medium,5
Wednesday,Clouds,306.06,0.06,No,market,19,Medium,17
Thursday,Clouds,302.41,0.02,No,station,7,Medium,5
Thursday,Haze,293.07,0.0,No,residential,18,Medium,17
Friday,Clouds,305.97,0.05,No,market,11,Low,10
Wednesday,Rain,299.37,1.2,No,residential,10,Medium,7
Thursday,Drizzle,297.86,0.95,No,mall,19,Medium,17
Tuesday,Clouds,292.39,0.08,No,mall,11,Low,11
Friday,Haze,296.37,0.0,No,office,9,Medium,7
Wednesday,Clear,298.79,0.0,No,office,10,Medium,8
Thursday,Clouds,292.06,0.09,No,residential,18,Low,17
Tuesday,Clouds,302.18,0.12,No,market,12,Low,11
Friday,Clouds,290.12,0.07,No,station,19,Medium,17
Friday,Clear,300.84,0.0,No,market,12,Low,11
Monday,Clear,302.07,0.0,No,residential,18,Low,18
Wednesday,Clear,305.12,0.0,No,market,20,Medium,18
Friday,Clouds,294.12,0.09,Yes,residential,18,Low,18
Thursday,Clear,304.38,0.0,No,station,8,Medium,6
Monday,Clouds,295.27,0.04,No,station,19,Medium,17
Monday,Clear,293.71,0.0,No,station,19,Medium,17
Thursday,Clear,311.43,0.0,No,office,10,Medium,7
Friday,Clouds,292.75,0.11,No,market,10,Low,9
Monday,Clouds,305.88,0.11,No,mall,21,Medium,20
Friday,Clear,309.22,0.0,No,market,12,Low,11
Thursday,Drizzle,290.4,0.38,No,residential,18,Medium,16
Monday,Rain,293.99,0.76,No,residential,18,Medium,16
Friday,Clear,303.53,0.0,No,market,19,Medium,17
Monday,Clear,302.34,0.0,No,office,9,Medium,7
Thursday,Clear,306.42,0.0,No,office,9,Medium,7
Monday,Drizzle,287.34,0.85,Yes,residential,19,Medium,17
Wednesday,Clear,310.43,0.0,No,residential,7,Low,7
Monday,Clear,302.55,0.0,No,residential,9,Low,9
Sunday,Haze,290.31,0.0,No,mall,18,Medium,16
Sunday,Clouds,299.56,0.08,No,office,12,Low,12
Tuesday,Clouds,298.91,0.04,No,mall,12,Low,12
Saturday,Clear,305.72,0.0,No,residential,17,Low,16
Wednesday,Clear,293.81,0.0,Yes,office,10,Medium,8
Tuesday,Clouds,294.64,0.19,No,station,19,Medium,16
Thursday,Clear,293.2,0.0,No,office,9,Medium,7
Friday,Clouds,297.61,0.01,No,office,10,Medium,8
Saturday,Rain,286.75,2.02,No,station,18,Medium,16
Wednesday,Clouds,296.2,0.02,No,office,8,Medium,6
Sunday,Clouds,293.94,0.03,No,mall,13,Medium,11
Monday,Clouds,303.09,0.03,No,mall,21,Medium,20
Sunday,Clouds,295.25,0.06,Yes,market,19,Medium,17
Thursday,Clear,311.07,0.0,No,residential,20,Low,20
Friday,Drizzle,286.55,0.48,No,market,10,Medium,8
Tuesday,Clouds,305.24,0.07,No,station,8,Medium,6
Friday,Clear,312.37,0.0,No,mall,20,Medium,19
Thursday,Haze,296.65,0.0,No,market,19,Medium,17
Friday,Rain,299.2,2.08,No,market,20,Medium,17
Tuesday,Clear,305.06,0.0,No,mall,20,Medium,19
Wednesday,Fog,283.37,0.0,No,residential,18,Medium,15
Friday,Clear,306.52,0.0,No,office,9,Medium,7
Saturday,Rain,292.4,0.71,No,station,6,Low,5
Monday,Clear,296.95,0.0,No,mall,20,Medium,18
Friday,Clouds,305.96,0.17,No,market,11,Low,11
Saturday,Clear,295.65,0.0,No,residential,18,Low,18
Friday,Clear,301.04,0.0,No,market,12,Low,12
Thursday,Rain,296.85,1.25,No,office,10,High,7
Wednesday,Haze,287.95,0.0,No,office,8,Medium,5
Thursday,Clear,302.4,0.0,No,office,8,Medium,6
Monday,Clouds,302.26,0.09,No,mall,21,Medium,20
Sunday,Clear,305.69,0.0,No,market,20,Medium,17
Thursday,Fog,287.17,0.0,No,mall,21,Medium,19
Tuesday,Clear,302.78,0.0,No,residential,8,Low,7
Monday,Fog,284.65,0.0,No,market,19,Medium,16
Sunday,Haze,299.36,0.0,No,mall,20,Medium,18
Friday,Clouds,305.33,0.14,No,office,8,Medium,6
Thursday,Clear,293.82,0.0,No,residential,18,Low,18
Tuesday,Rain,296.3,2.01,No,office,9,High,6
Monday,Clear,301.47,0.0,No,mall,11,Low,11
Saturday,Rain,297.54,1.54,No,office,12,Medium,10
Monday,Clouds,299.25,0.02,No,mall,17,Medium,16
Saturday,Rain,285.37,1.14,No,market,18,High,15
Saturday,Clouds,294.92,0.01,No,office,11,Low,11
Saturday,Clouds,300.29,0.03,No,office,11,Low,11
Monday,Clear,312.17,0.0,No,market,19,Medium,17
Sunday,Clear,301.32,0.0,Yes,market,12,Medium,11
Monday,Rain,300.13,1.34,No,mall,21,Medium,18
Monday,Clear,312.98,0.0,No,residential,8,Low,8
Tuesday,Clouds,305.86,0.01,No,station,18,Medium,15
Thursday,Rain,296.45,0.78,No,market,18,Medium,15
Sunday,Clear,306.72,0.0,No,mall,17,Medium,15
Friday,Haze,294.64,0.0,No,residential,10,Medium,9
Sunday,Clear,308.92,0.0,No,mall,20,Medium,18
Sunday,Clear,309.51,0.0,No,station,17,Low,16
Thursday,Clouds,292.92,0.05,No,market,20,Medium,18
Saturday,Haze,298.22,0.0,No,station,7,Medium,5
Friday,Clear,295.24,0.0,No,office,9,Medium,7
Thursday,Clouds,305.02,0.06,No,station,8,Medium,5
Friday,Clouds,290.89,0.1,No,mall,18,Medium,17
Friday,Clear,301.22,0.0,No,office,9,Medium,7
Wednesday,Haze,289.48,0.0,No,mall,19,Medium,18
Thursday,Rain,293.5,1.29,Yes,mall,11,Medium,9
Friday,Clear,310.58,0.0,No,office,8,Medium,6
Sunday,Clear,297.19,0.0,Yes,market,10,Medium,9
Friday,Clear,293.98,0.0,No,residential,17,Low,17
Monday,Thunderstorm,302.62,1.65,Yes,residential,10,Medium,7
Tuesday,Clear,304.34,0.0,No,office,9,Medium,6
Friday,Clouds,305.93,0.05,No,office,9,Medium,7
Monday,Clear,293.16,0.0,No,residential,9,Low,8
Monday,Clear,311.42,0.0,No,market,12,Low,12
Friday,Clear,294.47,0.0,No,residential,18,Low,18
Monday,Clear,308.43,0.0,No,market,20,Medium,18
Thursday,Thunderstorm,293.2,1.74,No,office,9,High,6
Tuesday,Clear,311.9,0.0,No,office,8,Medium,6
Saturday,Clouds,291.66,0.08,No,station,17,Low,16
Monday,Drizzle,291.49,0.65,No,office,8,Medium,5
Friday,Clouds,298.47,0.04,No,residential,18,Low,17
Saturday,Haze,295.84,0.0,No,residential,20,Medium,18
Sunday,Drizzle,293.84,0.9,No,office,11,Low,10
Wednesday,Clear,302.55,0.0,No,market,20,Medium,18
Monday,Clear,298.86,0.0,No,office,9,Medium,7
Sunday,Clouds,291.26,0.13,No,station,17,Low,17
Sunday,Clear,310.83,0.0,Yes,mall,18,Medium,15
Wednesday,Haze,293.68,0.0,No,mall,19,Medium,18
Tuesday,Haze,297.72,0.0,No,office,8,Medium,5
Saturday,Clouds,293.51,0.18,Yes,office,10,Low,10
Wednesday,Haze,293.36,0.0,No,residential,8,Medium,7
Wednesday,Drizzle,293.05,0.58,No,office,8,Medium,5
Tuesday,Clear,308.49,0.0,No,office,10,Medium,8
Tuesday,Fog,288.93,0.0,No,office,9,Medium,6
Saturday,Rain,288.5,1.8,No,office,11,Medium,9
Saturday,Clear,298.83,0.0,No,office,11,Low,10
Monday,Clear,297.58,0.0,No,station,18,Medium,15
Saturday,Fog,290.15,0.0,No,station,7,Medium,5
Wednesday,Rain,286.66,1.69,No,office,10,High,7
Tuesday,Clear,294.29,0.0,No,residential,19,Low,19
Wednesday,Clear,301.66,0.0,No,mall,17,Medium,16
Monday,Haze,289.61,0.0,No,office,9,Medium,7
Wednesday,Clear,297.48,0.0,No,station,19,Medium,16
Friday,Clear,306.67,0.0,No,market,19,Medium,17
Thursday,Clouds,296.39,0.02,No,residential,18,Low,18
Sunday,Haze,295.14,0.0,No,office,12,Low,12
Thursday,Clear,307.04,0.0,No,market,11,Low,10
Tuesday,Clear,306.3,0.0,No,market,17,Medium,15
Monday,Clear,309.17,0.0,No,station,7,Medium,5
Monday,Clear,293.37,0.0,No,station,18,Medium,16
Thursday,Clear,293.36,0.0,No,residential,20,Low,20
Thursday,Clear,300.0,0.0,No,mall,19,Medium,18
Thursday,Fog,284.47,0.0,No,residential,20,Medium,17
Sunday,Haze,299.27,0.0,No,market,18,Medium,15
Sunday,Clouds,294.58,0.16,No,office,12,Low,11
Tuesday,Clouds,299.06,0.15,No,mall,11,Low,10
Thursday,Clear,306.35,0.0,No,office,8,Medium,6
Thursday,Fog,291.33,0.0,No,market,11,Low,10
Tuesday,Clear,293.05,0.0,No,mall,21,Medium,20
Thursday,Clear,296.5,0.0,No,mall,20,Medium,19
Sunday,Clear,296.49,0.0,No,office,10,Low,9
Tuesday,Clear,302.8,0.0,No,office,9,Medium,7
Friday,Clear,298.05,0.0,Yes,office,8,Medium,6
Saturday,Haze,292.29,0.0,No,office,11,Low,11
Monday,Thunderstorm,289.31,2.92,No,office,9,High,6
Sunday,Rain,294.77,1.11,No,station,6,Low,4
Thursday,Haze,291.33,0.0,No,market,19,Medium,17
Thursday,Clouds,293.78,0.14,No,mall,19,Medium,18
Monday,Clear,295.04,0.0,No,office,8,Medium,6
Tuesday,Clear,299.56,0.0,No,office,8,Medium,6
Tuesday,Clear,303.51,0.0,No,office,10,Medium,8
Friday,Clear,309.46,0.0,No,market,11,Low,11
Saturday,Clouds,294.24,0.15,No,station,18,Low,17
Monday,Fog,283.26,0.0,No,market,20,Medium,17
Tuesday,Drizzle,294.43,0.64,No,office,10,Medium,7
Thursday,Clouds,306.09,0.11,No,office,8,Medium,6
Thursday,Clouds,296.33,0.12,No,residential,10,Low,9
Saturday,Haze,293.95,0.0,No,office,12,Low,12
Thursday,Thunderstorm,294.44,2.48,No,office,9,High,6
Monday,Clear,298.0,0.0,No,market,17,Medium,15
Tuesday,Clear,310.13,0.0,No,mall,18,Medium,17
Monday,Clear,311.87,0.0,No,station,8,Medium,6
Sunday,Haze,297.46,0.0,Yes,residential,8,Medium,7
Thursday,Thunderstorm,287.99,2.86,No,market,18,Medium,15
Thursday,Drizzle,293.73,0.94,No,residential,9,Medium,7
Sunday,Clear,310.69,0.0,No,mall,18,Medium,16
Tuesday,Clouds,297.07,0.18,No,office,8,Medium,5
Tuesday,Clear,308.78,0.0,No,station,6,Low,4
Friday,Clear,307.87,0.0,Yes,station,18,Medium,16
Thursday,Clear,306.7,0.0,No,market,20,Medium,17
Thursday,Fog,282.01,0.0,No,station,6,Low,4
Monday,Clouds,304.95,0.18,No,office,10,Medium,8
Thursday,Rain,291.65,1.91,No,office,8,High,5
Monday,Drizzle,289.66,0.56,No,mall,18,Medium,16
Monday,Rain,294.78,1.53,No,mall,19,Medium,17
Wednesday,Haze,286.91,0.0,Yes,station,17,High,14
Sunday,Fog,287.7,0.0,No,station,19,Medium,17
Saturday,Clear,311.41,0.0,No,office,12,Low,11
Thursday,Clear,299.44,0.0,No,market,19,Medium,16
Sunday,Clouds,291.35,0.15,No,market,19,Medium,17
Monday,Rain,295.81,2.04,No,office,8,High,5
Sunday,Clouds,306.78,0.0,No,residential,19,Low,19
Monday,Rain,295.22,1.51,No,mall,21,Medium,19
Monday,Clear,310.46,0.0,No,station,19,Medium,17
Wednesday,Rain,298.32,0.96,No,mall,12,Low,11
Thursday,Clear,310.79,0.0,Yes,office,8,Medium,6
Friday,Clear,302.24,0.0,No,office,9,Medium,7
Tuesday,Clouds,296.14,0.0,No,station,17,Medium,15
Saturday,Clear,301.44,0.0,Yes,mall,13,Medium,12
Thursday,Fog,280.25,0.0,No,residential,18,Medium,16
Friday,Clouds,301.58,0.07,No,office,9,Medium,7
Wednesday,Clear,295.18,0.0,No,mall,11,Low,10
Saturday,Fog,282.59,0.0,No,station,6,Low,5
Thursday,Fog,289.1,0.0,No,market,20,Medium,17
Saturday,Haze,296.05,0.0,No,market,10,Medium,9
Friday,Clouds,290.98,0.07,No,office,9,Medium,7
Wednesday,Clear,304.87,0.0,No,office,9,Medium,7
Tuesday,Clear,303.17,0.0,No,office,10,Medium,8
Saturday,Clouds,292.16,0.19,No,market,20,Medium,18
Friday,Rain,287.67,1.48,No,station,18,High,15
Sunday,Rain,290.09,1.4,No,office,11,Medium,9
Monday,Clouds,304.46,0.17,No,office,9,Medium,6
Tuesday,Clear,307.98,0.0,No,station,18,Medium,15
Thursday,Fog,285.7,0.0,No,residential,20,Medium,17
Wednesday,Clouds,293.5,0.11,No,office,10,Medium,8
Saturday,Rain,292.73,1.22,No,mall,12,Medium,9
Tuesday,Clouds,301.8,0.08,Yes,mall,21,Medium,19
Thursday,Clear,309.77,0.0,No,residential,18,Low,18
Monday,Rain,299.4,1.4,No,mall,21,Medium,18
Tuesday,Rain,292.41,1.84,No,office,9,High,6
Thursday,Fog,285.68,0.0,No,residential,17,Medium,15
Tuesday,Rain,292.96,2.07,No,mall,21,Medium,19
Sunday,Clear,300.37,0.0,No,market,19,Medium,17
Monday,Haze,299.05,0.0,No,market,18,Medium,16
Monday,Clouds,306.15,0.05,No,mall,17,Medium,16
Wednesday,Haze,292.57,0.0,No,market,19,Medium,16
Tuesday,Clear,296.67,0.0,No,market,19,Medium,17
Monday,Drizzle,297.71,0.89,No,residential,18,Medium,15
Monday,Clouds,299.72,0.13,No,residential,9,Low,8
Monday,Thunderstorm,301.31,2.73,No,market,18,Medium,15
Saturday,Rain,298.79,1.42,No,office,11,Medium,9
Friday,Clear,296.45,0.0,No,mall,18,Medium,17
Tuesday,Drizzle,295.05,0.6,No,mall,11,Low,10
Tuesday,Haze,289.1,0.0,No,mall,21,Medium,20
Wednesday,Clouds,296.62,0.19,No,office,8,Medium,6
Monday,Rain,290.83,0.8,Yes,market,17,High,14
Thursday,Clouds,298.17,0.1,No,mall,21,Medium,19
Friday,Clear,308.08,0.0,No,office,8,Medium,6
Monday,Clear,296.56,0.0,No,station,17,Medium,15
Friday,Clear,293.08,0.0,No,office,9,Medium,7
Sunday,Haze,287.79,0.0,No,residential,8,Medium,6
Sunday,Thunderstorm,296.22,2.11,No,office,10,Medium,8
Tuesday,Clouds,306.61,0.13,Yes,station,18,Medium,16
Saturday,Thunderstorm,297.25,1.77,No,residential,7,Medium,4
Friday,Clouds,305.76,0.17,No,office,8,Medium,6
Friday,Rain,294.01,1.01,No,mall,18,Medium,15
Tuesday,Clear,297.87,0.0,No,residential,18,Low,18
Saturday,Haze,286.27,0.0,No,mall,13,Medium,12
Saturday,Clear,309.83,0.0,No,mall,19,Medium,17
Wednesday,Clear,309.84,0.0,No,residential,9,Low,9
Friday,Fog,289.67,0.0,No,office,10,Medium,7
Friday,Clouds,294.56,0.12,No,market,18,Medium,15
Wednesday,Clear,308.77,0.0,No,mall,21,Medium,20
Monday,Haze,298.71,0.0,No,office,9,Medium,6
Saturday,Clear,309.7,0.0,No,station,17,Low,17
Thursday,Clear,293.36,0.0,Yes,office,10,Medium,8
Friday,Clouds,292.29,0.16,No,office,8,Medium,6
Wednesday,Clouds,297.44,0.18,No,station,7,Medium,4
Tuesday,Clear,297.19,0.0,No,mall,11,Low,11
Friday,Fog,286.16,0.0,No,office,8,Medium,5
Saturday,Rain,293.11,1.68,No,station,6,Low,5
Sunday,Clouds,291.57,0.19,No,residential,17,Low,17
Saturday,Clear,295.07,0.0,No,station,6,Low,5
Tuesday,Clouds,300.77,0.01,No,office,10,Medium,8
Monday,Clouds,297.03,0.02,No,station,8,Medium,6
Sunday,Haze,289.18,0.0,No,office,12,Low,11
Monday,Clear,306.85,0.0,No,residential,18,Low,17
Monday,Rain,301.59,0.96,No,station,8,Medium,5
Saturday,Clear,304.14,0.0,No,market,10,Low,10
Sunday,Rain,297.69,2.07,No,mall,12,Medium,10
Thursday,Clouds,304.12,0.03,No,station,19,Medium,17
Friday,Rain,301.68,1.34,No,market,12,Medium,9
Wednesday,Rain,299.33,1.06,No,market,12,Medium,9
Wednesday,Clear,301.01,0.0,No,market,11,Low,11
Wednesday,Fog,286.0,0.0,No,market,19,Medium,16
Wednesday,Fog,281.23,0.0,No,office,8,Medium,5
Friday,Rain,286.65,0.59,No,office,10,Medium,7
Sunday,Clouds,298.33,0.11,No,residential,18,Low,17
Saturday,Clear,307.68,0.0,Yes,mall,11,Low,11
Sunday,Haze,299.79,0.0,No,office,10,Medium,8
Thursday,Haze,298.57,0.0,No,residential,7,Medium,6
Tuesday,Drizzle,299.23,0.61,No,residential,19,Medium,16
Monday,Clouds,299.58,0.1,No,office,8,Medium,6
Wednesday,Clouds,290.18,0.09,No,mall,12,Low,12
Tuesday,Clear,311.64,0.0,No,mall,21,Medium,19
Wednesday,Clear,298.03,0.0,No,market,19,Medium,17
Wednesday,Clouds,291.37,0.17,No,office,9,Medium,7
Friday,Clear,301.98,0.0,No,residential,7,Low,7
Tuesday,Clouds,297.43,0.11,No,office,9,Medium,6
Thursday,Clouds,301.7,0.12,No,office,9,Medium,7
Thursday,Rain,289.4,0.52,No,office,10,Medium,7
Monday,Fog,287.71,0.0,No,office,8,Medium,5
Wednesday,Fog,279.76,0.0,No,market,12,Low,11
Tuesday,Haze,297.93,0.0,No,market,12,Low,11
Thursday,Fog,286.47,0.0,No,market,18,Medium,15
Monday,Clouds,296.89,0.03,No,residential,9,Low,8
Monday,Clouds,292.53,0.1,No,office,10,Medium,8
Saturday,Fog,289.29,0.0,No,market,11,Low,10
Wednesday,Rain,295.52,2.0,No,office,9,High,6
Monday,Fog,285.1,0.0,No,mall,20,Medium,17
Saturday,Rain,300.7,1.77,No,station,18,Medium,16
Monday,Clouds,293.2,0.03,No,mall,20,Medium,19
Tuesday,Clear,303.99,0.0,No,market,12,Low,12
Wednesday,Clouds,303.61,0.09,No,office,10,Medium,7
Sunday,Rain,295.81,0.99,Yes,market,18,High,15
Sunday,Clouds,299.18,0.1,No,residential,19,Low,19
Saturday,Clouds,306.23,0.15,No,market,20,Medium,18
Tuesday,Haze,291.63,0.0,No,market,20,Medium,17
Saturday,Clouds,300.6,0.0,No,mall,17,Medium,15
Thursday,Clouds,294.12,0.05,Yes,station,19,Medium,16
Friday,Rain,292.23,1.13,No,residential,9,Medium,7
Friday,Rain,298.52,2.03,No,market,12,Medium,10
Sunday,Clear,303.84,0.0,No,mall,21,Medium,19
Tuesday,Clear,296.29,0.0,No,office,9,Medium,7
Wednesday,Clear,300.41,0.0,No,mall,17,Medium,16
Monday,Clear,299.59,0.0,No,market,10,Low,10
Monday,Haze,300.68,0.0,No,mall,21,Medium,20
Monday,Fog,280.69,0.0,No,station,18,Medium,15
Monday,Rain,286.73,0.54,No,office,8,Medium,5
Thursday,Drizzle,297.02,0.57,No,residential,7,Medium,5
Tuesday,Clouds,300.62,0.16,No,market,17,Medium,15
Wednesday,Clear,311.71,0.0,No,mall,17,Medium,16
Saturday,Drizzle,291.5,0.4,No,residential,19,Medium,16
Monday,Clear,297.1,0.0,No,office,8,Medium,6
Monday,Clouds,305.19,0.08,No,office,8,Medium,6
Wednesday,Clouds,301.79,0.02,No,office,9,Medium,7
Friday,Clouds,297.15,0.15,No,residential,17,Low,17
Sunday,Haze,297.64,0.0,No,station,17,Medium,16
Thursday,Rain,298.28,0.91,No,residential,20,Medium,18
Monday,Rain,288.57,1.88,No,office,8,High,5
Monday,Fog,283.54,0.0,No,residential,7,Medium,5
Thursday,Fog,282.43,0.0,No,office,8,Medium,5
Sunday,Clouds,303.8,0.13,No,mall,18,Medium,16
Wednesday,Drizzle,289.04,0.7,No,mall,20,Medium,17
Tuesday,Fog,292.67,0.0,No,office,10,Medium,7
Saturday,Clear,305.17,0.0,No,office,11,Low,11
Tuesday,Clouds,298.9,0.18,No,mall,21,Medium,20
Thursday,Rain,291.86,1.4,No,residential,19,Medium,17
Thursday,Clouds,299.76,0.0,No,residential,19,Low,18
Saturday,Rain,287.71,1.5,No,mall,12,Medium,10
Wednesday,Clouds,298.56,0.0,No,residential,17,Low,17
Friday,Haze,286.61,0.0,No,residential,9,Medium,7
Sunday,Clear,304.15,0.0,No,mall,17,Medium,15
Thursday,Rain,290.88,1.73,No,office,10,High,7
Thursday,Rain,294.08,0.83,No,office,9,Medium,6
Thursday,Rain,295.78,1.16,No,station,17,High,14
Monday,Clear,307.06,0.0,No,station,19,Medium,16
Tuesday,Haze,289.86,0.0,No,mall,21,Medium,19
Friday,Clouds,292.94,0.2,No,office,8,Medium,6
Wednesday,Clouds,290.39,0.2,No,office,10,Medium,8
Thursday,Clear,307.68,0.0,No,station,6,Low,5
Tuesday,Rain,296.37,1.16,No,office,8,High,5
Thursday,Clear,309.7,0.0,No,office,9,Medium,7
Wednesday,Clouds,304.69,0.1,No,market,10,Low,10
Thursday,Clouds,302.15,0.08,No,market,17,Medium,15
Wednesday,Drizzle,288.08,0.8,No,mall,20,Medium,18
Saturday,Clear,299.87,0.0,No,mall,13,Medium,12
Tuesday,Clouds,292.97,0.04,No,residential,19,Low,18
Tuesday,Clouds,294.61,0.09,Yes,station,17,Medium,15
Sunday,Clouds,297.45,0.18,No,office,10,Low,9
Friday,Haze,297.86,0.0,No,residential,10,Medium,8
Monday,Clouds,298.52,0.08,No,mall,18,Medium,16
Sunday,Clouds,298.45,0.13,Yes,office,11,Low,11
Tuesday,Haze,298.32,0.0,No,residential,8,Medium,6
Monday,Clear,300.98,0.0,Yes,office,9,Medium,7
Monday,Rain,295.82,0.56,No,mall,18,Medium,16
Tuesday,Rain,286.42,0.58,No,market,18,Medium,15
Wednesday,Clear,311.86,0.0,No,residential,18,Low,18
Monday,Rain,299.52,0.72,No,office,10,Medium,7
Friday,Haze,297.87,0.0,Yes,market,19,High,16
Tuesday,Haze,293.8,0.0,No,market,12,Low,11
Friday,Clouds,306.29,0.03,No,market,10,Low,9
Wednesday,Clouds,291.8,0.15,Yes,market,17,Medium,14
Friday,Rain,286.58,1.64,No,office,8,High,5
Wednesday,Clear,295.95,0.0,No,station,17,Medium,14
Sunday,Rain,295.99,1.8,No,office,11,Medium,9
Sunday,Clear,299.4,0.0,No,residential,18,Low,17
Saturday,Clear,312.92,0.0,Yes,residential,17,Low,17
Friday,Fog,292.75,0.0,No,market,11,Low,9
Wednesday,Rain,294.58,1.76,Yes,residential,20,Medium,18
Friday,Drizzle,300.47,0.94,No,station,7,Medium,4
Friday,Clouds,306.0,0.15,Yes,office,8,Medium,6
Thursday,Drizzle,292.87,0.48,No,station,18,Medium,15
Tuesday,Haze,289.95,0.0,No,market,11,Low,10
Sunday,Haze,289.52,0.0,No,station,19,Medium,18
Sunday,Clear,305.73,0.0,No,station,17,Low,17
Sunday,Haze,289.73,0.0,No,mall,17,Medium,15
Wednesday,Clear,304.93,0.0,No,residential,8,Low,8
Tuesday,Clear,304.4,0.0,No,office,10,Medium,8
Monday,Clouds,298.6,0.19,No,office,8,Medium,6
Sunday,Clear,304.84,0.0,Yes,market,11,Low,11
Wednesday,Clouds,304.43,0.11,No,residential,8,Low,8
Friday,Clouds,291.99,0.03,No,mall,20,Medium,19
Tuesday,Fog,285.54,0.0,Yes,office,8,Medium,5
Wednesday,Drizzle,289.59,0.53,No,residential,8,Medium,6
Wednesday,Rain,295.53,1.76,No,mall,18,Medium,16
Monday,Rain,288.1,1.02,No,office,8,High,5
Tuesday,Drizzle,293.58,0.42,No,office,9,Medium,6
Monday,Clouds,300.57,0.19,No,office,8,Medium,5
Sunday,Clear,301.09,0.0,No,mall,17,Medium,15
Monday,Clear,308.38,0.0,No,mall,13,Low,13
Tuesday,Clouds,306.98,0.15,No,mall,21,Medium,19
Thursday,Haze,287.61,0.0,No,mall,21,Medium,20
Thursday,Clouds,303.69,0.16,No,residential,10,Low,10
Tuesday,Clouds,301.45,0.2,No,market,20,Medium,17
Sunday,Clouds,296.8,0.03,No,station,7,Low,7
Wednesday,Clear,307.47,0.0,No,station,6,Low,4
Sunday,Drizzle,291.42,0.53,No,mall,21,Medium,18
Monday,Clear,306.3,0.0,No,residential,10,Low,9
Wednesday,Haze,291.77,0.0,No,mall,12,Low,11
Wednesday,Clear,293.41,0.0,Yes,residential,9,Low,9
Tuesday,Haze,297.34,0.0,No,residential,17,Medium,15
Monday,Haze,300.08,0.0,No,office,8,Medium,6
Saturday,Clear,307.0,0.0,No,market,11,Low,11
Saturday,Thunderstorm,290.54,2.46,No,market,17,High,14
Friday,Clear,309.85,0.0,No,station,17,Medium,15
Tuesday,Haze,290.08,0.0,No,station,19,Medium,17
Tuesday,Clouds,292.28,0.13,No,office,8,Medium,5
Thursday,Rain,290.1,1.61,No,market,12,Medium,10
Thursday,Clear,306.57,0.0,No,residential,17,Low,16
Tuesday,Clouds,290.11,0.11,No,office,8,Medium,6
Friday,Rain,292.66,2.07,No,mall,12,Medium,9
Thursday,Clear,306.48,0.0,No,office,9,Medium,7
Wednesday,Rain,300.94,0.65,No,residential,8,Medium,5
Monday,Clouds,294.66,0.17,No,office,9,Medium,6
Sunday,Rain,297.38,1.67,No,office,11,Medium,9
Friday,Clear,312.9,0.0,No,office,9,Medium,7
Sunday,Clouds,296.43,0.06,No,mall,19,Medium,16
Wednesday,Fog,287.23,0.0,No,mall,17,Medium,15
Monday,Clouds,295.52,0.0,No,office,8,Medium,6
Tuesday,Rain,292.25,1.69,No,office,9,High,6
Thursday,Clear,300.5,0.0,No,market,20,Medium,18
Saturday,Rain,298.44,1.05,No,station,7,Medium,5
Tuesday,Haze,286.12,0.0,No,residential,20,Medium,18
Monday,Rain,291.42,1.1,Yes,office,10,High,7
Saturday,Clear,305.08,0.0,No,office,11,Low,10
Monday,Clear,302.2,0.0,No,residential,17,Low,16
Wednesday,Clear,304.51,0.0,No,mall,17,Medium,15
Monday,Haze,293.79,0.0,No,station,17,Medium,14
Saturday,Haze,299.88,0.0,No,market,11,Low,10
Thursday,Clouds,299.57,0.1,No,office,9,Medium,7
Friday,Thunderstorm,299.59,2.08,No,mall,20,Medium,18
Wednesday,Clear,306.92,0.0,Yes,office,10,Medium,8
Thursday,Clear,309.29,0.0,No,mall,19,Medium,18
Monday,Rain,298.63,0.87,No,market,11,Low,10
Friday,Clouds,303.0,0.1,No,office,9,Medium,7
Thursday,Drizzle,297.29,0.61,No,station,7,Medium,4
Friday,Rain,285.95,0.97,No,mall,20,Medium,18
Friday,Haze,292.51,0.0,No,mall,20,Medium,19
Monday,Clouds,298.72,0.01,No,residential,8,Low,8
Monday,Clear,301.64,0.0,No,station,18,Medium,16
Monday,Clear,305.1,0.0,No,mall,12,Low,12
Sunday,Thunderstorm,298.96,2.95,No,mall,12,Medium,10
Wednesday,Clear,305.47,0.0,No,market,18,Medium,15
Sunday,Rain,293.88,2.02,No,office,11,Medium,9
Saturday,Rain,291.61,0.67,No,mall,20,Medium,17
Saturday,Clouds,304.71,0.01,No,office,10,Low,10
Friday,Clouds,294.76,0.14,No,market,12,Low,11
Thursday,Haze,287.83,0.0,No,residential,18,Medium,17
Tuesday,Clear,308.73,0.0,No,office,9,Medium,7
Wednesday,Clear,296.05,0.0,No,residential,19,Low,19
Thursday,Haze,286.61,0.0,No,mall,18,Medium,17
Saturday,Thunderstorm,288.28,2.15,Yes,station,7,Medium,5
Saturday,Clear,311.65,0.0,No,market,11,Low,11
Wednesday,Fog,279.77,0.0,No,market,19,Medium,16
Saturday,Clear,305.34,0.0,No,office,12,Low,12
Tuesday,Clouds,293.09,0.05,No,residential,17,Low,17
Monday,Clouds,300.23,0.16,No,residential,18,Low,18
Saturday,Clouds,305.18,0.2,No,office,12,Low,12
Monday,Clouds,298.57,0.04,No,station,17,Medium,15
Wednesday,Clear,312.61,0.0,No,station,8,Medium,6
Tuesday,Fog,286.97,0.0,No,residential,8,Medium,5
Friday,Drizzle,288.49,0.21,No,station,8,Medium,5
Wednesday,Rain,290.54,1.05,No,office,9,High,6
Friday,Clear,310.16,0.0,No,office,9,Medium,6
Tuesday,Clouds,293.05,0.04,No,market,18,Medium,15
Monday,Haze,290.78,0.0,No,mall,13,Low,12
Friday,Clouds,299.15,0.17,No,mall,11,Low,11
Friday,Clear,301.18,0.0,No,station,19,Medium,17
Monday,Haze,292.19,0.0,Yes,mall,13,Medium,12
Saturday,Rain,289.86,2.1,No,market,20,High,17
Friday,Clouds,301.49,0.04,No,market,18,Medium,16
Sunday,Clouds,290.13,0.01,No,station,18,Low,18
Tuesday,Clouds,306.94,0.16,No,office,10,Medium,8
Sunday,Rain,290.61,1.67,No,market,17,High,14
Friday,Clear,298.76,0.0,No,mall,20,Medium,19
Sunday,Clear,303.83,0.0,No,office,10,Low,10
Friday,Clear,298.38,0.0,No,market,20,Medium,17
Monday,Clear,306.56,0.0,No,mall,21,Medium,20
Sunday,Haze,289.21,0.0,Yes,mall,17,High,14
Friday,Haze,286.13,0.0,No,residential,9,Medium,7
Monday,Clouds,301.92,0.16,No,residential,20,Low,20
Tuesday,Clouds,300.17,0.13,No,residential,7,Low,6
Sunday,Haze,291.13,0.0,No,office,10,Medium,9
Tuesday,Clouds,299.9,0.16,Yes,office,10,Medium,7
Friday,Rain,285.06,0.67,No,residential,8,Medium,6
Sunday,Clear,308.6,0.0,No,office,11,Low,11
Thursday,Clear,308.4,0.0,No,mall,18,Medium,16
Monday,Clear,310.18,0.0,No,office,8,Medium,5
Sunday,Rain,298.28,0.88,No,market,11,Low,10
Friday,Clear,310.84,0.0,No,mall,18,Medium,17
Friday,Drizzle,290.94,0.97,No,station,18,Medium,15
Tuesday,Clear,303.51,0.0,No,residential,7,Low,7
Wednesday,Clear,296.19,0.0,No,residential,10,Low,9
Tuesday,Clear,297.25,0.0,No,office,8,Medium,5
Thursday,Clear,307.07,0.0,No,mall,11,Low,10
Saturday,Rain,294.06,1.54,No,residential,8,Medium,5
Tuesday,Clouds,292.21,0.09,No,market,10,Low,10
Thursday,Clouds,293.83,0.19,Yes,residential,7,Low,7
Wednesday,Fog,279.9,0.0,No,residential,9,Medium,7
Monday,Clear,306.25,0.0,No,residential,7,Low,7
Monday,Rain,290.3,0.63,No,residential,8,Medium,6
Wednesday,Rain,285.61,1.29,No,mall,17,Medium,14
Monday,Clouds,301.83,0.11,No,residential,17,Low,16
Friday,Haze,299.16,0.0,No,station,19,Medium,17
Wednesday,Fog,284.9,0.0,No,office,9,Medium,6
Monday,Clear,311.77,0.0,No,market,18,Medium,16
Saturday,Rain,301.11,0.67,No,mall,12,Medium,10
Monday,Clear,310.3,0.0,No,mall,17,Medium,16
Tuesday,Clear,309.85,0.0,No,office,9,Medium,6
Wednesday,Clear,308.91,0.0,No,office,10,Medium,8
Thursday,Clear,299.4,0.0,No,office,10,Medium,8
Monday,Clouds,301.59,0.1,Yes,residential,8,Low,8
Wednesday,Clear,300.25,0.0,No,office,8,Medium,6
Tuesday,Rain,291.13,1.72,No,office,9,High,6
Wednesday,Clear,294.95,0.0,No,market,19,Medium,17
Monday,Clouds,295.92,0.12,No,office,8,Medium,6
Wednesday,Clear,302.73,0.0,No,office,10,Medium,7
Sunday,Clouds,292.75,0.16,No,office,12,Low,12
Saturday,Rain,296.01,1.63,No,office,10,Medium,8
Sunday,Clouds,297.22,0.18,No,market,19,Medium,16
Friday,Rain,289.37,2.15,No,office,8,High,5
Monday,Clouds,301.45,0.05,No,office,8,Medium,6
Monday,Fog,288.95,0.0,No,office,8,Medium,5
Friday,Drizzle,291.06,0.26,No,residential,20,Medium,18
Wednesday,Clear,305.56,0.0,No,station,6,Low,4
Friday,Clear,299.3,0.0,No,mall,21,Medium,20
Monday,Haze,288.25,0.0,No,mall,13,Low,13
Sunday,Clear,294.13,0.0,No,residential,9,Low,9
Friday,Clear,309.72,0.0,No,residential,20,Low,19
Tuesday,Clear,296.47,0.0,No,mall,20,Medium,19
Sunday,Clear,298.09,0.0,Yes,office,12,Low,11
Tuesday,Rain,290.89,2.07,No,office,8,High,5
Friday,Drizzle,292.74,0.24,No,office,8,Medium,5
Thursday,Clear,297.08,0.0,No,residential,20,Low,19
Thursday,Fog,292.43,0.0,No,station,6,Low,4
Saturday,Clouds,291.85,0.16,No,mall,19,Medium,16
Tuesday,Rain,302.0,1.14,No,office,9,High,6
Wednesday,Clouds,305.67,0.01,No,mall,11,Low,11
Tuesday,Clouds,292.64,0.09,Yes,station,18,Medium,16
Thursday,Clouds,300.69,0.15,No,office,8,Medium,6
Thursday,Haze,287.26,0.0,No,market,12,Low,11
Wednesday,Rain,294.57,1.95,Yes,residential,8,Medium,6
Tuesday,Haze,300.99,0.0,Yes,market,20,High,17
Tuesday,Clear,293.3,0.0,No,station,17,Medium,15
Saturday,Clear,295.09,0.0,No,office,12,Low,11
Wednesday,Haze,298.94,0.0,No,mall,13,Low,13
Friday,Rain,294.84,0.56,No,mall,21,Medium,18
Tuesday,Clouds,302.01,0.0,No,station,8,Medium,6
Saturday,Rain,293.0,1.44,No,office,11,Medium,9
Friday,Fog,284.22,0.0,No,station,8,Medium,5
Thursday,Clouds,293.06,0.08,No,mall,13,Low,12
Tuesday,Clouds,290.73,0.14,No,station,7,Medium,5
Thursday,Clouds,303.0,0.14,No,station,8,Medium,6
Monday,Clear,301.97,0.0,No,office,8,Medium,6
Monday,Clouds,301.82,0.02,No,residential,20,Low,19
Monday,Clouds,298.0,0.0,No,mall,12,Low,12
Saturday,Clouds,302.39,0.04,No,mall,17,Medium,15
Monday,Thunderstorm,290.28,1.15,No,station,18,High,15
Friday,Clouds,297.04,0.01,No,market,19,Medium,17
Wednesday,Clear,297.1,0.0,No,station,7,Medium,4
Saturday,Clouds,292.06,0.16,No,market,19,Medium,17
Friday,Clouds,305.93,0.04,No,mall,18,Medium,16
Thursday,Clouds,293.93,0.13,Yes,mall,13,Medium,12
Tuesday,Clear,306.36,0.0,No,office,8,Medium,6
Wednesday,Clouds,306.46,0.18,No,station,6,Low,5
Saturday,Fog,288.39,0.0,No,mall,11,Low,9
Saturday,Fog,285.05,0.0,No,office,12,Low,11
Friday,Clouds,302.99,0.09,No,office,10,Medium,8
Thursday,Clear,311.22,0.0,No,residential,8,Low,8
Thursday,Clear,306.0,0.0,Yes,station,8,Medium,6
Tuesday,Clouds,298.33,0.05,No,office,8,Medium,5
Tuesday,Clouds,291.63,0.18,No,residential,19,Low,18
Friday,Haze,297.96,0.0,No,station,7,Medium,5
Thursday,Haze,287.97,0.0,No,mall,17,Medium,16
Monday,Clouds,291.08,0.01,No,office,8,Medium,6
Monday,Clouds,296.86,0.03,No,market,20,Medium,18
Wednesday,Clouds,291.21,0.07,Yes,mall,18,Medium,16
Wednesday,Clouds,301.38,0.09,No,residential,9,Low,9
Sunday,Fog,291.5,0.0,No,residential,7,Medium,5
Friday,Clear,304.44,0.0,No,residential,8,Low,8
Tuesday,Clouds,292.53,0.19,No,market,18,Medium,16
Wednesday,Clear,306.58,0.0,No,residential,19,Low,19
Tuesday,Clouds,290.5,0.14,No,office,9,Medium,6
Monday,Rain,294.54,2.19,No,office,8,High,5
Monday,Clear,304.24,0.0,No,station,7,Medium,5
Tuesday,Clouds,293.64,0.09,No,mall,19,Medium,17
Friday,Rain,287.21,1.27,No,mall,17,Medium,15
Friday,Haze,295.4,0.0,No,station,7,Medium,5
Friday,Clouds,303.13,0.06,No,mall,11,Low,11
Friday,Clouds,302.04,0.14,No,station,17,Medium,15
Wednesday,Clear,297.43,0.0,No,office,10,Medium,7
Friday,Clouds,301.7,0.06,No,station,8,Medium,6
Wednesday,Clouds,295.3,0.18,No,residential,10,Low,10
Friday,Clear,295.61,0.0,No,station,17,Medium,15
Tuesday,Clouds,291.06,0.02,No,market,17,Medium,15
Thursday,Clouds,305.52,0.18,No,market,18,Medium,16
Sunday,Clear,296.24,0.0,No,mall,20,Medium,18
Saturday,Clear,302.82,0.0,Yes,mall,11,Low,11
Wednesday,Drizzle,293.69,0.58,No,station,18,Medium,15
Monday,Haze,294.5,0.0,No,mall,12,Low,12
Saturday,Clouds,300.62,0.04,Yes,market,19,Medium,17
Thursday,Rain,295.0,0.81,No,office,9,Medium,6
Saturday,Clouds,295.43,0.06,No,mall,21,Medium,19
Thursday,Rain,293.42,1.77,Yes,station,19,High,16
Wednesday,Thunderstorm,295.14,2.05,No,market,12,Medium,10
Monday,Fog,289.45,0.0,No,residential,7,Medium,5
Wednesday,Rain,296.22,0.83,No,station,19,Medium,16
Wednesday,Clear,306.87,0.0,No,market,11,Low,10
Friday,Clear,297.6,0.0,No,office,8,Medium,5
Saturday,Clouds,304.4,0.07,No,station,8,Low,8
Wednesday,Clouds,296.34,0.05,No,office,8,Medium,6
Saturday,Clouds,297.4,0.08,No,office,12,Low,12
Thursday,Clouds,294.9,0.06,Yes,market,18,Medium,15
Sunday,Clouds,295.67,0.03,No,station,18,Low,18
Sunday,Clouds,290.96,0.03,No,market,20,Medium,18
Saturday,Clear,311.88,0.0,Yes,residential,17,Low,17
Monday,Clear,301.79,0.0,No,office,9,Medium,7
Sunday,Clouds,303.29,0.17,No,mall,19,Medium,17
Sunday,Clear,301.38,0.0,No,office,12,Low,12
Wednesday,Clear,308.75,0.0,No,office,9,Medium,7
Wednesday,Thunderstorm,297.31,2.61,No,mall,20,Medium,18
Friday,Clear,305.03,0.0,No,market,11,Low,10
Monday,Clear,302.03,0.0,No,mall,19,Medium,18
Monday,Clear,293.48,0.0,No,residential,18,Low,18
Sunday,Clouds,296.41,0.12,No,office,12,Low,12
Sunday,Clouds,294.58,0.11,No,office,11,Low,10
Thursday,Clouds,293.94,0.18,No,office,9,Medium,7
Monday,Clouds,302.68,0.18,No,residential,18,Low,18
Friday,Clouds,293.17,0.01,No,market,12,Low,12
Tuesday,Clouds,291.08,0.12,No,market,17,Medium,15
Thursday,Clouds,306.66,0.17,No,office,8,Medium,6
Sunday,Clear,303.92,0.0,No,mall,11,Low,11
Tuesday,Haze,285.3,0.0,No,mall,12,Low,12
Thursday,Rain,292.98,0.55,No,mall,11,Low,10
Saturday,Thunderstorm,293.69,2.9,No,residential,9,Medium,6
Friday,Rain,286.56,2.17,No,office,9,High,6
Thursday,Fog,289.29,0.0,No,office,9,Medium,6
Monday,Fog,284.49,0.0,No,station,7,Medium,4
Tuesday,Fog,284.74,0.0,No,station,7,Medium,4
Tuesday,Clouds,303.76,0.06,No,residential,19,Low,19
Friday,Clear,312.11,0.0,No,office,9,Medium,7
Sunday,Clear,295.18,0.0,No,residential,17,Low,17
Monday,Rain,296.91,1.97,No,residential,7,Medium,5
Sunday,Rain,298.43,1.5,No,office,10,Medium,8
Tuesday,Clear,300.1,0.0,No,mall,11,Low,10
Thursday,Haze,299.02,0.0,No,office,8,Medium,6
Monday,Rain,287.09,1.03,No,office,9,High,6
Friday,Clouds,306.59,0.02,No,office,9,Medium,6
Wednesday,Fog,281.76,0.0,No,station,18,Medium,15
Saturday,Rain,285.34,1.44,No,mall,18,High,15
Wednesday,Clouds,304.05,0.13,No,station,6,Low,5
Monday,Clear,294.56,0.0,No,mall,12,Low,11
Saturday,Clouds,292.39,0.05,No,residential,19,Low,19
Friday,Clouds,291.08,0.16,No,station,8,Medium,6
Friday,Clouds,292.95,0.05,No,residential,19,Low,19
Saturday,Haze,296.29,0.0,No,station,18,Medium,17
Saturday,Thunderstorm,292.77,2.63,No,residential,18,Medium,16
Wednesday,Clouds,304.1,0.11,No,market,20,Medium,18
Thursday,Rain,289.22,2.13,No,station,6,Low,3
Friday,Fog,282.6,0.0,Yes,market,11,Medium,9
Thursday,Clear,306.98,0.0,No,mall,19,Medium,18
Friday,Haze,290.04,0.0,No,office,9,Medium,7
Monday,Clear,305.55,0.0,No,office,10,Medium,8
Thursday,Fog,285.36,0.0,No,market,12,Low,11
Wednesday,Clear,303.7,0.0,No,market,11,Low,11
Sunday,Clear,309.68,0.0,No,residential,17,Low,17
Friday,Clear,312.8,0.0,No,office,8,Medium,6
Monday,Drizzle,294.4,0.44,No,mall,11,Low,10
Friday,Clear,298.43,0.0,No,residential,7,Low,7
Sunday,Rain,287.42,2.02,No,market,11,Medium,9
Friday,Thunderstorm,300.92,2.78,No,station,19,High,16
Wednesday,Rain,294.29,0.87,No,market,19,Medium,16
Thursday,Clear,293.59,0.0,No,residential,17,Low,17
Sunday,Fog,286.66,0.0,No,mall,19,Medium,16
Friday,Haze,294.05,0.0,No,residential,7,Medium,6
Thursday,Haze,286.14,0.0,No,mall,11,Low,10
Saturday,Clouds,303.49,0.14,Yes,residential,17,Low,16
Friday,Clear,299.39,0.0,No,mall,20,Medium,18
Monday,Clouds,305.97,0.16,No,office,8,Medium,6
Thursday,Rain,294.39,0.55,No,market,10,Medium,7
Wednesday,Clear,301.01,0.0,No,station,7,Medium,5
Saturday,Clouds,300.76,0.17,No,station,7,Low,7
Thursday,Clear,298.96,0.0,No,mall,13,Low,13
Monday,Clouds,291.37,0.11,No,mall,12,Low,12
Monday,Fog,285.84,0.0,No,office,8,Medium,5
Friday,Rain,300.18,0.64,No,residential,17,Medium,14
Wednesday,Clear,293.58,0.0,No,mall,21,Medium,20
Wednesday,Clouds,306.81,0.14,No,mall,20,Medium,19
Sunday,Clear,293.1,0.0,No,station,7,Low,7
Thursday,Clear,296.17,0.0,No,residential,9,Low,9
Monday,Clear,307.77,0.0,No,station,8,Medium,6
Tuesday,Clear,298.94,0.0,No,office,9,Medium,7
Monday,Clear,312.83,0.0,No,mall,17,Medium,16
Sunday,Clouds,303.44,0.01,No,mall,11,Low,11
Thursday,Clear,295.44,0.0,No,mall,13,Low,13
Wednesday,Clouds,294.37,0.12,No,market,10,Low,10
Friday,Clear,299.9,0.0,No,residential,20,Low,19
Thursday,Clouds,296.3,0.15,No,residential,18,Low,18
Saturday,Clouds,297.84,0.15,No,market,11,Low,11
Friday,Rain,285.35,1.49,No,station,6,Low,4
Friday,Clear,307.32,0.0,No,station,18,Medium,16
Tuesday,Clear,309.79,0.0,No,office,8,Medium,6
Monday,Clear,302.26,0.0,Yes,residential,9,Low,9
Monday,Clouds,294.45,0.07,No,station,17,Medium,14
Saturday,Drizzle,289.16,0.34,Yes,market,10,Medium,7
Saturday,Clear,296.85,0.0,No,office,12,Low,12
Monday,Thunderstorm,303.26,2.37,No,market,11,Medium,9
Friday,Clouds,306.55,0.16,No,market,12,Low,12
Thursday,Rain,286.34,0.78,No,residential,19,Medium,17
Tuesday,Clear,312.63,0.0,No,market,11,Low,10
Sunday,Clear,295.14,0.0,No,office,10,Low,10
Monday,Drizzle,298.77,1.07,No,residential,8,Medium,5
Sunday,Clear,296.04,0.0,No,station,7,Low,7
Saturday,Clear,308.3,0.0,No,mall,12,Medium,10
Thursday,Thunderstorm,301.13,1.2,No,mall,20,Medium,18
Wednesday,Clouds,299.68,0.04,No,residential,17,Low,17
Wednesday,Rain,294.15,1.92,No,office,9,High,6
Friday,Haze,294.16,0.0,No,market,11,Low,10
Monday,Haze,295.51,0.0,No,market,19,Medium,17
Monday,Rain,291.0,1.6,No,residential,7,Medium,4
Friday,Haze,297.28,0.0,No,market,12,Low,11
Friday,Clear,294.16,0.0,No,residential,10,Low,9
Monday,Clear,294.83,0.0,No,market,17,Medium,15
Friday,Clear,308.56,0.0,No,residential,10,Low,10
Wednesday,Rain,296.62,2.04,No,station,19,High,16
Tuesday,Clear,307.39,0.0,No,market,18,Medium,15
Monday,Clear,311.6,0.0,No,market,11,Low,11
Sunday,Clear,297.0,0.0,No,residential,10,Low,10
Wednesday,Haze,299.93,0.0,No,mall,11,Low,11
Tuesday,Clear,301.49,0.0,No,office,9,Medium,7
Saturday,Clear,305.34,0.0,No,mall,18,Medium,16
Monday,Clouds,294.02,0.06,No,residential,9,Low,9
Thursday,Haze,293.96,0.0,No,mall,20,Medium,19
Wednesday,Clouds,297.45,0.18,No,residential,9,Low,9
Wednesday,Rain,291.69,1.18,No,office,10,High,7
Friday,Clear,312.75,0.0,No,residential,17,Low,17
Saturday,Rain,291.82,1.86,No,office,11,Medium,9
Wednesday,Clouds,297.84,0.05,No,office,9,Medium,7
Thursday,Haze,285.47,0.0,No,office,9,Medium,7
Monday,Clear,299.65,0.0,No,office,9,Medium,7
Thursday,Clouds,291.96,0.11,No,mall,21,Medium,20
Wednesday,Fog,281.75,0.0,No,office,10,Medium,7
Thursday,Rain,291.16,0.99,No,market,11,Low,10
Wednesday,Rain,298.72,1.03,No,office,8,High,5
Tuesday,Clear,305.89,0.0,No,office,9,Medium,7
Monday,Rain,294.66,1.62,No,office,9,High,6
Saturday,Drizzle,290.7,0.45,No,mall,17,Medium,14
Friday,Clear,310.73,0.0,No,office,9,Medium,7
Sunday,Clear,309.68,0.0,Yes,mall,19,Medium,17
Friday,Clouds,306.05,0.0,No,office,9,Medium,7
Monday,Clouds,302.47,0.03,No,market,20,Medium,17
Tuesday,Fog,283.56,0.0,No,office,10,Medium,7
Monday,Clouds,295.47,0.16,No,residential,20,Low,19
Sunday,Clear,310.57,0.0,No,residential,9,Low,9
Sunday,Clouds,296.21,0.11,No,office,10,Low,10
Saturday,Clear,306.98,0.0,Yes,market,18,Medium,16
Sunday,Clouds,296.75,0.1,No,mall,13,Medium,12
Friday,Clear,308.12,0.0,No,residential,9,Low,8
Monday,Clear,308.27,0.0,No,station,18,Medium,16
Sunday,Haze,291.06,0.0,No,office,12,Low,12
Monday,Rain,296.85,2.16,No,office,9,High,6
Wednesday,Rain,292.72,0.73,No,market,19,Medium,16
Saturday,Clouds,293.68,0.11,No,station,19,Low,19
Thursday,Clear,304.65,0.0,No,market,17,Medium,14
Friday,Clouds,291.5,0.12,No,office,9,Medium,7
Sunday,Clouds,306.43,0.18,No,mall,19,Medium,17
Wednesday,Rain,286.66,1.24,No,office,10,High,7
Wednesday,Clouds,293.54,0.14,No,station,18,Medium,15
Monday,Haze,285.91,0.0,No,market,18,Medium,16
Monday,Haze,287.51,0.0,Yes,mall,19,High,16
Thursday,Haze,296.04,0.0,No,station,18,Medium,16
Sunday,Clouds,300.47,0.02,No,office,10,Low,10
Wednesday,Clear,298.15,0.0,No,mall,21,Medium,20
Wednesday,Clouds,299.18,0.0,No,residential,19,Low,19
Sunday,Haze,285.36,0.0,No,market,18,Medium,16
Monday,Rain,301.4,1.62,No,station,8,High,5
Wednesday,Clear,299.88,0.0,No,office,10,Medium,8
Saturday,Haze,293.76,0.0,No,mall,11,Low,11
Monday,Clear,297.22,0.0,No,mall,12,Low,12
Friday,Fog,288.5,0.0,Yes,office,9,Medium,6
Monday,Rain,292.62,0.74,No,residential,19,Medium,16
Monday,Haze,299.36,0.0,No,station,17,Medium,14
Thursday,Drizzle,300.36,1.14,No,mall,17,Medium,15
Wednesday,Drizzle,287.42,0.98,Yes,residential,7,Medium,4
Tuesday,Haze,295.8,0.0,No,residential,17,Medium,16
Saturday,Clear,296.9,0.0,No,office,12,Low,11
Saturday,Thunderstorm,301.04,2.99,No,mall,17,High,14
Sunday,Clouds,297.64,0.15,No,market,17,Medium,15
Thursday,Rain,291.12,1.73,No,residential,19,Medium,16
Tuesday,Clouds,301.18,0.06,No,station,17,Medium,14
Monday,Clear,300.05,0.0,No,office,8,Medium,6
Wednesday,Clouds,298.67,0.03,No,office,9,Medium,7
Tuesday,Haze,289.98,0.0,Yes,office,8,Medium,5
Tuesday,Clouds,305.46,0.13,No,office,8,Medium,6
Thursday,Clouds,297.49,0.17,No,residential,10,Low,10
Wednesday,Clouds,305.97,0.13,No,office,8,Medium,6
Tuesday,Rain,300.14,1.72,No,residential,20,Medium,18
Saturday,Clouds,303.32,0.06,No,market,17,Medium,14
Monday,Drizzle,298.99,0.72,No,office,10,Medium,7
Monday,Clouds,294.61,0.05,No,office,9,Medium,7
Friday,Fog,284.85,0.0,No,mall,17,Medium,15
Friday,Rain,291.51,2.14,No,residential,20,Medium,18
Thursday,Clouds,295.41,0.15,No,office,10,Medium,7
Saturday,Fog,291.03,0.0,No,market,19,Medium,16
Monday,Clear,309.92,0.0,No,mall,19,Medium,18
Sunday,Fog,283.23,0.0,No,station,18,Medium,16
Thursday,Clouds,295.46,0.11,No,station,17,Medium,15
Wednesday,Clouds,294.11,0.17,No,office,8,Medium,6
Wednesday,Clear,297.72,0.0,No,station,6,Low,5
Wednesday,Clear,300.4,0.0,No,market,11,Low,11
Tuesday,Clear,295.03,0.0,No,office,9,Medium,7
Saturday,Clear,311.21,0.0,No,mall,17,Medium,15
Thursday,Clouds,290.93,0.04,No,mall,13,Low,13
Monday,Drizzle,286.04,0.83,No,market,10,Medium,8
Saturday,Clear,301.3,0.0,No,office,10,Low,9
Sunday,Clouds,294.72,0.14,No,office,12,Low,11
Monday,Clear,307.42,0.0,No,office,8,Medium,6
Friday,Drizzle,298.82,0.3,No,station,7,Medium,4
Friday,Clear,307.6,0.0,No,station,8,Medium,6
Thursday,Haze,297.02,0.0,No,office,8,Medium,6
Wednesday,Rain,289.36,2.02,No,residential,9,Medium,7
Saturday,Fog,291.53,0.0,No,station,6,Low,5
Thursday,Haze,299.6,0.0,No,office,9,Medium,7
Saturday,Clear,302.84,0.0,No,office,11,Low,10
Thursday,Clear,299.69,0.0,No,station,19,Medium,16
Tuesday,Clouds,292.62,0.05,No,mall,12,Low,11
Tuesday,Clouds,290.74,0.07,No,market,18,Medium,16
Saturday,Clear,305.47,0.0,No,market,18,Medium,16
Wednesday,Clear,298.04,0.0,No,mall,18,Medium,17
Monday,Clear,301.25,0.0,No,mall,19,Medium,18
Friday,Haze,290.17,0.0,No,mall,11,Low,10
Saturday,Clear,297.04,0.0,No,market,19,Medium,17
Tuesday,Clear,294.28,0.0,No,office,9,Medium,7
Saturday,Rain,286.71,1.94,No,market,17,High,14
Wednesday,Rain,301.69,0.75,Yes,office,8,Medium,5
Thursday,Clear,304.08,0.0,No,office,8,Medium,6
Tuesday,Haze,299.88,0.0,No,market,11,Low,11
Tuesday,Clear,293.45,0.0,No,residential,9,Low,9
Friday,Clear,295.59,0.0,No,office,8,Medium,6
Thursday,Haze,290.33,0.0,No,residential,17,Medium,15
Thursday,Clear,308.18,0.0,No,market,11,Low,10
Monday,Clear,298.61,0.0,No,station,17,Medium,15
Wednesday,Clear,310.99,0.0,No,mall,20,Medium,18
Wednesday,Clouds,305.39,0.0,No,station,7,Medium,4
Monday,Rain,289.04,0.59,No,office,8,Medium,5
Sunday,Clouds,304.27,0.03,Yes,market,12,Medium,11
Wednesday,Clear,304.96,0.0,No,residential,17,Low,16
Friday,Clouds,302.6,0.14,No,market,11,Low,11
Monday,Clear,312.83,0.0,No,mall,13,Low,13
Tuesday,Clear,311.78,0.0,No,market,10,Low,10
Tuesday,Clouds,298.25,0.01,No,residential,7,Low,7
Sunday,Rain,296.69,2.2,No,market,10,Medium,8
Tuesday,Haze,287.48,0.0,No,station,7,Medium,4
Wednesday,Clear,307.12,0.0,No,office,10,Medium,8
Monday,Haze,294.82,0.0,No,mall,13,Low,12
Tuesday,Rain,294.4,1.88,No,mall,17,Medium,15
Tuesday,Fog,280.12,0.0,No,residential,18,Medium,16
Wednesday,Haze,289.29,0.0,No,market,18,Medium,16
Thursday,Clouds,305.46,0.03,No,office,8,Medium,6
Monday,Rain,286.19,1.24,No,mall,20,Medium,18
Wednesday,Fog,289.55,0.0,No,mall,21,Medium,19
Tuesday,Drizzle,291.71,0.56,No,office,9,Medium,6
Thursday,Clouds,305.96,0.19,Yes,residential,9,Low,9
Wednesday,Rain,295.8,1.7,No,office,9,High,6
Friday,Rain,299.86,1.1,No,market,10,Medium,8
Sunday,Clouds,297.15,0.13,Yes,office,12,Low,12
Sunday,Clouds,298.23,0.05,No,market,18,Medium,16
Tuesday,Fog,292.7,0.0,No,office,9,Medium,6
Wednesday,Clear,312.57,0.0,No,market,19,Medium,17
Sunday,Haze,299.49,0.0,No,office,10,Medium,9
Wednesday,Clear,295.4,0.0,No,mall,18,Medium,17
Friday,Clear,311.21,0.0,No,station,18,Medium,16
Tuesday,Fog,281.61,0.0,No,station,6,Low,4
Friday,Clouds,294.79,0.11,No,market,12,Low,11
Friday,Clear,303.13,0.0,No,residential,17,Low,17
Monday,Clear,303.48,0.0,No,station,19,Medium,17
Friday,Thunderstorm,303.49,2.05,Yes,office,9,High,6
Thursday,Clear,307.78,0.0,No,office,8,Medium,6
Monday,Rain,296.18,1.82,No,office,8,High,5
Friday,Rain,287.94,0.55,No,residential,17,Medium,15
Monday,Clear,298.3,0.0,No,station,8,Medium,6
Wednesday,Haze,288.31,0.0,Yes,residential,17,Medium,16
Wednesday,Clouds,298.88,0.09,No,office,8,Medium,5
Wednesday,Drizzle,291.37,0.32,No,market,17,Medium,14
Wednesday,Clear,300.02,0.0,No,office,9,Medium,7
Sunday,Clear,308.57,0.0,No,mall,13,Medium,12
Monday,Clear,307.19,0.0,No,mall,12,Low,11
Saturday,Haze,289.21,0.0,Yes,office,11,Low,11
Friday,Clear,298.1,0.0,No,mall,19,Medium,17
Tuesday,Clear,306.98,0.0,No,office,8,Medium,5
Saturday,Clouds,295.47,0.01,No,office,10,Low,10
Wednesday,Clear,293.4,0.0,No,market,11,Low,11
Friday,Clear,311.91,0.0,No,mall,13,Low,12
Monday,Fog,290.66,0.0,No,residential,10,Medium,8
Sunday,Fog,279.36,0.0,No,market,12,Medium,10
Tuesday,Clouds,302.02,0.2,No,market,18,Medium,16
Thursday,Fog,283.7,0.0,No,mall,18,Medium,16
Thursday,Haze,289.77,0.0,No,market,12,Low,12
Monday,Clouds,299.05,0.14,No,mall,13,Low,12
Saturday,Clear,294.66,0.0,No,station,18,Low,18
Thursday,Rain,287.52,0.96,Yes,market,19,High,16
Thursday,Haze,292.29,0.0,No,mall,17,Medium,16
Thursday,Clear,294.08,0.0,No,mall,13,Low,13
Thursday,Clear,308.24,0.0,No,office,8,Medium,5
Thursday,Haze,297.66,0.0,No,office,8,Medium,5
Friday,Rain,300.59,1.5,No,office,9,High,6
Friday,Clear,306.64,0.0,No,mall,20,Medium,18
Sunday,Drizzle,298.76,0.22,No,mall,12,Medium,10
Thursday,Haze,295.75,0.0,No,market,11,Low,10
Saturday,Clear,303.57,0.0,No,office,11,Low,11
Tuesday,Clear,300.82,0.0,No,residential,18,Low,17
Wednesday,Clouds,298.94,0.01,Yes,market,12,Medium,11
Friday,Clear,305.51,0.0,No,office,8,Medium,6
Friday,Clouds,306.59,0.07,No,residential,7,Low,7
Tuesday,Fog,289.85,0.0,No,office,10,Medium,7
Tuesday,Clouds,301.89,0.12,No,office,8,Medium,6
Wednesday,Fog,286.07,0.0,No,office,8,Medium,5
Thursday,Clouds,294.48,0.0,No,residential,19,Low,19
Wednesday,Drizzle,297.5,0.64,No,office,8,Medium,5
Sunday,Clear,309.51,0.0,No,station,6,Low,6
Friday,Clouds,305.97,0.17,No,office,9,Medium,7
Monday,Clear,296.96,0.0,No,residential,19,Low,19
Wednesday,Clouds,296.12,0.08,No,office,9,Medium,7
Friday,Rain,289.22,1.62,No,mall,12,Medium,9
Tuesday,Clouds,298.81,0.03,No,residential,9,Low,9
Friday,Clouds,291.51,0.0,Yes,market,11,Low,11
Saturday,Rain,289.37,0.66,No,office,10,Medium,8
Thursday,Clouds,301.97,0.11,No,residential,20,Low,20
Saturday,Clouds,296.74,0.06,No,mall,11,Low,11
Tuesday,Fog,288.89,0.0,No,market,12,Low,11
Wednesday,Haze,300.76,0.0,No,residential,9,Medium,7
Monday,Clear,305.96,0.0,No,office,9,Medium,7
Tuesday,Clouds,295.14,0.16,No,mall,13,Low,13
Thursday,Clouds,295.39,0.11,No,station,19,Medium,17
Saturday,Rain,296.37,1.26,No,residential,10,Medium,8
Saturday,Clear,297.67,0.0,No,station,18,Low,17
Wednesday,Clear,297.48,0.0,No,market,12,Low,12
Friday,Clouds,300.95,0.01,No,market,11,Low,11
Thursday,Fog,285.55,0.0,No,mall,17,Medium,14
Friday,Haze,287.88,0.0,No,office,8,Medium,6
Monday,Haze,293.6,0.0,No,station,7,Medium,5
Saturday,Drizzle,287.18,0.27,No,office,12,Low,11
Monday,Clouds,290.08,0.1,No,market,17,Medium,15
Monday,Rain,293.6,1.56,No,mall,20,Medium,18
Friday,Rain,291.13,0.72,No,office,9,Medium,6
Tuesday,Haze,289.81,0.0,No,residential,7,Medium,6
Monday,Clouds,293.29,0.18,No,office,10,Medium,8
Wednesday,Haze,285.36,0.0,No,station,17,Medium,15
Tuesday,Clear,307.22,0.0,No,residential,7,Low,7
Tuesday,Rain,290.86,2.09,Yes,residential,10,Medium,8
Wednesday,Haze,297.73,0.0,No,residential,8,Medium,6
Thursday,Clouds,298.77,0.15,No,station,6,Low,5
Sunday,Clear,305.12,0.0,No,office,11,Low,11
Wednesday,Clear,308.57,0.0,No,market,18,Medium,16
Tuesday,Clear,300.0,0.0,No,mall,18,Medium,17
Tuesday,Rain,295.11,1.9,Yes,market,10,Medium,8
Wednesday,Rain,290.68,0.56,No,mall,21,Medium,19
Thursday,Haze,298.09,0.0,No,station,19,Medium,17
Wednesday,Thunderstorm,288.16,1.36,No,mall,17,Medium,15
Monday,Rain,297.49,0.75,No,mall,12,Low,10
Friday,Drizzle,289.97,0.44,No,residential,9,Medium,7
Monday,Haze,296.91,0.0,No,residential,20,Medium,19
Friday,Clear,302.85,0.0,No,office,9,Medium,7
Thursday,Clear,307.57,0.0,No,office,8,Medium,5
Friday,Haze,299.84,0.0,No,market,20,Medium,17
Saturday,Haze,300.43,0.0,No,mall,17,Medium,14
Wednesday,Clear,311.78,0.0,No,office,8,Medium,6
Tuesday,Clouds,301.2,0.0,No,office,8,Medium,6
Wednesday,Drizzle,288.71,0.42,No,mall,20,Medium,17
Wednesday,Fog,283.77,0.0,No,office,9,Medium,6
Tuesday,Fog,292.59,0.0,No,office,10,Medium,7
Wednesday,Clouds,295.07,0.19,No,mall,17,Medium,16
Saturday,Clear,310.71,0.0,No,office,10,Low,9
Wednesday,Clear,306.23,0.0,No,market,19,Medium,17
Monday,Clouds,301.75,0.12,No,residential,20,Low,20
Tuesday,Clear,307.45,0.0,No,office,10,Medium,7
Monday,Haze,288.73,0.0,No,market,20,Medium,18
Tuesday,Haze,295.6,0.0,No,office,10,Medium,8
Thursday,Rain,286.03,1.55,No,office,8,High,5
Saturday,Clear,301.49,0.0,No,residential,7,Low,7
Thursday,Rain,299.29,2.09,No,mall,17,Medium,15
Tuesday,Clear,301.91,0.0,No,market,10,Low,9
Friday,Rain,287.08,2.0,No,residential,18,Medium,15
Tuesday,Clear,303.55,0.0,No,station,6,Low,5
Tuesday,Rain,294.68,1.93,No,residential,10,Medium,7
Saturday,Clear,307.93,0.0,No,market,17,Medium,14
Wednesday,Drizzle,287.14,0.34,No,station,7,Medium,4
Monday,Clouds,306.78,0.09,No,mall,20,Medium,18
Monday,Clouds,300.36,0.07,No,office,10,Medium,8
Tuesday,Haze,285.88,0.0,No,office,8,Medium,6
Tuesday,Clear,299.82,0.0,No,office,9,Medium,7
Wednesday,Clear,294.31,0.0,No,market,20,Medium,18
Saturday,Clear,304.32,0.0,Yes,station,18,Medium,17
Friday,Rain,292.39,1.3,No,station,17,High,14
Saturday,Rain,291.65,1.97,No,office,10,Medium,8
Tuesday,Clouds,306.79,0.17,No,station,7,Medium,5
Tuesday,Fog,281.45,0.0,No,station,19,Medium,16
Monday,Haze,292.22,0.0,No,mall,18,Medium,17
Tuesday,Rain,297.97,1.79,No,residential,18,Medium,16
Monday,Clouds,299.06,0.15,No,market,10,Low,10
Tuesday,Rain,288.68,1.02,No,office,9,High,6
Friday,Clouds,301.67,0.2,No,market,18,Medium,15
Tuesday,Thunderstorm,292.3,1.62,No,residential,17,Medium,15
Monday,Fog,289.98,0.0,No,mall,17,Medium,15
Thursday,Rain,298.33,0.97,No,residential,19,Medium,17
Monday,Fog,280.25,0.0,No,residential,9,Medium,7
Wednesday,Fog,287.83,0.0,Yes,station,19,High,16
Thursday,Clouds,293.52,0.1,No,office,10,Medium,8
Monday,Clear,304.84,0.0,No,office,10,Medium,8
Monday,Drizzle,296.16,0.57,No,station,19,Medium,16
Thursday,Clouds,302.78,0.14,No,mall,20,Medium,19
Sunday,Drizzle,286.46,1.06,No,office,12,Medium,10
Saturday,Rain,298.07,0.7,No,residential,8,Medium,6
Tuesday,Rain,293.39,0.83,No,office,8,Medium,5
Monday,Clouds,300.53,0.15,No,station,8,Medium,6
Thursday,Haze,300.5,0.0,No,market,17,Medium,15
Thursday,Clear,302.8,0.0,No,office,9,Medium,7
Monday,Drizzle,290.54,0.83,No,market,12,Low,11
Sunday,Clouds,298.84,0.02,Yes,station,6,Low,6
Sunday,Clear,305.17,0.0,No,mall,20,Medium,18
Friday,Clear,294.18,0.0,No,station,17,Medium,14
Monday,Clear,309.08,0.0,No,office,8,Medium,6
Wednesday,Drizzle,297.18,1.13,No,office,9,High,6
Saturday,Clouds,294.5,0.06,No,office,12,Low,12
Wednesday,Haze,294.12,0.0,No,station,6,Low,5
Monday,Fog,288.41,0.0,No,mall,21,Medium,19
Monday,Clouds,299.64,0.13,No,residential,10,Low,10
Friday,Clouds,301.68,0.12,No,market,17,Medium,15
Monday,Haze,298.61,0.0,No,station,8,Medium,6
Tuesday,Clear,304.8,0.0,Yes,station,18,Medium,16
Wednesday,Rain,290.52,1.37,No,station,18,High,15
Tuesday,Clouds,302.78,0.03,No,office,9,Medium,6
Thursday,Clear,294.23,0.0,No,residential,18,Low,17
Sunday,Clear,293.45,0.0,No,office,10,Low,10
Sunday,Fog,286.75,0.0,No,office,10,Medium,7
Monday,Clear,298.52,0.0,No,market,10,Low,10
Friday,Haze,295.65,0.0,No,office,8,Medium,6
Monday,Haze,287.65,0.0,No,market,12,Low,12
Friday,Rain,292.33,0.96,No,mall,19,Medium,17
Friday,Fog,292.69,0.0,No,market,19,Medium,16
Monday,Clear,295.58,0.0,No,market,18,Medium,16
Monday,Clear,310.7,0.0,No,market,10,Low,10
Monday,Haze,296.99,0.0,No,market,10,Medium,9
Sunday,Clear,300.76,0.0,No,mall,12,Medium,11
Thursday,Clear,294.54,0.0,No,station,19,Medium,17
Tuesday,Clouds,299.85,0.08,No,residential,8,Low,7
Friday,Clear,307.54,0.0,No,station,7,Medium,5
Wednesday,Clear,298.63,0.0,No,office,9,Medium,7
Saturday,Clear,305.06,0.0,Yes,office,11,Low,11
Thursday,Clouds,300.89,0.07,No,station,19,Medium,17
Thursday,Drizzle,288.43,0.84,No,station,19,Medium,16
Wednesday,Clouds,291.46,0.14,No,mall,21,Medium,19
Tuesday,Rain,291.34,0.64,No,station,6,Low,4
Friday,Clouds,304.23,0.18,No,station,18,Medium,16
Monday,Fog,290.06,0.0,No,office,9,Medium,6
Tuesday,Clear,302.68,0.0,No,residential,9,Low,9
Monday,Rain,296.39,1.46,Yes,market,17,High,14
Monday,Haze,292.34,0.0,No,office,8,Medium,6
Friday,Fog,281.04,0.0,No,residential,10,Medium,8
Saturday,Thunderstorm,291.15,1.58,No,mall,12,Medium,9
Monday,Clear,310.67,0.0,No,mall,11,Low,11
Tuesday,Clear,298.63,0.0,No,office,8,Medium,6
Tuesday,Haze,293.03,0.0,No,office,9,Medium,7
Sunday,Fog,291.48,0.0,No,mall,13,Medium,11
Sunday,Fog,286.89,0.0,No,office,10,Medium,7
Thursday,Drizzle,296.44,0.55,No,market,18,Medium,15
Friday,Clear,293.31,0.0,No,office,8,Medium,5
Friday,Clouds,301.91,0.14,No,residential,19,Low,18
Thursday,Clear,295.12,0.0,No,station,17,Medium,14
Tuesday,Haze,287.05,0.0,No,residential,18,Medium,17
Saturday,Rain,301.54,1.74,No,market,17,High,14
Sunday,Haze,299.56,0.0,No,market,11,Low,11
Saturday,Clouds,306.61,0.01,No,office,10,Low,9
Tuesday,Clouds,290.67,0.02,No,office,9,Medium,7
Saturday,Clouds,299.27,0.09,No,market,10,Low,10
Sunday,Haze,299.97,0.0,No,mall,19,Medium,17
Tuesday,Clouds,293.02,0.17,No,office,8,Medium,6
Friday,Clear,294.38,0.0,No,market,20,Medium,17
Wednesday,Clouds,301.79,0.13,No,office,8,Medium,5
Thursday,Clear,296.12,0.0,No,residential,17,Low,17
Friday,Clear,311.74,0.0,No,residential,9,Low,9
Wednesday,Clear,303.77,0.0,No,mall,11,Low,10
Monday,Clouds,298.94,0.15,No,residential,8,Low,8
Tuesday,Clouds,297.45,0.1,No,mall,18,Medium,17
Wednesday,Haze,295.24,0.0,No,office,8,Medium,6
Tuesday,Clear,297.27,0.0,No,mall,18,Medium,17
Wednesday,Haze,285.48,0.0,No,mall,21,Medium,20
Wednesday,Rain,295.73,1.13,No,mall,11,Medium,9
Sunday,Clear,311.56,0.0,Yes,office,10,Low,9
Tuesday,Clear,296.67,0.0,No,mall,13,Low,13
Wednesday,Clear,300.32,0.0,No,residential,17,Low,17
Wednesday,Clouds,300.79,0.07,No,market,17,Medium,14
Tuesday,Clear,299.16,0.0,No,office,9,Medium,7
Friday,Clear,294.46,0.0,No,office,8,Medium,5
Monday,Clear,294.23,0.0,No,office,9,Medium,7
Friday,Clear,301.22,0.0,No,mall,20,Medium,18
Tuesday,Clear,296.22,0.0,No,office,10,Medium,8
Wednesday,Clear,296.59,0.0,No,market,18,Medium,16
Wednesday,Rain,291.6,1.57,No,mall,20,Medium,18
Sunday,Haze,287.03,0.0,No,mall,18,Medium,16
Monday,Rain,298.51,1.65,Yes,station,6,Medium,3
Thursday,Clear,308.79,0.0,No,market,12,Low,12
Monday,Clear,305.05,0.0,No,mall,21,Medium,20
Saturday,Clouds,296.01,0.02,No,mall,19,Medium,17
Tuesday,Clouds,290.79,0.06,No,office,8,Medium,6
Sunday,Clear,302.34,0.0,No,mall,13,Medium,12
Sunday,Clouds,294.98,0.11,No,residential,19,Low,19
Thursday,Haze,293.48,0.0,No,mall,21,Medium,20
Monday,Clear,300.0,0.0,No,office,8,Medium,6
Sunday,Rain,287.79,0.86,No,residential,18,Medium,16
Tuesday,Clear,306.06,0.0,No,market,20,Medium,18
Tuesday,Clouds,296.97,0.06,No,residential,19,Low,19
Wednesday,Clear,299.22,0.0,No,mall,19,Medium,18
Tuesday,Clear,295.42,0.0,No,residential,20,Low,19
Monday,Clear,306.39,0.0,No,mall,11,Low,11
Sunday,Fog,288.09,0.0,No,market,19,Medium,16
Monday,Rain,288.37,1.29,Yes,market,20,High,17
Wednesday,Clear,299.43,0.0,No,market,12,Low,12
Tuesday,Thunderstorm,291.66,2.34,No,mall,13,Medium,10
Monday,Rain,286.45,1.51,No,residential,18,Medium,16
Friday,Rain,296.45,1.32,No,market,11,Medium,9
Monday,Clear,299.95,0.0,No,mall,19,Medium,17
Tuesday,Clouds,294.95,0.03,No,station,6,Low,5
Sunday,Clear,301.86,0.0,No,office,11,Low,10
Sunday,Clouds,301.55,0.03,No,mall,21,Medium,19
Saturday,Drizzle,299.15,0.64,Yes,station,18,Medium,16
Tuesday,Clouds,302.46,0.16,No,residential,7,Low,7
Wednesday,Rain,294.8,1.95,No,residential,18,Medium,15
Wednesday,Clouds,296.28,0.07,Yes,mall,11,Low,11
Tuesday,Clear,297.03,0.0,No,office,9,Medium,7
Tuesday,Clear,293.71,0.0,No,market,18,Medium,15
Saturday,Clear,309.09,0.0,No,office,12,Low,12
Thursday,Haze,295.96,0.0,No,residential,9,Medium,8
Saturday,Clouds,297.08,0.18,No,mall,13,Medium,12
Sunday,Drizzle,289.21,0.95,Yes,market,20,High,17
Tuesday,Fog,287.64,0.0,No,station,6,Low,4
Thursday,Haze,285.41,0.0,No,residential,8,Medium,7
Thursday,Clear,305.5,0.0,No,residential,7,Low,7
Wednesday,Clear,295.54,0.0,No,station,8,Medium,6
Monday,Haze,296.37,0.0,No,mall,13,Low,13
Saturday,Thunderstorm,291.05,1.64,No,office,11,Medium,8
Thursday,Clouds,305.43,0.05,No,residential,9,Low,8
Wednesday,Fog,284.91,0.0,No,market,20,Medium,17
Friday,Fog,291.3,0.0,No,office,10,Medium,7
Wednesday,Drizzle,298.42,0.52,No,market,19,Medium,16
Wednesday,Clear,306.6,0.0,No,office,9,Medium,7
Sunday,Clouds,293.29,0.11,No,office,10,Low,10
Thursday,Rain,299.63,1.82,No,station,8,High,5
Thursday,Thunderstorm,300.39,2.94,No,residential,18,Medium,15
Friday,Drizzle,294.95,1.2,No,mall,12,Medium,9
Wednesday,Clear,298.49,0.0,No,market,11,Low,11
Friday,Clouds,290.08,0.05,No,market,11,Low,11
Sunday,Rain,287.64,0.84,No,office,10,Medium,7
Friday,Clear,295.9,0.0,No,market,12,Low,12
Monday,Clear,303.26,0.0,No,residential,20,Low,20
Sunday,Clear,299.53,0.0,Yes,office,10,Low,10
Thursday,Fog,283.58,0.0,No,mall,17,Medium,15
Tuesday,Clear,297.15,0.0,No,mall,11,Low,11
Sunday,Fog,292.79,0.0,No,office,11,Low,10
Monday,Haze,300.42,0.0,No,mall,12,Low,11
Tuesday,Clouds,297.59,0.02,No,market,20,Medium,18
Saturday,Haze,300.12,0.0,No,office,12,Low,12
Monday,Clouds,292.39,0.13,Yes,market,18,Medium,16
Thursday,Clouds,299.37,0.01,No,residential,17,Low,17
Wednesday,Clouds,306.22,0.2,No,office,10,Medium,8
Wednesday,Haze,288.13,0.0,No,office,9,Medium,7
Tuesday,Clear,311.41,0.0,No,mall,12,Low,12
Friday,Rain,286.39,0.67,No,mall,18,Medium,16
Tuesday,Clouds,301.36,0.14,No,office,8,Medium,5
Monday,Clouds,297.1,0.15,No,mall,18,Medium,17
Saturday,Fog,290.41,0.0,No,office,11,Low,10
Friday,Clear,304.88,0.0,No,mall,21,Medium,20
Saturday,Clouds,300.42,0.01,No,office,12,Low,12
Friday,Rain,295.76,1.03,No,station,18,High,15
Friday,Clear,308.58,0.0,No,mall,18,Medium,17
Thursday,Clouds,295.69,0.16,No,mall,12,Low,12
Wednesday,Clouds,302.46,0.19,Yes,office,8,Medium,5
Monday,Clear,301.8,0.0,No,mall,19,Medium,18
Thursday,Clouds,301.22,0.01,No,office,8,Medium,6
Wednesday,Clouds,300.99,0.03,No,market,11,Low,11
Tuesday,Haze,300.87,0.0,No,station,7,Medium,5
Saturday,Drizzle,294.04,0.88,No,market,11,Low,10
Saturday,Clouds,298.71,0.1,No,mall,21,Medium,19
Monday,Thunderstorm,290.85,2.38,No,market,19,Medium,16
Tuesday,Clouds,291.97,0.16,No,mall,12,Low,12
Sunday,Clouds,293.32,0.05,No,mall,19,Medium,17
Wednesday,Clouds,301.17,0.12,No,residential,18,Low,18
Friday,Fog,288.85,0.0,No,office,10,Medium,7
Friday,Clouds,301.91,0.15,No,office,9,Medium,7
Monday,Clear,296.18,0.0,No,station,19,Medium,17
Tuesday,Clear,301.03,0.0,No,market,20,Medium,18
Tuesday,Clouds,290.56,0.0,No,office,9,Medium,7
Friday,Thunderstorm,300.43,1.4,No,residential,20,Medium,17
Wednesday,Clear,302.06,0.0,No,station,7,Medium,4
Thursday,Clear,305.9,0.0,No,residential,18,Low,17
Friday,Haze,289.53,0.0,No,mall,12,Low,12
Tuesday,Clouds,290.71,0.02,No,market,10,Low,9
Monday,Clear,304.75,0.0,No,office,8,Medium,6
Friday,Clear,304.7,0.0,No,office,8,Medium,6
Friday,Clear,306.49,0.0,No,office,9,Medium,7
Thursday,Thunderstorm,292.47,1.48,No,office,9,High,6
Tuesday,Clouds,301.94,0.06,No,station,17,Medium,15
Tuesday,Clear,309.47,0.0,No,market,11,Low,11
Saturday,Clear,311.38,0.0,No,market,12,Medium,11
Thursday,Clear,294.78,0.0,Yes,market,18,Medium,15
Friday,Haze,296.83,0.0,No,mall,18,Medium,17
Tuesday,Rain,289.94,2.09,No,residential,10,Medium,7
Friday,Clear,307.37,0.0,No,residential,10,Low,10
Sunday,Clear,307.39,0.0,No,market,17,Medium,15
Thursday,Rain,296.4,2.0,No,residential,8,Medium,6
Sunday,Clouds,300.79,0.1,No,office,11,Low,11
Thursday,Clear,310.4,0.0,No,station,6,Low,5
Saturday,Clouds,290.11,0.14,No,station,19,Low,19
Wednesday,Fog,284.92,0.0,No,station,7,Medium,4
Sunday,Clouds,305.47,0.09,No,residential,10,Low,9
Tuesday,Clouds,295.2,0.0,No,station,19,Medium,17
Sunday,Clear,305.67,0.0,No,office,10,Low,10
Wednesday,Haze,294.95,0.0,No,residential,7,Medium,5
Monday,Clear,299.8,0.0,No,station,18,Medium,16
Monday,Clear,297.26,0.0,No,market,17,Medium,14
Wednesday,Drizzle,290.43,0.87,No,station,7,Medium,4
Thursday,Clear,304.15,0.0,No,mall,13,Low,13
Friday,Haze,286.79,0.0,No,office,8,Medium,6
Friday,Clouds,295.27,0.12,Yes,office,9,Medium,7
Monday,Rain,292.93,2.15,No,office,10,High,7
Monday,Clear,305.25,0.0,No,residential,20,Low,20
Friday,Clouds,290.44,0.2,No,residential,10,Low,10
Monday,Clear,308.24,0.0,Yes,office,9,Medium,7
Sunday,Clear,299.83,0.0,No,station,17,Low,17
Sunday,Clear,297.29,0.0,Yes,station,6,Low,6
Thursday,Clear,293.46,0.0,No,residential,10,Low,10
Monday,Rain,295.59,0.8,No,mall,20,Medium,17
Tuesday,Clear,300.29,0.0,No,office,8,Medium,6
Thursday,Drizzle,300.05,0.6,No,residential,18,Medium,16
Thursday,Haze,294.34,0.0,No,market,20,Medium,18
Saturday,Clouds,305.62,0.15,No,office,11,Low,11
Friday,Drizzle,288.63,1.16,No,market,19,Medium,16
Thursday,Clouds,299.92,0.18,No,station,17,Medium,14
Thursday,Clouds,304.65,0.19,Yes,office,8,Medium,5
Thursday,Rain,299.69,0.61,No,market,17,Medium,14
Tuesday,Clouds,297.76,0.06,No,office,9,Medium,7
Wednesday,Clear,307.59,0.0,Yes,residential,18,Low,18
Friday,Haze,295.05,0.0,No,mall,11,Low,11
Thursday,Clear,295.84,0.0,No,office,9,Medium,7
Saturday,Clear,305.29,0.0,No,residential,9,Low,9
Monday,Clear,293.25,0.0,No,market,20,Medium,18
Tuesday,Clear,302.85,0.0,No,market,20,Medium,18
Saturday,Clear,310.06,0.0,No,office,11,Low,11
Friday,Drizzle,290.14,0.95,No,office,10,Medium,7
Friday,Rain,301.83,0.89,No,residential,10,Medium,8
Thursday,Clouds,295.91,0.19,No,residential,8,Low,8
Monday,Haze,290.15,0.0,No,residential,20,Medium,19
Thursday,Clear,306.35,0.0,No,office,10,Medium,7
Tuesday,Clear,305.14,0.0,No,office,8,Medium,5
Saturday,Rain,285.91,1.64,No,residential,8,Medium,6
Thursday,Haze,292.24,0.0,No,mall,12,Low,12
Monday,Haze,290.87,0.0,No,market,12,Low,12
Sunday,Haze,289.36,0.0,Yes,station,8,Medium,7
Tuesday,Rain,299.9,0.82,No,residential,17,Medium,14
Wednesday,Clouds,292.96,0.07,No,residential,20,Low,20
Monday,Haze,294.18,0.0,No,station,6,Low,4
Friday,Rain,294.85,1.14,No,station,17,High,14
Monday,Clear,308.21,0.0,No,residential,17,Low,17
Saturday,Clear,309.96,0.0,No,office,12,Low,12
Thursday,Clouds,302.53,0.14,No,mall,13,Low,13
Saturday,Rain,291.61,1.64,No,mall,12,Medium,10
Wednesday,Haze,292.96,0.0,No,office,10,Medium,8
Tuesday,Haze,285.43,0.0,No,office,8,Medium,6
Wednesday,Clouds,295.68,0.16,No,residential,19,Low,19
Thursday,Clouds,300.79,0.08,No,station,18,Medium,16
Thursday,Haze,286.36,0.0,No,mall,18,Medium,16
Saturday,Clear,303.32,0.0,No,residential,7,Low,7
Monday,Haze,299.04,0.0,No,office,9,Medium,7
Tuesday,Clear,305.59,0.0,No,office,8,Medium,5
Saturday,Clouds,298.25,0.12,No,market,11,Low,10
Friday,Rain,297.32,0.83,No,residential,7,Medium,5
Friday,Clear,294.08,0.0,No,market,11,Low,11
Friday,Clear,305.07,0.0,No,market,20,Medium,18
Wednesday,Clouds,303.65,0.01,No,office,9,Medium,7
Friday,Clear,308.63,0.0,No,mall,11,Low,11
Tuesday,Clouds,302.01,0.11,No,office,8,Medium,6
Saturday,Clouds,301.49,0.04,Yes,market,11,Low,11
Saturday,Clouds,295.65,0.16,Yes,market,17,Medium,15
Tuesday,Clear,301.17,0.0,No,station,18,Medium,16
Monday,Rain,295.42,2.08,No,residential,18,Medium,15
Thursday,Clear,294.85,0.0,No,station,17,Medium,15
Thursday,Clouds,306.07,0.16,No,mall,11,Low,10
Saturday,Clear,305.73,0.0,No,residential,19,Low,19
Wednesday,Clear,306.92,0.0,No,market,11,Low,11
Monday,Clear,298.13,0.0,No,market,10,Low,10
Monday,Clear,309.51,0.0,No,office,10,Medium,8
Wednesday,Fog,285.15,0.0,No,residential,17,Medium,14
Saturday,Clear,298.01,0.0,No,residential,7,Low,7
Friday,Clouds,299.67,0.12,No,mall,19,Medium,17
Wednesday,Clear,301.41,0.0,No,market,12,Low,11
Tuesday,Fog,281.24,0.0,No,office,9,Medium,6
Tuesday,Rain,295.38,2.02,No,office,8,High,5
Wednesday,Clear,311.78,0.0,No,residential,9,Low,8
Friday,Clouds,298.96,0.12,No,residential,20,Low,19
Saturday,Fog,292.98,0.0,No,office,11,Low,10
Tuesday,Drizzle,300.83,0.2,No,office,9,Medium,6
Tuesday,Clouds,293.07,0.19,No,office,9,Medium,7
Monday,Haze,290.53,0.0,No,office,8,Medium,6
Sunday,Clear,297.69,0.0,No,office,11,Low,10
Sunday,Clear,312.84,0.0,No,office,11,Low,11
Sunday,Haze,293.74,0.0,No,mall,19,Medium,17
Sunday,Drizzle,293.91,0.48,No,station,7,Medium,5
Saturday,Clouds,303.01,0.11,No,market,18,Medium,16
Thursday,Haze,287.9,0.0,No,station,18,Medium,16
Tuesday,Clouds,293.22,0.13,No,market,10,Low,10
Wednesday,Clear,304.28,0.0,No,market,11,Low,11
Friday,Clear,309.57,0.0,No,mall,11,Low,11
Tuesday,Rain,301.51,1.92,Yes,office,8,High,5
Thursday,Clear,300.52,0.0,No,office,9,Medium,7
Friday,Haze,295.64,0.0,No,office,10,Medium,8
Tuesday,Rain,297.52,2.07,No,mall,17,Medium,15
Monday,Clouds,303.79,0.19,No,station,8,Medium,6
Monday,Clouds,298.55,0.16,No,office,8,Medium,6
Sunday,Clouds,306.99,0.09,No,office,12,Low,12
Wednesday,Clear,294.8,0.0,No,market,18,Medium,15
Thursday,Clouds,296.09,0.18,No,residential,8,Low,8
Monday,Fog,285.53,0.0,No,office,8,Medium,5
Friday,Clouds,295.77,0.09,No,office,8,Medium,6
Monday,Fog,283.88,0.0,No,mall,20,Medium,18
Thursday,Thunderstorm,291.03,1.54,No,station,17,High,14
Friday,Clouds,304.72,0.05,Yes,residential,18,Low,18
Monday,Clouds,293.26,0.04,No,residential,8,Low,8
Wednesday,Haze,293.34,0.0,Yes,office,8,Medium,6
Sunday,Clear,296.06,0.0,No,market,10,Low,10
Monday,Clear,307.45,0.0,No,market,19,Medium,17
Tuesday,Clear,298.63,0.0,No,station,18,Medium,15
Wednesday,Haze,292.91,0.0,No,market,19,Medium,17
Wednesday,Clouds,300.12,0.17,No,office,9,Medium,7
Tuesday,Clear,311.63,0.0,No,station,8,Medium,6
Wednesday,Fog,280.76,0.0,No,mall,20,Medium,17
Wednesday,Clouds,294.72,0.07,No,mall,21,Medium,20
Friday,Haze,290.76,0.0,No,office,8,Medium,6
Sunday,Haze,293.52,0.0,No,office,11,Low,11
Thursday,Clear,305.94,0.0,No,residential,19,Low,18
Sunday,Clouds,292.09,0.08,No,office,10,Low,10
Tuesday,Clear,296.67,0.0,Yes,office,9,Medium,7
Monday,Rain,292.91,2.16,No,market,11,Medium,8
Saturday,Clear,303.55,0.0,No,office,12,Low,12
Sunday,Clouds,295.45,0.13,No,residential,10,Low,9
Thursday,Clouds,292.26,0.15,No,market,19,Medium,17
Friday,Clouds,292.85,0.1,No,market,11,Low,11
Thursday,Clear,306.86,0.0,No,mall,19,Medium,17
Sunday,Fog,282.26,0.0,No,mall,13,Medium,11
Wednesday,Drizzle,293.84,0.98,No,office,9,Medium,6
Wednesday,Rain,296.55,1.96,No,office,10,High,7
Thursday,Clouds,292.91,0.09,No,residential,9,Low,9
Friday,Drizzle,291.52,0.81,No,market,18,Medium,15
Monday,Clouds,297.69,0.07,No,market,20,Medium,18
Thursday,Clear,305.62,0.0,No,office,8,Medium,6
Saturday,Haze,292.72,0.0,No,office,10,Medium,9
Monday,Clouds,299.02,0.0,No,office,9,Medium,7
Monday,Fog,291.49,0.0,No,market,20,Medium,17
Sunday,Rain,297.76,2.11,No,mall,17,High,14
Monday,Haze,293.83,0.0,No,office,9,Medium,7
Wednesday,Drizzle,298.03,0.99,No,station,6,Low,4
Thursday,Clear,293.32,0.0,No,mall,11,Low,10
Wednesday,Haze,285.88,0.0,No,office,10,Medium,8
Wednesday,Clouds,304.73,0.11,No,residential,19,Low,19
Thursday,Rain,285.7,1.35,No,mall,17,Medium,15
Monday,Clear,295.33,0.0,No,office,8,Medium,6
Saturday,Clear,309.9,0.0,Yes,station,6,Low,6
Friday,Fog,286.93,0.0,No,station,6,Low,4
Monday,Clouds,298.81,0.1,No,mall,21,Medium,20
Tuesday,Rain,300.98,2.19,No,office,8,High,5
Thursday,Clear,300.62,0.0,No,market,12,Low,12
Thursday,Clouds,291.85,0.18,No,mall,20,Medium,19
Saturday,Fog,287.33,0.0,No,office,11,Low,10
Sunday,Clear,307.32,0.0,No,market,19,Medium,17
Sunday,Haze,285.81,0.0,No,market,12,Medium,11
Thursday,Thunderstorm,289.9,1.28,No,station,6,Low,4
Wednesday,Clear,295.31,0.0,No,office,9,Medium,7
Tuesday,Rain,301.35,0.76,No,mall,12,Low,10
Monday,Clear,295.12,0.0,No,office,8,Medium,5
Wednesday,Clouds,295.22,0.18,No,market,20,Medium,17
Thursday,Haze,285.7,0.0,No,mall,17,Medium,16
Thursday,Rain,292.1,1.97,No,office,10,High,7
Tuesday,Drizzle,296.64,1.05,No,mall,13,Medium,11
Saturday,Clear,307.3,0.0,No,residential,7,Low,6
Tuesday,Rain,301.79,2.15,No,station,8,High,5
Friday,Clouds,302.19,0.02,No,station,8,Medium,5
Monday,Clouds,302.69,0.04,No,office,8,Medium,5
Friday,Rain,298.05,1.22,No,office,8,High,5
Monday,Haze,297.78,0.0,No,market,20,Medium,18
Wednesday,Clear,307.59,0.0,No,office,8,Medium,6
Friday,Clouds,295.55,0.17,No,market,11,Low,11
Wednesday,Thunderstorm,289.93,2.96,No,station,18,High,15
Tuesday,Clear,299.98,0.0,No,station,19,Medium,17
Sunday,Haze,296.75,0.0,No,market,18,Medium,16
Friday,Haze,295.15,0.0,No,residential,17,Medium,16
Saturday,Clear,297.66,0.0,No,residential,7,Low,6
Monday,Haze,292.71,0.0,Yes,residential,18,Medium,17
Saturday,Clouds,303.12,0.02,No,office,10,Low,10
Tuesday,Clear,294.47,0.0,No,mall,18,Medium,16
Saturday,Clear,308.52,0.0,No,station,8,Low,7
Saturday,Rain,298.94,1.53,No,mall,19,High,16
Monday,Clear,311.77,0.0,No,market,10,Low,10
Monday,Clear,293.3,0.0,No,residential,17,Low,16
Tuesday,Clouds,296.75,0.06,No,market,19,Medium,16
Thursday,Clouds,293.36,0.03,No,residential,9,Low,8
Wednesday,Clear,297.93,0.0,No,office,8,Medium,5
Wednesday,Rain,299.96,1.31,No,market,18,Medium,15
Tuesday,Clouds,305.22,0.03,No,station,7,Medium,4
Friday,Clouds,291.9,0.19,No,market,19,Medium,17
Saturday,Fog,284.78,0.0,No,market,20,Medium,17
Friday,Clear,299.21,0.0,Yes,market,20,Medium,18
Friday,Rain,289.98,1.99,No,office,10,High,7
Saturday,Clear,305.14,0.0,No,office,11,Low,11
Tuesday,Clouds,295.02,0.15,No,market,12,Low,12
Monday,Haze,294.78,0.0,No,office,9,Medium,6
Wednesday,Clouds,299.62,0.17,Yes,mall,18,Medium,16
Wednesday,Clouds,292.18,0.15,No,residential,19,Low,19
Tuesday,Rain,297.43,0.51,No,mall,17,Medium,15
Friday,Haze,298.77,0.0,No,market,11,Low,11
Wednesday,Haze,288.49,0.0,No,office,9,Medium,7
Monday,Rain,287.09,2.2,No,mall,21,Medium,19
Monday,Clear,297.12,0.0,No,mall,21,Medium,19
Monday,Haze,286.99,0.0,No,office,10,Medium,7
Thursday,Clouds,299.31,0.01,No,office,10,Medium,8
Wednesday,Clouds,301.84,0.1,No,residential,10,Low,10
Sunday,Clouds,303.11,0.2,No,market,12,Medium,11
Friday,Fog,281.79,0.0,No,mall,20,Medium,18
Wednesday,Haze,294.86,0.0,No,market,10,Medium,8
Friday,Clouds,292.6,0.14,No,residential,20,Low,20
Tuesday,Rain,285.8,1.5,No,mall,21,Medium,19
Monday,Haze,295.27,0.0,No,mall,12,Low,12
Sunday,Clear,310.22,0.0,No,market,18,Medium,15
Tuesday,Clear,311.1,0.0,No,residential,10,Low,9
Friday,Clear,293.57,0.0,No,market,12,Low,12
Monday,Fog,289.5,0.0,No,office,8,Medium,5
Tuesday,Clouds,304.74,0.03,No,mall,12,Low,11
Saturday,Haze,285.99,0.0,No,mall,17,Medium,15
Friday,Clear,306.4,0.0,No,mall,21,Medium,20
Sunday,Clear,302.28,0.0,No,office,10,Low,10
Saturday,Fog,285.56,0.0,No,market,17,Medium,14
Saturday,Rain,290.89,0.67,No,market,19,Medium,16
Tuesday,Clear,308.71,0.0,No,market,12,Low,11
Tuesday,Clouds,298.6,0.08,No,mall,19,Medium,17
Sunday,Clear,307.38,0.0,No,office,11,Low,10
Monday,Clear,311.73,0.0,No,mall,19,Medium,17
Monday,Haze,290.96,0.0,No,office,10,Medium,8
Monday,Clouds,304.72,0.13,No,market,12,Low,12
Friday,Clear,301.72,0.0,No,office,9,Medium,7
Tuesday,Clear,293.11,0.0,No,market,17,Medium,15
Monday,Clouds,293.68,0.18,No,mall,12,Low,12
Friday,Clouds,299.63,0.1,No,residential,9,Low,9
Thursday,Clouds,304.88,0.03,No,market,18,Medium,16
Monday,Clouds,296.15,0.08,Yes,residential,8,Low,8
Sunday,Haze,290.11,0.0,No,mall,21,Medium,18
Monday,Clear,306.72,0.0,No,residential,8,Low,8
Thursday,Rain,290.73,1.77,No,station,17,High,14
Tuesday,Fog,285.45,0.0,No,office,10,Medium,7
Monday,Haze,291.83,0.0,No,mall,21,Medium,20
Wednesday,Clouds,296.29,0.02,No,office,9,Medium,7
Wednesday,Haze,290.4,0.0,No,market,17,Medium,15
Wednesday,Clear,306.86,0.0,No,mall,19,Medium,18
Saturday,Clear,297.69,0.0,No,station,7,Low,7
Tuesday,Clear,304.86,0.0,No,mall,21,Medium,19
Wednesday,Clouds,295.36,0.14,No,office,9,Medium,7
Thursday,Clear,312.61,0.0,No,station,17,Medium,15
Friday,Clouds,305.97,0.19,No,station,8,Medium,6
Saturday,Fog,283.77,0.0,No,mall,17,Medium,14
Wednesday,Clear,301.36,0.0,No,residential,19,Low,18
Friday,Fog,283.1,0.0,No,office,9,Medium,6
Tuesday,Fog,287.98,0.0,No,office,9,Medium,6
Tuesday,Clouds,303.2,0.17,No,market,10,Low,9
Wednesday,Fog,292.29,0.0,No,mall,20,Medium,17
Saturday,Rain,288.96,2.16,No,residential,10,Medium,7
Wednesday,Clear,307.71,0.0,No,office,8,Medium,6
Tuesday,Fog,289.67,0.0,No,mall,12,Low,11
Sunday,Clear,307.71,0.0,No,office,11,Low,11
Wednesday,Clear,307.6,0.0,No,residential,20,Low,20
Tuesday,Clouds,294.78,0.09,No,residential,19,Low,19
Wednesday,Fog,287.99,0.0,No,market,17,Medium,14
Wednesday,Haze,299.07,0.0,No,mall,21,Medium,19
Monday,Clear,311.35,0.0,No,office,10,Medium,8
Wednesday,Drizzle,294.83,1.11,No,residential,7,Medium,5
Thursday,Clear,303.78,0.0,No,residential,18,Low,18
Sunday,Clouds,296.76,0.1,No,market,19,Medium,17
Monday,Drizzle,300.09,0.53,No,office,8,Medium,5
Saturday,Clear,298.45,0.0,No,station,8,Low,7
Sunday,Thunderstorm,290.79,1.67,No,mall,12,Medium,10
Thursday,Clear,312.79,0.0,No,mall,11,Low,10
Saturday,Clouds,303.37,0.19,No,office,10,Low,10
Friday,Clear,299.35,0.0,No,residential,7,Low,6
Thursday,Haze,294.08,0.0,No,mall,13,Low,12
Monday,Clear,305.62,0.0,No,station,7,Medium,5
Sunday,Clear,307.82,0.0,No,market,20,Medium,18
Friday,Rain,297.12,1.12,No,office,10,High,7
Tuesday,Clear,308.32,0.0,No,station,6,Low,5
Tuesday,Rain,289.75,2.16,No,station,6,Low,4
Wednesday,Rain,297.29,0.87,No,office,8,Medium,5
Tuesday,Clear,303.25,0.0,No,office,9,Medium,6
Tuesday,Fog,285.57,0.0,No,office,9,Medium,6
Friday,Haze,286.58,0.0,No,station,19,Medium,16
Monday,Fog,280.13,0.0,No,station,18,Medium,15
Sunday,Fog,285.86,0.0,No,market,10,Medium,8
Monday,Haze,296.63,0.0,No,office,8,Medium,5
Saturday,Haze,300.58,0.0,No,residential,19,Medium,17
Wednesday,Clouds,290.88,0.08,No,mall,18,Medium,16
Friday,Clouds,296.32,0.15,No,mall,17,Medium,15
Monday,Clouds,293.31,0.14,No,office,10,Medium,8
Thursday,Clear,310.25,0.0,No,market,17,Medium,15
Monday,Clouds,297.21,0.03,No,office,9,Medium,7
Tuesday,Drizzle,286.0,1.17,No,mall,18,Medium,15
Thursday,Thunderstorm,303.44,1.85,No,market,17,Medium,14
Friday,Clouds,300.97,0.16,No,office,10,Medium,7
Friday,Haze,285.12,0.0,No,residential,10,Medium,9
Tuesday,Clouds,290.44,0.14,No,residential,19,Low,19
Sunday,Clouds,303.36,0.06,No,market,17,Medium,14
Saturday,Clear,307.94,0.0,No,office,12,Low,12
Monday,Clear,296.47,0.0,No,mall,17,Medium,16
Monday,Clouds,295.2,0.05,No,office,8,Medium,6
Thursday,Clouds,302.56,0.13,No,market,12,Low,12
Friday,Clouds,292.47,0.13,No,office,9,Medium,6
Monday,Rain,301.44,0.6,No,station,7,Medium,4
Monday,Fog,289.02,0.0,No,office,10,Medium,7
Tuesday,Haze,298.41,0.0,No,residential,10,Medium,9
Friday,Haze,297.09,0.0,No,market,20,Medium,18
Tuesday,Clouds,303.92,0.11,No,office,8,Medium,5
Thursday,Clouds,292.09,0.09,No,market,11,Low,10
Sunday,Clouds,302.63,0.05,Yes,office,11,Low,11
Wednesday,Fog,284.04,0.0,No,station,7,Medium,4
Wednesday,Clear,296.94,0.0,No,mall,20,Medium,19
Tuesday,Fog,279.81,0.0,No,station,18,Medium,15
Sunday,Haze,287.96,0.0,Yes,office,12,Low,12
Wednesday,Rain,294.15,1.2,No,mall,21,Medium,19
Friday,Thunderstorm,287.77,2.3,No,mall,12,Medium,9
Thursday,Clear,293.66,0.0,No,market,18,Medium,15
Tuesday,Drizzle,288.1,0.32,No,residential,9,Medium,7
Monday,Clouds,293.19,0.07,No,station,19,Medium,17
Friday,Rain,297.82,0.64,No,office,10,Medium,7
Monday,Drizzle,288.74,0.67,No,office,9,Medium,6
Wednesday,Haze,293.37,0.0,Yes,office,9,Medium,6
Monday,Clear,297.53,0.0,No,station,19,Medium,17
Thursday,Clear,305.44,0.0,No,market,10,Low,9
Wednesday,Fog,292.66,0.0,No,residential,9,Medium,7
Friday,Rain,295.48,1.03,No,station,6,Low,4
Wednesday,Clear,309.73,0.0,No,residential,18,Low,18
Tuesday,Haze,291.27,0.0,No,mall,18,Medium,16
Thursday,Haze,292.3,0.0,No,station,18,Medium,16
Friday,Fog,280.18,0.0,No,office,9,Medium,6
Tuesday,Clouds,292.31,0.16,No,office,8,Medium,5
Saturday,Clouds,305.18,0.09,No,market,18,Medium,16
Saturday,Clear,304.08,0.0,No,office,11,Low,11
Monday,Clear,312.13,0.0,Yes,mall,12,Medium,11
Saturday,Haze,297.32,0.0,No,office,11,Low,11
Sunday,Rain,288.72,1.5,No,mall,19,High,16
Saturday,Drizzle,291.08,0.41,No,office,11,Low,10
Friday,Clear,294.68,0.0,No,residential,17,Low,17
Friday,Clouds,293.38,0.19,No,station,17,Medium,15
Tuesday,Clouds,295.94,0.13,No,residential,7,Low,7
Friday,Rain,288.55,2.04,No,office,9,High,6
Saturday,Clear,307.1,0.0,No,mall,21,Medium,19
Monday,Haze,294.25,0.0,No,market,10,Medium,9
Monday,Clouds,306.99,0.1,No,office,10,Medium,7
Monday,Clear,305.84,0.0,No,residential,10,Low,10
Wednesday,Clear,300.67,0.0,Yes,office,9,Medium,7
Friday,Haze,285.85,0.0,No,residential,9,Medium,8
Friday,Clear,305.27,0.0,No,residential,19,Low,19
Tuesday,Clouds,305.99,0.09,No,office,8,Medium,5
Monday,Haze,300.07,0.0,No,market,17,Medium,15
Tuesday,Clear,300.98,0.0,No,mall,21,Medium,20
Saturday,Rain,291.67,0.51,No,station,6,Low,5
Tuesday,Clouds,304.6,0.03,No,mall,12,Low,12
Sunday,Haze,298.76,0.0,No,office,11,Low,11
Saturday,Thunderstorm,297.5,2.67,No,market,10,Medium,8
Friday,Clouds,299.77,0.17,No,mall,21,Medium,20
Thursday,Clouds,293.84,0.03,No,station,8,Medium,6
Friday,Clear,308.81,0.0,No,mall,13,Low,12
Saturday,Clear,302.11,0.0,No,office,10,Low,10
Thursday,Clear,306.51,0.0,No,station,8,Medium,6
Monday,Clear,301.74,0.0,No,market,18,Medium,16
Tuesday,Fog,292.28,0.0,No,mall,12,Low,11
Thursday,Clear,298.26,0.0,No,station,7,Medium,5
Thursday,Clear,300.72,0.0,No,station,6,Low,5
Thursday,Rain,292.09,1.19,No,office,8,High,5
Wednesday,Rain,285.69,0.58,No,residential,18,Medium,16
Sunday,Clouds,295.57,0.17,No,residential,10,Low,10
Sunday,Clear,303.87,0.0,No,market,12,Medium,11
Wednesday,Drizzle,292.81,1.17,No,office,8,High,5
Thursday,Rain,299.96,2.17,No,market,10,Medium,8
Wednesday,Thunderstorm,301.28,2.91,No,market,19,Medium,16
Monday,Clear,302.08,0.0,Yes,residential,18,Low,17
Sunday,Rain,291.65,1.41,No,mall,13,Medium,11
Friday,Clear,311.62,0.0,No,office,9,Medium,6
Wednesday,Haze,285.73,0.0,No,residential,18,Medium,17
Tuesday,Clear,309.04,0.0,No,market,11,Low,10
Tuesday,Clouds,295.27,0.13,No,mall,18,Medium,16
Monday,Clouds,293.97,0.04,No,mall,13,Low,13
Friday,Clear,300.22,0.0,No,market,11,Low,11
Friday,Clear,295.19,0.0,No,office,9,Medium,7
Tuesday,Clear,299.13,0.0,No,mall,21,Medium,20
Wednesday,Fog,291.44,0.0,No,market,11,Low,9
Friday,Clouds,304.98,0.07,No,office,9,Medium,7
Friday,Haze,295.89,0.0,No,office,9,Medium,6
Tuesday,Clear,302.53,0.0,No,office,9,Medium,6
Monday,Clouds,298.25,0.11,No,mall,20,Medium,18
Monday,Clear,295.99,0.0,No,station,19,Medium,17
Thursday,Clear,310.96,0.0,No,office,9,Medium,7
Monday,Drizzle,289.55,0.75,Yes,station,18,High,15
Saturday,Clear,309.64,0.0,No,office,11,Low,11
Thursday,Clear,312.99,0.0,No,office,9,Medium,7
Saturday,Clouds,291.63,0.09,No,office,11,Low,10
Friday,Clouds,298.06,0.04,No,office,8,Medium,6
Monday,Clear,305.59,0.0,No,residential,10,Low,10
Thursday,Clouds,291.74,0.19,No,mall,19,Medium,18
Tuesday,Clouds,301.74,0.07,No,mall,18,Medium,17
Thursday,Clouds,306.25,0.09,No,market,17,Medium,14
Friday,Clear,298.14,0.0,No,market,18,Medium,16
Wednesday,Rain,297.13,2.16,No,residential,9,Medium,7
Saturday,Rain,298.39,1.73,No,residential,20,Medium,18
Wednesday,Clouds,290.04,0.07,No,office,8,Medium,6
Thursday,Clear,294.06,0.0,No,market,17,Medium,14
Tuesday,Clear,297.13,0.0,No,station,17,Medium,14
Thursday,Rain,287.48,1.6,No,mall,18,Medium,16
Thursday,Clouds,295.57,0.03,No,office,8,Medium,6
Tuesday,Rain,301.34,1.46,No,office,9,High,6
Saturday,Haze,297.95,0.0,No,office,12,Low,12
Monday,Rain,297.16,1.54,No,office,9,High,6
Monday,Haze,286.44,0.0,No,office,8,Medium,6
Monday,Clear,294.38,0.0,No,market,12,Low,12
Friday,Clear,293.99,0.0,No,mall,20,Medium,19
Friday,Clouds,290.72,0.03,No,station,7,Medium,5
Tuesday,Clouds,297.86,0.18,No,residential,10,Low,10
Sunday,Clouds,292.65,0.01,No,office,12,Low,11
Wednesday,Clouds,296.77,0.06,No,residential,20,Low,20
Sunday,Clouds,296.93,0.07,No,office,10,Low,10
Monday,Clear,294.43,0.0,No,office,8,Medium,5
Wednesday,Clear,299.03,0.0,No,office,9,Medium,7
Saturday,Fog,285.36,0.0,No,mall,19,Medium,16
Thursday,Clouds,292.16,0.03,No,station,7,Medium,5
Monday,Haze,299.91,0.0,No,market,12,Low,12
Wednesday,Fog,284.88,0.0,No,mall,18,Medium,15
Sunday,Clouds,302.12,0.2,No,market,19,Medium,17
Wednesday,Fog,284.81,0.0,No,station,17,Medium,14
Friday,Rain,287.76,2.01,No,office,8,High,5
Thursday,Clear,310.2,0.0,No,station,6,Low,5
Monday,Rain,286.68,2.16,No,office,9,High,6
Saturday,Fog,289.45,0.0,Yes,residential,19,Medium,17
Tuesday,Clear,293.73,0.0,No,station,6,Low,4
Thursday,Clouds,303.77,0.15,No,market,17,Medium,15
Thursday,Clear,301.45,0.0,No,market,10,Low,10
Sunday,Clear,300.11,0.0,No,market,17,Medium,15
Tuesday,Fog,288.88,0.0,No,market,20,Medium,17
Wednesday,Clear,307.06,0.0,No,residential,10,Low,10
Wednesday,Fog,285.12,0.0,No,office,10,Medium,7
Monday,Clear,298.68,0.0,No,office,8,Medium,6
Monday,Clouds,306.63,0.12,No,residential,19,Low,18
Friday,Clouds,300.31,0.04,No,mall,20,Medium,19
Sunday,Rain,295.67,0.99,No,station,6,Low,4
Tuesday,Drizzle,287.25,0.9,Yes,office,8,Medium,5
Tuesday,Clouds,305.52,0.1,No,mall,12,Low,12
Saturday,Clear,297.05,0.0,No,station,7,Low,7
Monday,Haze,291.53,0.0,No,market,18,Medium,15
Saturday,Rain,299.17,0.96,Yes,station,8,Medium,5
Tuesday,Clouds,304.42,0.02,No,office,9,Medium,7
Saturday,Drizzle,297.01,0.88,No,office,12,Low,11
Monday,Clouds,301.27,0.19,No,mall,21,Medium,20
Wednesday,Clouds,300.7,0.2,No,residential,7,Low,6
Thursday,Rain,290.09,0.93,No,residential,18,Medium,16
Tuesday,Clear,295.03,0.0,No,office,9,Medium,6
Monday,Fog,291.54,0.0,No,office,8,Medium,5
Friday,Rain,297.25,1.74,No,office,10,High,7
Tuesday,Fog,283.09,0.0,No,market,12,Low,11
Thursday,Haze,295.79,0.0,No,office,8,Medium,6
Friday,Clouds,293.73,0.08,No,station,19,Medium,17
Tuesday,Clear,306.84,0.0,No,mall,21,Medium,20
Tuesday,Clear,298.78,0.0,No,office,9,Medium,7
Wednesday,Clear,306.45,0.0,No,market,12,Low,11
Thursday,Clouds,303.82,0.2,No,mall,13,Low,13
Monday,Clear,296.05,0.0,No,office,10,Medium,7
Wednesday,Fog,286.52,0.0,No,station,7,Medium,4
Monday,Clouds,290.26,0.09,No,office,9,Medium,7
Saturday,Clear,299.83,0.0,No,residential,8,Low,8
Wednesday,Rain,289.07,1.52,Yes,office,9,High,6
Monday,Clouds,298.14,0.07,No,station,7,Medium,5
Tuesday,Clear,295.3,0.0,No,office,8,Medium,6
Monday,Clear,300.66,0.0,No,office,8,Medium,5
Tuesday,Clear,311.12,0.0,No,market,10,Low,10
Wednesday,Haze,300.79,0.0,No,residential,10,Medium,9
Monday,Clear,300.36,0.0,No,mall,20,Medium,19
Thursday,Thunderstorm,297.91,2.31,No,market,10,Medium,8
Tuesday,Haze,288.14,0.0,No,mall,20,Medium,18
Wednesday,Clear,310.63,0.0,No,office,9,Medium,7
Monday,Clear,303.3,0.0,No,station,8,Medium,6
Monday,Rain,293.7,1.05,No,mall,17,Medium,14
Friday,Haze,291.5,0.0,No,residential,17,Medium,15
Tuesday,Clouds,292.03,0.12,Yes,office,8,Medium,5
Tuesday,Clear,296.93,0.0,No,station,8,Medium,6
Wednesday,Clear,302.2,0.0,No,office,9,Medium,6
Saturday,Clear,302.95,0.0,Yes,office,11,Low,11
Friday,Clear,293.33,0.0,No,residential,17,Low,16
Sunday,Rain,292.03,1.01,No,residential,10,Medium,8
Friday,Drizzle,289.92,0.51,No,office,9,Medium,6
Thursday,Haze,291.94,0.0,No,mall,21,Medium,19
Wednesday,Clouds,298.73,0.14,Yes,market,11,Low,11
Friday,Clouds,303.17,0.15,No,office,8,Medium,6
Saturday,Clear,312.0,0.0,No,market,10,Low,9
Monday,Clear,305.06,0.0,No,residential,8,Low,8
Monday,Clouds,292.09,0.08,Yes,market,12,Medium,11
Thursday,Drizzle,288.25,0.23,No,residential,18,Medium,16
Saturday,Clouds,302.08,0.01,No,station,17,Low,17
Thursday,Haze,290.9,0.0,No,mall,12,Low,12
Monday,Clouds,290.78,0.11,No,mall,21,Medium,20
Wednesday,Rain,299.93,0.88,No,office,8,Medium,5
Friday,Fog,280.1,0.0,Yes,market,20,High,17
Tuesday,Clear,297.69,0.0,No,market,19,Medium,17
Thursday,Rain,286.66,1.67,No,market,19,Medium,16
Sunday,Clear,293.91,0.0,No,office,10,Low,10
Friday,Clouds,300.49,0.07,No,office,8,Medium,6
Sunday,Fog,285.57,0.0,No,residential,20,Medium,17
Thursday,Clouds,297.44,0.11,No,mall,21,Medium,19
Monday,Clear,304.86,0.0,No,residential,17,Low,16
Wednesday,Rain,291.41,1.28,No,office,9,High,6
Monday,Clear,306.52,0.0,No,office,10,Medium,8
Saturday,Clouds,301.95,0.03,No,residential,8,Low,8
Monday,Clouds,294.04,0.13,No,office,8,Medium,6
Saturday,Fog,280.06,0.0,No,residential,8,Medium,5
Thursday,Clear,299.75,0.0,Yes,office,8,Medium,5
Friday,Clear,298.65,0.0,No,office,9,Medium,7
Wednesday,Clear,304.17,0.0,No,market,18,Medium,16
Monday,Fog,280.56,0.0,No,residential,17,Medium,15
Friday,Rain,289.64,0.6,No,residential,19,Medium,17
Sunday,Haze,288.72,0.0,No,office,12,Low,12
Tuesday,Clouds,301.3,0.02,No,office,9,Medium,6
Sunday,Clear,298.36,0.0,No,office,12,Low,12
Wednesday,Clear,300.0,0.0,No,market,18,Medium,16
Tuesday,Clouds,303.39,0.06,No,mall,12,Low,12
Saturday,Clear,311.21,0.0,Yes,office,10,Low,10
Friday,Haze,300.04,0.0,No,station,18,Medium,16
Friday,Clouds,291.38,0.02,No,market,18,Medium,16
Tuesday,Fog,284.19,0.0,No,office,8,Medium,5
Thursday,Clear,298.41,0.0,Yes,mall,11,Low,11
Saturday,Clouds,303.81,0.08,No,residential,18,Low,17
Monday,Clouds,293.06,0.11,No,mall,20,Medium,19
Saturday,Drizzle,294.18,1.05,No,mall,21,High,18
Tuesday,Fog,283.87,0.0,No,residential,20,Medium,18
Wednesday,Clouds,293.14,0.1,No,station,19,Medium,17
Monday,Rain,287.94,1.57,No,office,9,High,6
Friday,Clear,304.34,0.0,No,office,9,Medium,7
Monday,Clear,304.59,0.0,No,mall,20,Medium,19
Friday,Clouds,298.94,0.15,No,station,18,Medium,16
Wednesday,Haze,286.43,0.0,No,office,8,Medium,6
Tuesday,Rain,286.2,0.51,No,mall,20,Medium,18
Wednesday,Fog,290.97,0.0,No,market,18,Medium,15
Friday,Clouds,292.15,0.06,No,station,18,Medium,16
Thursday,Haze,288.62,0.0,No,residential,19,Medium,18
Monday,Rain,290.25,1.79,No,mall,13,Medium,11
Friday,Haze,291.46,0.0,Yes,mall,17,High,14
Wednesday,Clouds,305.66,0.19,No,station,8,Medium,6
Saturday,Clear,301.78,0.0,No,office,12,Low,11
Wednesday,Clear,301.76,0.0,No,market,17,Medium,15
Friday,Clouds,294.25,0.14,No,residential,18,Low,18
Saturday,Fog,291.99,0.0,No,office,10,Medium,8
Saturday,Clouds,296.6,0.07,No,market,20,Medium,18
Monday,Clouds,297.78,0.07,No,mall,20,Medium,19
Sunday,Clear,302.88,0.0,Yes,market,11,Low,11
Friday,Fog,286.98,0.0,No,residential,10,Medium,8
Saturday,Clouds,304.81,0.03,No,station,7,Low,7
Wednesday,Thunderstorm,291.04,1.69,No,market,20,Medium,17
Thursday,Clear,301.62,0.0,No,market,17,Medium,15
Friday,Clear,295.9,0.0,No,market,11,Low,10
Thursday,Haze,285.05,0.0,No,office,8,Medium,6
Sunday,Clear,293.27,0.0,Yes,residential,10,Low,10
Thursday,Clouds,295.26,0.15,No,market,17,Medium,15
Monday,Clouds,302.51,0.03,No,office,9,Medium,6
Monday,Haze,294.77,0.0,No,market,20,Medium,18
Friday,Clear,296.86,0.0,No,mall,11,Low,11
Friday,Clouds,293.28,0.1,No,market,10,Low,10
Wednesday,Clear,307.01,0.0,No,mall,20,Medium,18
Friday,Clouds,302.06,0.06,No,mall,12,Low,12
Sunday,Clouds,291.69,0.17,No,market,19,Medium,16
Sunday,Haze,289.24,0.0,No,residential,8,Medium,7
Wednesday,Fog,285.61,0.0,No,office,9,Medium,6
Wednesday,Clouds,294.51,0.17,No,mall,19,Medium,17
Wednesday,Clouds,290.42,0.05,No,station,19,Medium,17
Thursday,Rain,286.37,1.99,Yes,office,9,High,6
Tuesday,Clear,312.7,0.0,No,residential,17,Low,17
Sunday,Clouds,295.3,0.11,No,office,11,Low,11
Friday,Clear,301.21,0.0,No,market,20,Medium,18
Tuesday,Clear,299.37,0.0,No,mall,11,Low,10
Friday,Drizzle,288.68,0.26,No,office,8,Medium,5
Saturday,Drizzle,291.81,0.62,No,residential,17,Medium,15
Monday,Drizzle,294.59,0.28,No,station,18,Medium,15
Wednesday,Clear,304.49,0.0,No,mall,21,Medium,20
Tuesday,Fog,281.28,0.0,No,market,17,Medium,14
Monday,Clear,303.53,0.0,No,office,10,Medium,8
Wednesday,Fog,283.17,0.0,No,office,8,Medium,5
Saturday,Haze,285.66,0.0,No,market,17,Medium,14
Saturday,Clear,310.69,0.0,No,mall,20,Medium,18
Tuesday,Rain,294.54,1.46,Yes,mall,13,High,10
Wednesday,Haze,296.34,0.0,No,office,8,Medium,6
Sunday,Clear,309.67,0.0,No,residential,9,Low,9
Thursday,Clear,302.31,0.0,No,residential,9,Low,9
Wednesday,Drizzle,291.82,0.75,No,mall,18,Medium,16
Tuesday,Clouds,292.66,0.13,No,station,8,Medium,6
Saturday,Rain,300.9,1.24,No,mall,21,High,18
Friday,Clouds,295.09,0.02,No,mall,19,Medium,18
Tuesday,Clear,303.76,0.0,No,mall,17,Medium,16
Monday,Haze,292.85,0.0,No,mall,13,Low,13
Monday,Clouds,294.09,0.2,No,residential,20,Low,20
Thursday,Clouds,297.56,0.08,No,mall,21,Medium,19
Friday,Clear,303.48,0.0,No,office,8,Medium,6
Thursday,Drizzle,299.12,0.87,No,market,17,Medium,14
Wednesday,Fog,281.45,0.0,Yes,market,12,Medium,10
Friday,Clouds,295.03,0.04,No,market,17,Medium,14
Tuesday,Clear,307.42,0.0,No,market,12,Low,12
Wednesday,Clear,294.43,0.0,No,office,8,Medium,6
Thursday,Haze,293.51,0.0,No,mall,21,Medium,19
Friday,Rain,289.31,1.92,No,mall,12,Medium,10
Thursday,Clouds,294.03,0.08,Yes,market,19,Medium,17
Wednesday,Clouds,291.32,0.03,No,market,11,Low,11
Wednesday,Fog,286.86,0.0,No,residential,18,Medium,16
Sunday,Clear,293.11,0.0,No,office,12,Low,12
Friday,Clear,306.05,0.0,No,mall,12,Low,12
Monday,Clouds,290.54,0.15,No,market,18,Medium,15
Sunday,Clouds,301.64,0.05,No,office,11,Low,11
Monday,Clear,295.55,0.0,No,office,10,Medium,8
Thursday,Clouds,299.86,0.15,No,market,11,Low,11
Wednesday,Clouds,296.63,0.1,No,mall,11,Low,11
Monday,Rain,293.68,1.79,No,station,17,High,14
Monday,Clear,295.87,0.0,No,residential,20,Low,19
Saturday,Clouds,306.62,0.15,No,residential,18,Low,17
Wednesday,Clear,303.49,0.0,No,market,18,Medium,15
Monday,Clouds,306.74,0.1,No,market,12,Low,11
Tuesday,Clouds,306.3,0.05,No,office,9,Medium,7
Friday,Clouds,292.94,0.06,No,residential,7,Low,7
Thursday,Clear,293.76,0.0,No,office,8,Medium,6
Wednesday,Haze,293.12,0.0,No,office,8,Medium,5
Thursday,Rain,297.16,1.64,No,office,9,High,6
Thursday,Rain,292.68,1.31,No,office,10,High,7
Friday,Drizzle,292.46,0.68,No,office,8,Medium,5
Thursday,Clouds,306.24,0.18,No,office,8,Medium,6
Sunday,Rain,301.82,0.74,No,office,10,Medium,8
Saturday,Clouds,305.12,0.05,No,office,12,Low,12
Thursday,Rain,289.72,1.08,No,office,9,High,6
Thursday,Clear,295.72,0.0,No,office,8,Medium,6
Monday,Drizzle,293.53,0.72,No,station,8,Medium,5
Friday,Clear,295.22,0.0,No,office,10,Medium,8
Wednesday,Rain,292.77,1.91,No,residential,20,Medium,18
Saturday,Rain,290.11,1.9,No,office,12,Medium,9
Monday,Clouds,302.83,0.2,No,office,8,Medium,5
Tuesday,Clear,300.74,0.0,No,residential,9,Low,8
Saturday,Drizzle,293.92,0.57,No,residential,17,Medium,15
Saturday,Clear,299.92,0.0,No,market,10,Low,9
Monday,Haze,292.58,0.0,Yes,office,8,Medium,6
Thursday,Clouds,293.13,0.15,No,office,8,Medium,5
Saturday,Drizzle,294.21,0.69,No,station,18,Medium,15
Sunday,Haze,294.11,0.0,No,station,19,Medium,17
Friday,Fog,279.04,0.0,No,market,18,Medium,15
Thursday,Clear,306.24,0.0,No,mall,18,Medium,17
Wednesday,Fog,281.41,0.0,No,office,9,Medium,6
Saturday,Clear,293.88,0.0,Yes,station,17,Medium,16
Tuesday,Clear,308.0,0.0,Yes,station,8,Medium,6
Thursday,Clouds,298.98,0.06,No,mall,11,Low,10
Monday,Clear,302.4,0.0,No,market,20,Medium,18
Saturday,Haze,286.59,0.0,No,market,18,Medium,15
Tuesday,Clouds,290.99,0.08,No,office,9,Medium,7
Wednesday,Clear,311.96,0.0,No,mall,11,Low,10
Monday,Clear,306.77,0.0,No,market,12,Low,12
Monday,Clear,302.26,0.0,No,market,11,Low,11
Sunday,Clear,311.15,0.0,No,residential,18,Low,17
Thursday,Clouds,295.1,0.11,No,office,9,Medium,6
Friday,Fog,284.76,0.0,No,station,19,Medium,16
Tuesday,Clear,293.1,0.0,No,market,12,Low,12
Saturday,Clear,301.95,0.0,No,office,11,Low,11
Monday,Clear,296.61,0.0,No,mall,13,Low,13
Tuesday,Haze,287.26,0.0,No,mall,13,Low,13
Tuesday,Clear,302.41,0.0,No,office,9,Medium,6
Thursday,Clear,306.97,0.0,Yes,mall,20,Medium,18
Saturday,Clouds,296.48,0.13,No,residential,8,Low,8
Thursday,Drizzle,293.62,0.78,No,residential,10,Medium,8
Wednesday,Drizzle,299.43,0.29,No,residential,19,Medium,17
Thursday,Haze,293.05,0.0,No,residential,7,Medium,6
Wednesday,Clear,311.58,0.0,No,office,8,Medium,6
Sunday,Clear,300.76,0.0,No,mall,18,Medium,16
Monday,Clear,300.34,0.0,No,residential,8,Low,8
Saturday,Clear,297.52,0.0,No,residential,17,Low,17
Sunday,Clouds,303.77,0.19,No,mall,12,Medium,11
Saturday,Clear,301.44,0.0,No,mall,11,Low,11
Wednesday,Clouds,291.41,0.09,No,market,20,Medium,18
Thursday,Haze,292.69,0.0,No,market,11,Low,11
Wednesday,Clouds,300.48,0.08,No,office,8,Medium,6
Wednesday,Clear,307.74,0.0,No,market,10,Low,10
Saturday,Clear,301.62,0.0,No,market,17,Medium,15
Monday,Thunderstorm,298.75,1.4,No,mall,17,Medium,15
Thursday,Clouds,296.87,0.13,No,residential,8,Low,7
Thursday,Haze,297.78,0.0,No,office,9,Medium,7
Friday,Clouds,304.06,0.11,No,office,8,Medium,6
Wednesday,Clear,296.96,0.0,No,mall,17,Medium,16
Friday,Clouds,296.9,0.2,No,market,20,Medium,18
Thursday,Clear,303.35,0.0,No,market,20,Medium,18
Sunday,Rain,300.19,1.92,No,station,7,Medium,4
Friday,Rain,298.77,1.25,No,office,9,High,6
Monday,Clear,312.15,0.0,No,residential,10,Low,10
Wednesday,Clouds,291.59,0.0,No,mall,21,Medium,20
Monday,Clouds,298.47,0.06,No,station,7,Medium,5
Monday,Clouds,300.86,0.0,No,residential,8,Low,8
Friday,Clear,294.18,0.0,No,market,10,Low,10
Friday,Clouds,294.34,0.0,No,office,10,Medium,8
Saturday,Clear,300.1,0.0,No,market,18,Medium,16
Thursday,Drizzle,290.0,0.45,No,mall,21,Medium,18
Sunday,Clouds,305.64,0.18,No,mall,12,Medium,11
Wednesday,Clear,300.94,0.0,No,residential,10,Low,9
Tuesday,Drizzle,287.56,0.72,No,station,19,Medium,16
Thursday,Rain,298.4,0.88,No,residential,7,Medium,5
Saturday,Clear,302.4,0.0,No,mall,20,Medium,17
Thursday,Clouds,301.62,0.12,No,office,9,Medium,7
Friday,Haze,295.8,0.0,No,station,17,Medium,14
Friday,Rain,298.45,2.07,No,mall,21,Medium,19
Saturday,Haze,299.55,0.0,No,mall,19,Medium,16
Tuesday,Clear,302.25,0.0,Yes,residential,7,Low,6
Thursday,Fog,282.29,0.0,No,office,8,Medium,5
Tuesday,Clear,306.29,0.0,No,market,19,Medium,16
Thursday,Clouds,297.59,0.13,No,mall,19,Medium,18
Tuesday,Clear,312.46,0.0,No,mall,19,Medium,18
Monday,Haze,293.22,0.0,No,office,8,Medium,6
Friday,Thunderstorm,303.71,2.55,No,mall,11,Medium,9
Wednesday,Clouds,300.51,0.04,No,market,20,Medium,18
Thursday,Haze,294.31,0.0,No,residential,20,Medium,19
Wednesday,Clouds,294.79,0.15,No,office,8,Medium,6
Thursday,Clear,303.92,0.0,No,mall,21,Medium,19
Thursday,Fog,281.22,0.0,No,office,9,Medium,6
Saturday,Clear,300.47,0.0,No,mall,18,Medium,16
Sunday,Drizzle,295.47,0.98,No,office,11,Low,9
Tuesday,Clouds,299.51,0.1,No,office,10,Medium,8
Monday,Clouds,291.05,0.14,No,office,9,Medium,6
Monday,Fog,289.02,0.0,No,office,9,Medium,6
Friday,Rain,299.73,1.44,No,office,8,High,5
Monday,Thunderstorm,296.9,1.8,No,office,8,High,5
Sunday,Clouds,295.02,0.19,No,mall,12,Medium,11
Sunday,Clouds,295.57,0.16,No,office,11,Low,11
Saturday,Clouds,291.27,0.16,No,station,8,Low,8
Wednesday,Clear,296.93,0.0,No,mall,17,Medium,15
Friday,Clear,301.93,0.0,No,mall,19,Medium,18
Wednesday,Rain,285.02,2.17,No,station,8,High,5
Tuesday,Rain,296.07,1.54,No,office,8,High,5
Thursday,Clear,299.18,0.0,No,residential,10,Low,10
Sunday,Clear,304.68,0.0,No,office,11,Low,11
Tuesday,Clear,298.31,0.0,No,station,18,Medium,16
Saturday,Drizzle,294.98,0.8,No,office,11,Low,9
Wednesday,Clear,302.12,0.0,Yes,market,11,Low,11
Thursday,Clouds,306.21,0.18,No,residential,9,Low,9
Sunday,Fog,289.26,0.0,No,office,11,Low,10
Friday,Thunderstorm,301.6,1.48,No,mall,12,Medium,10
Friday,Clouds,295.4,0.2,No,market,20,Medium,17
Wednesday,Clear,306.89,0.0,No,market,10,Low,10
Friday,Clear,303.22,0.0,No,station,19,Medium,17
Monday,Rain,297.89,0.69,No,office,8,Medium,5
Tuesday,Clouds,298.39,0.08,No,office,9,Medium,6
Monday,Clear,295.81,0.0,No,residential,8,Low,8
Tuesday,Clear,295.46,0.0,No,station,19,Medium,17
Tuesday,Clouds,292.85,0.15,No,station,7,Medium,5
Friday,Rain,285.37,0.96,No,station,19,Medium,16
Thursday,Haze,286.44,0.0,No,office,9,Medium,7
Thursday,Clear,306.01,0.0,No,residential,9,Low,8
Thursday,Clouds,296.38,0.12,Yes,market,10,Medium,8
Saturday,Drizzle,299.37,0.84,No,office,12,Low,11
Monday,Rain,301.29,0.93,No,market,11,Low,10
Wednesday,Clear,303.25,0.0,No,market,19,Medium,17
Tuesday,Drizzle,297.67,1.14,No,office,8,High,5
Wednesday,Clouds,301.84,0.09,No,office,9,Medium,7
Tuesday,Clouds,301.35,0.01,No,office,9,Medium,7
Friday,Clear,295.56,0.0,No,office,10,Medium,8
Friday,Fog,280.66,0.0,No,market,12,Low,11
Tuesday,Haze,294.66,0.0,No,office,10,Medium,8
Thursday,Clear,299.44,0.0,No,market,20,Medium,17
Wednesday,Clear,301.58,0.0,No,mall,11,Low,11
Tuesday,Clouds,292.12,0.12,No,residential,20,Low,19
Tuesday,Clouds,295.92,0.19,No,mall,13,Low,13
Monday,Clear,294.03,0.0,No,market,18,Medium,16
Thursday,Haze,298.66,0.0,No,office,9,Medium,7
Tuesday,Clouds,300.64,0.0,No,office,8,Medium,6
Friday,Haze,292.86,0.0,No,office,9,Medium,7
Friday,Clouds,306.31,0.0,No,mall,13,Low,13
Monday,Clear,304.95,0.0,No,residential,9,Low,9
Saturday,Drizzle,294.56,0.71,No,market,18,Medium,15
Friday,Rain,287.87,1.84,No,residential,17,Medium,15
Tuesday,Clouds,290.55,0.05,No,residential,20,Low,20
Thursday,Rain,294.22,0.75,No,market,10,Medium,8
Saturday,Clear,299.53,0.0,No,office,12,Low,12
Friday,Clouds,296.51,0.01,No,office,10,Medium,7
Sunday,Rain,286.75,1.25,No,office,11,Medium,9
Tuesday,Fog,282.47,0.0,No,office,10,Medium,7
Thursday,Clear,295.11,0.0,No,market,20,Medium,17
Thursday,Clear,297.59,0.0,No,residential,10,Low,9
Thursday,Clear,299.24,0.0,No,residential,20,Low,20
Saturday,Haze,299.36,0.0,No,market,18,Medium,16
Saturday,Clear,306.43,0.0,No,office,12,Low,12
Monday,Rain,297.61,1.7,No,station,18,High,15
Wednesday,Rain,295.61,0.69,No,office,8,Medium,5
Tuesday,Fog,280.21,0.0,No,office,9,Medium,6
Wednesday,Thunderstorm,298.03,2.33,No,market,10,Medium,8
Wednesday,Clear,311.03,0.0,No,office,9,Medium,7
Thursday,Haze,296.6,0.0,No,residential,8,Medium,7
Monday,Haze,291.77,0.0,No,office,9,Medium,7
Tuesday,Rain,285.39,1.8,Yes,office,9,High,6
Thursday,Rain,285.08,1.2,No,office,8,High,5
Tuesday,Clouds,303.14,0.19,No,office,8,Medium,6
Monday,Haze,292.79,0.0,No,mall,12,Low,12
Saturday,Haze,290.54,0.0,No,office,11,Low,10
Thursday,Rain,300.27,0.96,No,station,6,Low,4
Thursday,Drizzle,290.25,0.47,No,residential,7,Medium,5
Monday,Clear,305.26,0.0,No,office,10,Medium,8
Tuesday,Clear,302.41,0.0,No,station,7,Medium,5
Wednesday,Fog,290.7,0.0,No,mall,11,Low,10
Wednesday,Rain,294.64,1.61,No,office,10,High,7
Thursday,Clear,304.5,0.0,No,office,9,Medium,6
Wednesday,Haze,298.27,0.0,Yes,office,9,Medium,6
Wednesday,Clouds,296.02,0.07,No,market,12,Low,12
Monday,Clouds,302.19,0.05,No,mall,20,Medium,19
Tuesday,Rain,298.07,1.2,No,mall,12,Medium,10
Monday,Thunderstorm,298.99,2.34,No,residential,19,Medium,17
Thursday,Clear,305.55,0.0,No,office,8,Medium,5
Friday,Clear,311.35,0.0,No,office,8,Medium,6
Friday,Haze,287.65,0.0,No,market,18,Medium,15
Monday,Clouds,297.65,0.1,No,mall,12,Low,12
Tuesday,Clear,310.4,0.0,No,mall,11,Low,11
Thursday,Clouds,293.12,0.05,No,station,8,Medium,6
Friday,Clear,300.82,0.0,No,mall,19,Medium,18
Sunday,Haze,285.45,0.0,No,office,12,Low,12
Wednesday,Clear,304.43,0.0,No,station,8,Medium,6
Monday,Clear,311.07,0.0,No,office,9,Medium,7
Friday,Clear,311.01,0.0,No,station,19,Medium,16
Thursday,Clear,298.95,0.0,Yes,market,20,Medium,18
Monday,Clouds,300.09,0.0,No,station,8,Medium,6
Friday,Clear,308.14,0.0,No,office,8,Medium,5
Thursday,Clear,308.95,0.0,No,mall,19,Medium,18
Saturday,Clouds,302.99,0.08,No,residential,9,Low,9
Wednesday,Clear,312.95,0.0,No,station,6,Low,5
Saturday,Rain,288.47,1.85,No,mall,12,Medium,10
Wednesday,Rain,300.65,2.0,No,market,11,Medium,9
Tuesday,Haze,299.51,0.0,Yes,residential,9,Medium,8
Saturday,Clear,312.95,0.0,No,residential,7,Low,6
Friday,Clear,311.48,0.0,No,office,9,Medium,7
Tuesday,Clouds,295.02,0.1,No,office,8,Medium,5
Tuesday,Clouds,297.83,0.04,No,market,19,Medium,17
Thursday,Clear,298.75,0.0,No,station,7,Medium,5
Monday,Clouds,296.19,0.1,No,market,18,Medium,15
Wednesday,Fog,281.9,0.0,No,residential,10,Medium,8
Wednesday,Fog,279.65,0.0,Yes,station,19,High,16
Saturday,Rain,299.94,1.07,No,office,12,Medium,10
Saturday,Clear,295.08,0.0,No,station,8,Low,8
Tuesday,Clouds,302.13,0.12,No,market,10,Low,10
Thursday,Fog,291.99,0.0,No,station,17,Medium,14
Monday,Rain,286.74,0.71,No,office,9,Medium,6
Tuesday,Haze,286.95,0.0,No,mall,21,Medium,19
Wednesday,Clear,293.12,0.0,No,mall,13,Low,13
Tuesday,Drizzle,292.75,0.6,No,office,8,Medium,5
Sunday,Fog,290.94,0.0,No,residential,10,Medium,8
Saturday,Haze,287.56,0.0,Yes,residential,20,Medium,19
Tuesday,Clear,308.04,0.0,Yes,station,18,Medium,16
Friday,Clouds,294.36,0.01,No,mall,21,Medium,20
Friday,Clear,294.56,0.0,No,office,8,Medium,6
Monday,Clouds,290.82,0.07,No,residential,17,Low,17
Tuesday,Rain,294.09,1.18,No,mall,20,Medium,18
Tuesday,Clear,306.71,0.0,No,market,12,Low,11
Friday,Rain,300.4,1.75,Yes,market,11,Medium,9
Friday,Clouds,299.25,0.19,No,office,9,Medium,6
Thursday,Clouds,298.04,0.08,No,market,17,Medium,15
Sunday,Clouds,294.36,0.05,Yes,station,18,Medium,17
Wednesday,Clear,307.07,0.0,No,office,9,Medium,7
Sunday,Haze,292.45,0.0,No,mall,18,Medium,16
Thursday,Haze,289.27,0.0,No,office,8,Medium,6
Tuesday,Rain,294.11,1.39,No,market,19,Medium,16
Friday,Clear,312.41,0.0,No,market,19,Medium,17
Tuesday,Clear,307.86,0.0,No,residential,20,Low,20
Wednesday,Clear,308.79,0.0,No,office,8,Medium,6
Sunday,Fog,288.28,0.0,Yes,office,11,Low,10
Tuesday,Clear,307.8,0.0,No,residential,18,Low,18
Saturday,Clear,297.16,0.0,No,market,20,Medium,18
Saturday,Haze,295.68,0.0,Yes,market,17,High,14
Thursday,Haze,288.42,0.0,No,office,10,Medium,7
Tuesday,Drizzle,300.22,0.76,No,market,12,Low,11
Friday,Drizzle,294.24,0.36,No,market,18,Medium,15
Thursday,Clear,301.85,0.0,No,market,19,Medium,17
Thursday,Clear,293.74,0.0,No,station,8,Medium,6
Monday,Clear,312.38,0.0,No,office,9,Medium,6
Tuesday,Rain,296.47,1.99,No,mall,20,Medium,18
Saturday,Clear,300.25,0.0,No,market,12,Medium,11
Monday,Haze,292.24,0.0,No,market,12,Low,12
Monday,Clear,298.23,0.0,No,office,8,Medium,6
Friday,Clear,311.15,0.0,No,office,8,Medium,6
Thursday,Drizzle,300.39,1.08,No,office,8,High,5
Monday,Haze,287.97,0.0,No,residential,9,Medium,8
Friday,Rain,292.25,2.06,No,station,6,Low,4
Saturday,Clouds,299.02,0.14,No,station,19,Low,19
Wednesday,Clear,311.61,0.0,No,mall,18,Medium,16
Thursday,Clouds,296.96,0.07,No,mall,18,Medium,17
Thursday,Clear,300.28,0.0,No,market,11,Low,11
Monday,Haze,288.18,0.0,No,mall,18,Medium,16
Wednesday,Clouds,300.79,0.18,No,office,8,Medium,6
Tuesday,Clear,295.39,0.0,No,office,10,Medium,8
Sunday,Clear,310.79,0.0,No,mall,21,Medium,19
Sunday,Rain,300.93,1.75,No,office,11,Medium,9
Saturday,Clear,309.48,0.0,No,mall,11,Low,11
Monday,Fog,279.75,0.0,No,station,7,Medium,4
Friday,Rain,299.05,1.58,No,residential,9,Medium,6
Saturday,Clear,301.0,0.0,No,mall,11,Low,11
Thursday,Fog,279.45,0.0,No,office,9,Medium,6
Friday,Rain,298.01,1.23,No,mall,18,Medium,16
Friday,Clouds,294.43,0.03,Yes,office,8,Medium,6
Monday,Rain,285.08,2.11,No,residential,17,Medium,15
Thursday,Clear,298.25,0.0,No,mall,12,Low,12
Sunday,Fog,291.1,0.0,No,market,10,Medium,8
Thursday,Haze,289.93,0.0,No,mall,18,Medium,16
Sunday,Clouds,302.87,0.16,No,office,12,Low,12
Saturday,Drizzle,295.15,1.03,No,office,12,Medium,10
Sunday,Fog,279.47,0.0,Yes,office,12,Low,11
Friday,Rain,296.72,0.89,No,office,9,Medium,6
Wednesday,Clear,311.08,0.0,No,residential,8,Low,8
Friday,Clear,310.59,0.0,No,station,8,Medium,5
Saturday,Clouds,294.11,0.09,No,mall,12,Medium,10
Friday,Rain,288.5,1.25,No,mall,19,Medium,17
Wednesday,Clear,301.1,0.0,No,residential,8,Low,8
Sunday,Rain,287.0,1.39,No,office,10,Medium,8
Tuesday,Fog,281.86,0.0,No,residential,17,Medium,15
Monday,Haze,297.86,0.0,No,office,8,Medium,6
Friday,Haze,286.08,0.0,No,market,18,Medium,16
Monday,Haze,298.0,0.0,No,office,8,Medium,6
Sunday,Clear,304.76,0.0,No,residential,19,Low,19
Tuesday,Fog,281.42,0.0,No,mall,13,Low,12
Tuesday,Clear,312.37,0.0,No,market,19,Medium,17
Thursday,Clouds,302.45,0.08,No,mall,19,Medium,18
Tuesday,Clear,296.44,0.0,No,residential,20,Low,20
Thursday,Clear,301.11,0.0,No,market,19,Medium,17
Sunday,Clear,302.18,0.0,No,office,12,Low,12
Friday,Haze,300.62,0.0,No,market,18,Medium,15
Sunday,Fog,282.87,0.0,No,office,11,Low,9
Sunday,Clouds,299.68,0.13,No,market,10,Low,10
Wednesday,Clear,295.77,0.0,No,market,18,Medium,16
Sunday,Clear,306.84,0.0,No,office,12,Low,12
Thursday,Rain,292.78,0.59,No,office,9,Medium,6
Monday,Haze,287.67,0.0,No,office,9,Medium,7
Saturday,Clear,303.35,0.0,Yes,mall,13,Medium,12
Monday,Clouds,297.16,0.1,No,residential,20,Low,20
Thursday,Clear,305.19,0.0,No,mall,19,Medium,18
Monday,Clouds,290.35,0.16,No,mall,12,Low,12
Friday,Rain,288.87,1.34,No,station,19,High,16
Monday,Rain,293.77,1.45,No,office,9,High,6
Tuesday,Clouds,301.38,0.2,No,residential,17,Low,17
Monday,Clouds,304.58,0.08,No,mall,18,Medium,16
Monday,Fog,284.6,0.0,No,mall,12,Low,11
Tuesday,Fog,288.53,0.0,No,office,9,Medium,6
Wednesday,Clear,295.62,0.0,No,mall,18,Medium,17
Saturday,Rain,295.83,2.18,No,station,18,Medium,16
Tuesday,Haze,298.76,0.0,No,office,9,Medium,7
Thursday,Haze,293.39,0.0,No,mall,19,Medium,17
Saturday,Fog,289.52,0.0,No,market,11,Low,10
Wednesday,Clear,305.78,0.0,No,office,10,Medium,8
Sunday,Clouds,296.18,0.1,No,market,17,Medium,14
Sunday,Fog,289.29,0.0,No,station,19,Medium,17
Tuesday,Clouds,298.48,0.19,No,mall,17,Medium,16
Tuesday,Haze,300.37,0.0,No,market,19,Medium,17
Wednesday,Haze,292.34,0.0,No,residential,17,Medium,16
Wednesday,Clear,307.86,0.0,No,market,18,Medium,15
Thursday,Clouds,304.95,0.16,No,mall,18,Medium,17
Tuesday,Clear,295.32,0.0,No,office,9,Medium,7
Saturday,Clear,310.02,0.0,No,mall,11,Low,11
Monday,Clear,300.83,0.0,No,mall,19,Medium,18
Wednesday,Rain,292.71,1.02,No,mall,11,Medium,9
Friday,Haze,292.81,0.0,No,mall,12,Low,12
Tuesday,Thunderstorm,296.79,1.27,No,market,12,Medium,10
Sunday,Clear,295.41,0.0,No,office,10,Low,10
Friday,Haze,300.88,0.0,No,market,20,Medium,18
Monday,Drizzle,300.04,0.39,No,market,18,Medium,15
Monday,Fog,280.53,0.0,No,station,17,Medium,14
Friday,Clouds,298.75,0.17,No,office,9,Medium,7
Friday,Clouds,306.81,0.09,No,residential,18,Low,18
Friday,Clouds,300.57,0.03,No,office,9,Medium,6
Tuesday,Clouds,290.53,0.19,No,residential,7,Low,6
Sunday,Clouds,304.48,0.12,No,station,7,Low,7
Thursday,Haze,296.18,0.0,No,mall,21,Medium,19
Saturday,Rain,294.97,0.7,No,market,12,Medium,10
Monday,Clouds,306.52,0.06,No,office,8,Medium,6
Monday,Fog,286.36,0.0,No,office,10,Medium,7
Tuesday,Clear,307.63,0.0,No,office,8,Medium,6
Thursday,Clear,306.74,0.0,No,station,8,Medium,6
Thursday,Clear,294.38,0.0,No,station,19,Medium,17
Tuesday,Clouds,304.68,0.11,No,office,9,Medium,6
Friday,Clear,301.82,0.0,No,market,17,Medium,15
Wednesday,Drizzle,299.78,0.53,No,mall,18,Medium,16
Saturday,Clouds,299.15,0.05,No,market,18,Medium,15
Friday,Clear,306.9,0.0,No,residential,20,Low,19
Friday,Fog,285.72,0.0,No,residential,8,Medium,6
Wednesday,Clear,311.39,0.0,No,market,18,Medium,16
Monday,Clouds,301.95,0.11,No,office,8,Medium,6
Sunday,Fog,281.85,0.0,No,mall,13,Medium,11
Thursday,Clear,296.67,0.0,No,mall,11,Low,11
Thursday,Clear,312.46,0.0,No,office,8,Medium,6
Saturday,Clouds,306.46,0.15,No,office,12,Low,12
Wednesday,Haze,287.8,0.0,No,station,19,Medium,16
Saturday,Rain,286.29,1.03,No,market,17,High,14
Thursday,Clear,293.11,0.0,No,mall,18,Medium,17
Tuesday,Clear,300.52,0.0,No,mall,13,Low,13
Tuesday,Rain,301.19,2.05,No,market,20,Medium,17
Thursday,Clouds,291.3,0.19,No,residential,9,Low,8
Tuesday,Fog,280.56,0.0,No,market,19,Medium,16
Monday,Clear,307.19,0.0,No,station,17,Medium,15
Thursday,Clear,312.35,0.0,No,office,9,Medium,7
Tuesday,Rain,288.12,2.05,No,mall,13,Medium,11
Saturday,Clear,298.31,0.0,No,mall,13,Medium,12
Thursday,Clear,302.63,0.0,No,mall,12,Low,11
Wednesday,Clouds,290.44,0.19,No,market,17,Medium,15
Monday,Clouds,293.62,0.08,No,residential,20,Low,20
Thursday,Fog,289.31,0.0,No,office,8,Medium,5
Thursday,Haze,285.05,0.0,No,market,10,Medium,9
Sunday,Clear,303.26,0.0,Yes,market,12,Medium,11
Monday,Clear,306.67,0.0,No,station,18,Medium,16
Friday,Clear,302.24,0.0,No,office,8,Medium,5
Friday,Clouds,292.37,0.19,No,station,18,Medium,16
Monday,Haze,299.31,0.0,No,station,8,Medium,6
Saturday,Clear,298.38,0.0,No,office,11,Low,11
Sunday,Haze,292.25,0.0,No,residential,10,Medium,9
Wednesday,Drizzle,288.23,0.82,No,market,17,Medium,14
Thursday,Clear,294.61,0.0,No,residential,20,Low,20
Wednesday,Haze,289.78,0.0,No,office,9,Medium,7
Wednesday,Clear,312.26,0.0,No,mall,13,Low,12
Tuesday,Clear,305.69,0.0,No,office,9,Medium,7
Tuesday,Haze,299.61,0.0,No,residential,9,Medium,7
Wednesday,Fog,282.93,0.0,No,residential,18,Medium,16
Thursday,Clear,299.56,0.0,No,market,18,Medium,16
Monday,Rain,286.39,1.33,No,residential,18,Medium,15
Tuesday,Clouds,294.3,0.19,No,residential,7,Low,7
Tuesday,Clouds,300.31,0.02,No,residential,8,Low,8
Saturday,Rain,290.55,0.84,No,office,12,Low,11
Wednesday,Clear,296.59,0.0,No,residential,19,Low,18
Wednesday,Clear,302.45,0.0,No,mall,19,Medium,17
Sunday,Clouds,297.13,0.13,No,station,6,Low,6
Monday,Clear,299.05,0.0,No,residential,20,Low,20
Monday,Clear,302.23,0.0,No,residential,18,Low,17
Monday,Fog,286.73,0.0,No,office,9,Medium,6
Tuesday,Clouds,302.8,0.14,No,market,20,Medium,17
Friday,Fog,283.5,0.0,No,office,8,Medium,5
Wednesday,Clouds,306.05,0.08,No,station,19,Medium,17
Thursday,Clouds,303.73,0.03,Yes,market,11,Low,11
Tuesday,Clouds,302.95,0.06,No,office,8,Medium,5
Monday,Haze,294.03,0.0,No,station,17,Medium,15
Tuesday,Clouds,293.43,0.16,No,mall,17,Medium,16
Tuesday,Clouds,294.86,0.06,No,office,8,Medium,6
Thursday,Clear,293.16,0.0,No,station,19,Medium,16
Wednesday,Clouds,297.62,0.14,No,mall,18,Medium,17
Monday,Clear,293.39,0.0,No,market,10,Low,9
Wednesday,Clouds,298.64,0.1,No,market,17,Medium,15
Tuesday,Clouds,306.56,0.19,No,residential,8,Low,7
Wednesday,Fog,292.07,0.0,No,office,10,Medium,7
Friday,Clear,312.13,0.0,No,office,10,Medium,7
Wednesday,Drizzle,287.1,0.79,No,residential,9,Medium,6
Sunday,Clear,308.05,0.0,No,mall,18,Medium,16
Monday,Rain,285.76,1.25,No,residential,20,Medium,18
Tuesday,Clear,304.18,0.0,No,office,8,Medium,6
Thursday,Clouds,304.56,0.04,No,mall,21,Medium,20
Tuesday,Haze,289.36,0.0,No,market,20,Medium,18
Monday,Haze,298.44,0.0,No,mall,12,Low,12
Wednesday,Clouds,299.54,0.15,No,office,8,Medium,6
Sunday,Clouds,304.83,0.04,No,office,12,Low,11
Thursday,Clear,305.49,0.0,No,office,10,Medium,7
Tuesday,Haze,300.73,0.0,No,mall,19,Medium,18
Friday,Clear,306.53,0.0,No,residential,8,Low,8
Monday,Clouds,294.02,0.0,No,office,9,Medium,6
Wednesday,Clear,308.83,0.0,No,residential,20,Low,20
Sunday,Clear,295.96,0.0,No,mall,12,Medium,11
Monday,Clouds,301.33,0.0,No,residential,10,Low,10
Saturday,Rain,301.02,0.61,No,residential,7,Medium,5
Saturday,Clouds,298.25,0.09,No,office,11,Low,11
Saturday,Clear,296.51,0.0,No,residential,19,Low,19
Friday,Clouds,292.42,0.03,Yes,station,18,Medium,16
Saturday,Clouds,290.3,0.19,No,office,10,Low,10
Thursday,Haze,297.93,0.0,No,office,8,Medium,6
Wednesday,Clear,303.33,0.0,No,office,9,Medium,7
Wednesday,Drizzle,295.49,0.78,No,residential,10,Medium,8
Monday,Clear,299.08,0.0,No,market,19,Medium,17
Tuesday,Haze,292.15,0.0,No,office,8,Medium,6
Saturday,Clouds,297.82,0.15,No,mall,17,Medium,15
Monday,Rain,299.72,1.07,No,market,20,Medium,17
Tuesday,Rain,296.56,0.73,No,office,8,Medium,5
Monday,Clear,302.65,0.0,No,station,17,Medium,15
Tuesday,Drizzle,297.09,1.1,No,office,10,High,7
Friday,Clouds,304.36,0.16,No,office,10,Medium,8
Tuesday,Clear,308.27,0.0,No,office,8,Medium,6
Saturday,Rain,285.7,1.49,No,residential,10,Medium,8
Monday,Rain,291.87,1.0,No,residential,20,Medium,18
Wednesday,Clear,296.7,0.0,No,residential,9,Low,8
Thursday,Haze,298.46,0.0,No,mall,19,Medium,18
Sunday,Clouds,290.39,0.12,No,residential,20,Low,20
Monday,Clear,298.59,0.0,No,mall,21,Medium,20
Monday,Clear,303.18,0.0,No,mall,19,Medium,18
Thursday,Clear,293.44,0.0,No,mall,18,Medium,17
Friday,Clouds,293.75,0.04,Yes,mall,21,Medium,19
Thursday,Clouds,302.82,0.2,No,market,11,Low,11
Thursday,Clear,298.95,0.0,No,office,9,Medium,6
Friday,Clear,303.73,0.0,No,office,9,Medium,6
Saturday,Clear,309.21,0.0,No,mall,19,Medium,17
Wednesday,Clear,293.57,0.0,No,residential,20,Low,19
Friday,Drizzle,299.8,0.87,No,station,18,Medium,15
Thursday,Clouds,302.08,0.08,No,office,10,Medium,8
Thursday,Clear,294.57,0.0,No,mall,11,Low,11
Sunday,Clear,311.62,0.0,No,mall,12,Medium,11
Thursday,Rain,286.47,1.44,No,mall,20,Medium,18
Thursday,Rain,295.08,2.04,No,market,17,Medium,14
Saturday,Clouds,296.9,0.13,No,mall,12,Medium,11
Wednesday,Fog,284.65,0.0,No,mall,12,Low,10
Wednesday,Clear,308.28,0.0,No,office,9,Medium,7
Friday,Rain,290.06,1.26,No,market,18,Medium,15
Friday,Clouds,291.79,0.19,No,residential,9,Low,9
Monday,Haze,287.24,0.0,No,station,8,Medium,6
Saturday,Rain,293.65,1.46,No,market,11,Medium,9
Wednesday,Clear,312.41,0.0,No,market,20,Medium,18
Friday,Haze,289.48,0.0,No,office,8,Medium,6
Friday,Clouds,296.57,0.18,No,office,8,Medium,6
Friday,Clouds,304.46,0.07,No,residential,20,Low,20
Sunday,Clear,295.13,0.0,No,mall,17,Medium,15
Wednesday,Drizzle,294.66,0.7,No,station,6,Low,4
Tuesday,Drizzle,290.17,0.21,No,residential,7,Medium,4
Tuesday,Haze,298.38,0.0,No,station,6,Low,5
Thursday,Clouds,291.88,0.02,No,office,9,Medium,7
Friday,Fog,290.63,0.0,No,office,8,Medium,5
Friday,Rain,296.33,1.38,No,market,19,Medium,16
Monday,Fog,292.71,0.0,No,office,9,Medium,6
Monday,Fog,291.24,0.0,No,station,17,Medium,14
Wednesday,Clear,298.42,0.0,No,office,9,Medium,7
Friday,Clouds,295.05,0.03,No,residential,19,Low,19
Saturday,Clear,297.17,0.0,No,station,7,Low,7
Saturday,Haze,293.3,0.0,No,mall,11,Low,10
Saturday,Clear,297.58,0.0,No,station,8,Low,8
Tuesday,Clear,299.23,0.0,No,office,9,Medium,7
Tuesday,Clear,296.68,0.0,No,station,7,Medium,4
Sunday,Haze,285.12,0.0,No,office,11,Low,11
Thursday,Rain,290.77,2.0,No,office,9,High,6
Friday,Fog,290.89,0.0,No,office,8,Medium,5
Sunday,Fog,279.17,0.0,No,station,6,Low,5
Monday,Clear,306.56,0.0,No,station,6,Low,5
Thursday,Clouds,290.56,0.01,No,mall,17,Medium,15
Tuesday,Clouds,294.76,0.15,No,office,9,Medium,7
Thursday,Haze,294.69,0.0,No,market,12,Low,12
Saturday,Haze,299.34,0.0,No,office,10,Medium,9
Friday,Haze,292.97,0.0,No,office,8,Medium,6
Thursday,Clouds,291.51,0.13,No,market,11,Low,10
Monday,Clear,309.27,0.0,No,station,17,Medium,15
Thursday,Fog,284.31,0.0,No,office,9,Medium,6
Wednesday,Thunderstorm,298.34,1.23,No,market,19,Medium,16
Saturday,Clouds,294.59,0.1,No,station,17,Low,17
Sunday,Drizzle,299.37,0.66,No,mall,18,Medium,15
Monday,Drizzle,292.2,1.02,No,mall,18,Medium,16
Friday,Clear,306.85,0.0,No,mall,19,Medium,18
Saturday,Clouds,290.62,0.11,No,residential,17,Low,17
Friday,Clear,311.31,0.0,No,mall,13,Low,13
Friday,Clear,302.72,0.0,No,office,8,Medium,5
Thursday,Clouds,292.55,0.13,No,market,11,Low,11
Saturday,Rain,301.25,1.78,No,residential,10,Medium,8
Thursday,Clear,307.67,0.0,No,mall,17,Medium,15
Wednesday,Fog,285.27,0.0,No,office,9,Medium,6
Tuesday,Clouds,306.59,0.08,No,office,8,Medium,6
Friday,Fog,285.97,0.0,No,station,17,Medium,14
Thursday,Clear,295.28,0.0,No,market,19,Medium,16
Tuesday,Fog,280.08,0.0,No,market,12,Low,11
Friday,Haze,286.94,0.0,No,residential,18,Medium,16
Tuesday,Clear,310.88,0.0,No,mall,18,Medium,17
Wednesday,Clouds,295.59,0.17,No,station,7,Medium,5
Friday,Clear,297.72,0.0,No,office,8,Medium,6
Tuesday,Thunderstorm,287.63,1.62,No,office,10,High,7
Tuesday,Rain,301.38,1.42,No,office,8,High,5
Sunday,Clear,299.7,0.0,No,mall,17,Medium,15
Thursday,Clear,306.52,0.0,No,mall,11,Low,11
Saturday,Drizzle,290.83,0.87,No,mall,11,Low,9
Tuesday,Clear,310.05,0.0,No,market,18,Medium,16
Saturday,Clouds,300.59,0.02,No,mall,21,Medium,18
Tuesday,Haze,289.52,0.0,No,market,18,Medium,16
Monday,Clear,305.05,0.0,No,office,9,Medium,6
Monday,Clear,299.68,0.0,No,mall,21,Medium,20
Wednesday,Rain,294.07,0.6,No,office,10,Medium,7
Saturday,Clouds,296.35,0.06,No,mall,18,Medium,16
Friday,Clear,295.36,0.0,No,office,9,Medium,7
Thursday,Rain,295.71,1.19,Yes,station,18,High,15
Saturday,Clouds,303.35,0.11,No,mall,20,Medium,18
Tuesday,Rain,295.42,0.57,No,mall,19,Medium,17
Saturday,Clear,307.63,0.0,No,residential,10,Low,9
Sunday,Rain,298.49,0.99,No,residential,20,Medium,18
Saturday,Fog,279.12,0.0,No,residential,20,Medium,18
Wednesday,Clouds,299.26,0.09,No,residential,18,Low,18
Friday,Clear,299.53,0.0,No,office,9,Medium,6
Tuesday,Clouds,306.58,0.11,No,mall,17,Medium,16
Sunday,Rain,300.04,0.86,Yes,office,12,Low,11
Sunday,Clear,304.89,0.0,No,office,10,Low,10
Sunday,Clouds,305.95,0.15,No,office,12,Low,12
Sunday,Clear,308.44,0.0,No,office,10,Low,10
Friday,Haze,286.29,0.0,No,residential,18,Medium,17
Thursday,Clear,301.88,0.0,No,station,6,Low,5
Saturday,Clear,304.05,0.0,No,station,19,Low,18
Friday,Rain,286.37,0.88,No,residential,8,Medium,6
Tuesday,Clouds,295.31,0.05,No,station,18,Medium,15
Thursday,Clear,293.39,0.0,No,office,10,Medium,8
Thursday,Fog,289.46,0.0,No,market,17,Medium,14
Sunday,Fog,279.87,0.0,No,mall,18,Medium,15
Monday,Rain,292.15,2.04,No,office,9,High,6
Thursday,Clouds,306.25,0.12,No,residential,7,Low,7
Friday,Clear,311.62,0.0,No,station,18,Medium,15
Friday,Fog,286.32,0.0,No,residential,18,Medium,16
Monday,Thunderstorm,296.51,2.59,No,station,6,Low,4
Thursday,Haze,299.11,0.0,No,office,8,Medium,5
Tuesday,Clear,293.69,0.0,No,market,18,Medium,16
Tuesday,Clear,308.23,0.0,No,office,10,Medium,8
Wednesday,Clear,308.16,0.0,No,mall,13,Low,12
Thursday,Fog,279.61,0.0,No,residential,20,Medium,18
Thursday,Clear,294.32,0.0,No,residential,8,Low,8
Thursday,Haze,296.82,0.0,No,office,9,Medium,7
Sunday,Rain,285.48,1.77,No,office,11,Medium,9
Monday,Haze,288.25,0.0,Yes,office,10,Medium,7
Friday,Clear,294.32,0.0,No,mall,18,Medium,16
Friday,Haze,286.4,0.0,No,market,18,Medium,15
Thursday,Clouds,297.09,0.14,Yes,mall,13,Medium,12
Friday,Clear,294.87,0.0,No,mall,12,Low,12
Monday,Fog,281.1,0.0,No,market,18,Medium,15
Tuesday,Clear,301.27,0.0,No,mall,12,Low,12
Saturday,Rain,299.13,1.37,No,office,10,Medium,8
Thursday,Rain,289.66,1.46,No,mall,11,Medium,9
Thursday,Haze,286.39,0.0,No,residential,18,Medium,17
Sunday,Fog,285.71,0.0,No,office,10,Medium,7
Thursday,Rain,291.57,0.77,No,market,12,Low,11
Tuesday,Clear,306.04,0.0,No,office,8,Medium,6
Monday,Clear,295.84,0.0,No,mall,21,Medium,20
Thursday,Clouds,297.96,0.13,No,office,8,Medium,6
Wednesday,Drizzle,299.12,0.73,No,office,10,Medium,7
Saturday,Clear,297.5,0.0,No,office,11,Low,11
Saturday,Fog,288.07,0.0,No,office,10,Medium,8
Saturday,Clear,307.58,0.0,No,market,19,Medium,17
Friday,Clear,309.33,0.0,No,office,8,Medium,6
Friday,Clear,308.55,0.0,No,market,19,Medium,17
Friday,Clouds,304.53,0.09,No,station,7,Medium,5
Sunday,Fog,287.35,0.0,No,residential,7,Medium,5
Sunday,Fog,285.21,0.0,No,residential,17,Medium,15
Monday,Haze,288.27,0.0,No,market,20,Medium,18
Wednesday,Rain,286.01,0.77,No,market,12,Low,11
Wednesday,Fog,292.35,0.0,No,residential,17,Medium,15
Wednesday,Rain,301.25,1.76,No,mall,17,Medium,15
Thursday,Clear,295.27,0.0,No,residential,8,Low,8
Friday,Clouds,298.61,0.05,Yes,office,9,Medium,6
Saturday,Haze,291.74,0.0,Yes,market,20,High,17
Thursday,Fog,290.96,0.0,No,market,11,Low,10
Tuesday,Clear,294.91,0.0,No,residential,19,Low,19
Saturday,Rain,288.43,1.34,No,market,20,High,17
Monday,Clear,293.46,0.0,No,office,8,Medium,6
Monday,Clouds,302.05,0.17,No,office,8,Medium,6
Wednesday,Clear,302.46,0.0,No,residential,9,Low,9
Sunday,Clouds,300.97,0.2,No,residential,20,Low,20
Saturday,Clear,304.22,0.0,No,station,8,Low,8
Saturday,Haze,294.37,0.0,No,office,10,Medium,9
Monday,Clear,298.71,0.0,No,market,19,Medium,17
Thursday,Haze,298.74,0.0,No,residential,10,Medium,9
Wednesday,Fog,285.51,0.0,No,office,9,Medium,6
Saturday,Clear,298.79,0.0,No,office,12,Low,12
Thursday,Haze,293.26,0.0,No,mall,13,Low,13
Tuesday,Clear,298.26,0.0,No,mall,17,Medium,16
Thursday,Clear,295.13,0.0,No,office,8,Medium,6
Tuesday,Haze,285.2,0.0,No,office,8,Medium,5
Thursday,Rain,300.41,0.93,No,mall,12,Low,11
Tuesday,Clear,298.22,0.0,No,office,8,Medium,5
Sunday,Rain,287.51,0.89,No,station,6,Low,5
Sunday,Haze,294.3,0.0,No,office,11,Low,11
Thursday,Clear,302.69,0.0,No,market,20,Medium,18
Wednesday,Clear,309.29,0.0,No,office,10,Medium,8
Friday,Clear,297.19,0.0,No,residential,20,Low,20
Thursday,Clear,294.21,0.0,No,market,20,Medium,18
Saturday,Clear,296.2,0.0,No,office,12,Low,12
Thursday,Rain,287.81,1.73,No,office,10,High,7
Thursday,Fog,289.22,0.0,No,mall,18,Medium,16
Tuesday,Clouds,298.3,0.15,No,residential,9,Low,9
Thursday,Clouds,291.55,0.17,No,office,9,Medium,7
Friday,Clear,293.76,0.0,No,market,11,Low,11
Friday,Clear,300.02,0.0,No,station,6,Low,5
Wednesday,Clear,308.1,0.0,No,office,9,Medium,6
Tuesday,Rain,286.95,1.99,No,residential,8,Medium,5
Friday,Fog,291.81,0.0,No,station,6,Low,4
Friday,Haze,291.86,0.0,No,residential,10,Medium,9
Friday,Haze,293.2,0.0,No,residential,8,Medium,7
Friday,Haze,289.4,0.0,No,mall,19,Medium,18
Sunday,Rain,301.71,1.31,No,office,11,Medium,9
Wednesday,Clouds,306.11,0.1,No,market,11,Low,11
Wednesday,Haze,285.93,0.0,No,office,8,Medium,6
Saturday,Rain,291.67,0.75,Yes,office,12,Low,11
Wednesday,Clear,298.28,0.0,No,residential,20,Low,20
Wednesday,Drizzle,287.49,0.22,No,mall,19,Medium,17
Tuesday,Clouds,294.75,0.0,No,market,18,Medium,16
Tuesday,Rain,291.65,1.31,No,station,19,High,16
Wednesday,Rain,287.79,0.68,No,residential,18,Medium,16
Friday,Clouds,291.38,0.11,No,mall,20,Medium,19
Sunday,Clear,301.62,0.0,No,market,10,Low,9
Wednesday,Clear,307.73,0.0,No,office,8,Medium,5
Sunday,Clear,302.73,0.0,No,residential,8,Low,8
Friday,Drizzle,292.64,0.99,No,mall,17,Medium,14
Thursday,Clouds,292.56,0.16,No,residential,9,Low,8
Friday,Clear,293.77,0.0,No,office,9,Medium,7
Tuesday,Clouds,291.3,0.1,No,office,10,Medium,8
Saturday,Clear,303.07,0.0,No,office,10,Low,10
Friday,Clouds,297.44,0.07,No,office,10,Medium,8
Wednesday,Clear,299.0,0.0,No,residential,20,Low,20
Saturday,Clear,305.33,0.0,No,office,12,Low,12
Thursday,Fog,292.07,0.0,No,market,17,Medium,14
Saturday,Haze,294.75,0.0,Yes,market,19,High,16
Thursday,Clouds,306.84,0.08,No,market,18,Medium,15
Friday,Clear,300.5,0.0,No,mall,20,Medium,19
Monday,Clear,309.04,0.0,No,office,8,Medium,6
Tuesday,Clear,296.91,0.0,No,residential,17,Low,17
Monday,Rain,295.98,0.51,No,mall,13,Low,11
Thursday,Rain,300.64,1.62,No,station,17,High,14
Monday,Clouds,291.17,0.09,Yes,mall,19,Medium,17
Thursday,Clear,296.42,0.0,No,office,10,Medium,8
Tuesday,Drizzle,292.2,0.29,No,mall,12,Low,11
Thursday,Rain,291.03,1.35,Yes,mall,13,High,10
Thursday,Fog,281.46,0.0,No,residential,10,Medium,8
Monday,Clear,300.91,0.0,No,residential,8,Low,7
Wednesday,Clouds,297.55,0.18,No,office,10,Medium,8
Saturday,Drizzle,296.19,0.88,No,residential,17,Medium,15
Friday,Clouds,290.82,0.12,No,station,8,Medium,5
Friday,Drizzle,292.89,0.79,No,market,18,Medium,15
Monday,Haze,291.56,0.0,Yes,residential,8,Medium,7
Saturday,Clear,294.58,0.0,No,office,10,Low,9
Wednesday,Clear,296.2,0.0,Yes,mall,11,Low,11
Friday,Clear,296.34,0.0,No,mall,13,Low,13
Tuesday,Clear,312.85,0.0,No,office,9,Medium,6
Tuesday,Fog,291.52,0.0,No,residential,9,Medium,7
Sunday,Clouds,291.8,0.18,No,residential,7,Low,6
Wednesday,Haze,286.56,0.0,No,mall,19,Medium,18
Wednesday,Clouds,304.42,0.19,Yes,residential,10,Low,10
Wednesday,Clouds,306.54,0.03,No,mall,21,Medium,20
Friday,Rain,291.89,1.01,No,office,8,High,5
Sunday,Clouds,300.2,0.12,No,residential,17,Low,16
Thursday,Clear,304.32,0.0,No,market,18,Medium,15
Monday,Clear,294.92,0.0,No,office,10,Medium,7
Tuesday,Rain,291.54,1.41,No,residential,7,Medium,5
Thursday,Clear,305.89,0.0,No,office,10,Medium,7
Thursday,Drizzle,294.12,0.7,No,office,8,Medium,5
Tuesday,Thunderstorm,296.82,2.28,Yes,market,11,Medium,8
Friday,Clear,303.28,0.0,No,market,11,Low,11
Sunday,Clear,311.15,0.0,No,office,10,Low,9
Friday,Haze,286.97,0.0,Yes,residential,17,Medium,16
Friday,Drizzle,286.5,1.17,No,station,7,High,4
Wednesday,Drizzle,289.89,0.69,No,mall,17,Medium,15
Tuesday,Clear,298.69,0.0,No,office,8,Medium,5
Wednesday,Clear,307.04,0.0,No,market,17,Medium,15
Monday,Clouds,293.23,0.02,No,station,6,Low,5
Monday,Clear,302.47,0.0,No,residential,9,Low,8
Sunday,Clear,305.73,0.0,No,mall,11,Low,11
Monday,Clouds,294.61,0.17,No,mall,20,Medium,19
Tuesday,Rain,289.47,0.89,No,mall,21,Medium,18
Tuesday,Rain,300.89,1.87,No,market,20,Medium,17
Sunday,Clear,303.09,0.0,Yes,residential,9,Low,9
Monday,Rain,285.52,1.63,No,market,11,Medium,9
Tuesday,Drizzle,293.44,0.82,No,station,17,Medium,14
Monday,Clear,295.76,0.0,No,mall,18,Medium,17
Thursday,Clouds,295.71,0.11,No,residential,9,Low,9
Monday,Haze,287.47,0.0,No,station,6,Low,5
Sunday,Rain,298.86,1.82,No,market,18,High,15
Sunday,Clouds,290.94,0.2,No,market,11,Low,11
Sunday,Rain,286.79,1.68,No,market,11,Medium,9
Tuesday,Clear,309.19,0.0,No,mall,12,Low,12
Thursday,Clear,295.27,0.0,No,market,11,Low,11
Thursday,Clear,296.37,0.0,No,residential,8,Low,8
Thursday,Clouds,301.71,0.07,No,office,10,Medium,8
Saturday,Clouds,305.06,0.12,No,mall,18,Medium,16
Wednesday,Clouds,299.33,0.1,No,office,8,Medium,6
Thursday,Rain,298.05,1.94,No,market,20,Medium,17
Friday,Clouds,296.22,0.06,No,residential,7,Low,7
Monday,Clear,293.02,0.0,No,residential,7,Low,6
Thursday,Rain,290.61,0.53,No,office,10,Medium,7
Tuesday,Clouds,295.88,0.11,No,station,17,Medium,15
Tuesday,Drizzle,296.44,0.79,No,office,8,Medium,5
Monday,Clear,300.15,0.0,No,office,8,Medium,6
Friday,Clear,308.16,0.0,No,market,19,Medium,16
Tuesday,Haze,286.79,0.0,No,office,8,Medium,6
Tuesday,Fog,279.22,0.0,No,office,10,Medium,7
Friday,Clouds,299.08,0.18,No,office,8,Medium,6
Saturday,Clear,311.81,0.0,No,mall,21,Medium,19
Sunday,Drizzle,291.91,0.65,No,market,19,Medium,16
Monday,Drizzle,297.83,0.21,No,office,8,Medium,5
Monday,Clouds,297.22,0.14,No,office,10,Medium,8
Sunday,Clouds,294.66,0.07,Yes,market,11,Low,11
Thursday,Rain,293.99,1.24,No,office,8,High,5
Wednesday,Clouds,300.37,0.16,No,mall,18,Medium,17
Wednesday,Clear,298.64,0.0,No,office,8,Medium,5
Thursday,Rain,300.28,1.62,Yes,mall,12,High,9
Sunday,Fog,284.33,0.0,No,market,10,Medium,7
Saturday,Haze,292.62,0.0,No,office,12,Low,12
Tuesday,Clear,312.38,0.0,No,mall,17,Medium,16
Monday,Rain,297.48,0.9,No,market,18,Medium,15
Thursday,Rain,297.28,2.16,No,market,17,Medium,14
Tuesday,Clear,310.3,0.0,No,office,9,Medium,7
Thursday,Clear,299.12,0.0,Yes,residential,10,Low,9
Monday,Clouds,296.08,0.12,No,mall,18,Medium,16
Tuesday,Fog,284.69,0.0,No,mall,19,Medium,17
Wednesday,Fog,280.33,0.0,No,station,17,Medium,14
Thursday,Clear,299.78,0.0,No,residential,8,Low,8
Wednesday,Haze,289.32,0.0,No,mall,12,Low,12
Friday,Clear,298.77,0.0,No,office,8,Medium,5
Tuesday,Rain,285.93,1.19,No,office,8,High,5
Wednesday,Rain,301.52,0.52,No,office,9,Medium,6
Monday,Fog,281.94,0.0,No,office,9,Medium,6
Wednesday,Clear,302.45,0.0,No,market,20,Medium,18
Tuesday,Clear,303.2,0.0,No,market,12,Low,12
Tuesday,Haze,297.33,0.0,No,residential,20,Medium,19
Monday,Clouds,291.8,0.06,No,market,11,Low,10
Wednesday,Haze,298.3,0.0,No,residential,17,Medium,16
Friday,Clear,309.94,0.0,No,office,10,Medium,8
Friday,Clouds,298.03,0.2,No,office,8,Medium,5
Thursday,Clear,310.02,0.0,No,office,8,Medium,6
Sunday,Haze,295.06,0.0,No,mall,20,Medium,17
Saturday,Clear,298.26,0.0,No,office,10,Low,10
Thursday,Clouds,302.77,0.09,No,market,18,Medium,16
Wednesday,Rain,300.04,0.76,No,residential,9,Medium,6
Monday,Clouds,294.15,0.11,No,station,17,Medium,14
Thursday,Haze,300.0,0.0,No,mall,20,Medium,19
Wednesday,Clouds,290.33,0.07,No,station,7,Medium,4
Tuesday,Clear,309.34,0.0,Yes,residential,18,Low,18
Monday,Clear,308.89,0.0,Yes,market,20,Medium,17
Friday,Clouds,298.73,0.12,No,market,10,Low,10
Tuesday,Clear,303.53,0.0,No,residential,8,Low,8
Monday,Clear,295.21,0.0,No,mall,21,Medium,19
Wednesday,Clear,303.78,0.0,No,residential,7,Low,7
Thursday,Haze,294.7,0.0,No,market,12,Low,11
Saturday,Rain,293.2,0.69,No,residential,8,Medium,6
Sunday,Drizzle,298.05,0.94,Yes,residential,10,Medium,8
Thursday,Clouds,300.87,0.15,No,office,9,Medium,7
Tuesday,Clear,298.89,0.0,No,market,11,Low,10
Thursday,Clouds,296.73,0.15,No,market,20,Medium,18
Friday,Clouds,291.31,0.08,Yes,station,17,Medium,14
Tuesday,Clouds,304.44,0.08,No,office,9,Medium,7
Wednesday,Rain,299.72,0.98,No,residential,19,Medium,17
Monday,Fog,281.09,0.0,No,office,10,Medium,7
Sunday,Clear,309.48,0.0,No,station,7,Low,6
Thursday,Clouds,296.34,0.16,No,market,12,Low,11
Tuesday,Clear,304.64,0.0,No,mall,20,Medium,19
Tuesday,Rain,299.32,1.67,Yes,residential,17,Medium,14
Saturday,Clouds,305.14,0.07,No,office,11,Low,10
Tuesday,Haze,296.47,0.0,No,market,12,Low,11
Friday,Rain,286.43,1.6,No,residential,18,Medium,16
Saturday,Drizzle,289.23,1.1,No,market,20,High,17
Friday,Clouds,297.89,0.14,No,mall,21,Medium,19
Tuesday,Clouds,304.3,0.13,No,market,10,Low,10
Tuesday,Thunderstorm,296.76,2.28,No,residential,8,Medium,6
Monday,Clouds,293.71,0.16,No,market,12,Low,12
Wednesday,Clouds,305.07,0.16,No,office,8,Medium,5
Thursday,Rain,287.76,1.82,No,residential,19,Medium,17
Tuesday,Clouds,293.54,0.1,No,market,11,Low,10
Friday,Clouds,298.5,0.01,No,office,8,Medium,6
Monday,Clear,302.17,0.0,No,mall,21,Medium,19
Thursday,Rain,285.25,0.77,No,residential,20,Medium,18
Sunday,Fog,288.6,0.0,No,market,19,Medium,16
Tuesday,Clouds,290.02,0.13,No,office,8,Medium,6
Sunday,Clear,298.21,0.0,No,residential,10,Low,9
Thursday,Clear,296.03,0.0,No,market,18,Medium,16
Monday,Fog,287.74,0.0,No,mall,19,Medium,16
Tuesday,Clear,294.12,0.0,No,office,9,Medium,7
Tuesday,Clear,300.57,0.0,No,office,8,Medium,5
Saturday,Clear,309.69,0.0,No,office,11,Low,10
Friday,Clear,302.78,0.0,No,office,10,Medium,8
Monday,Clear,293.81,0.0,No,mall,12,Low,12
Thursday,Rain,295.27,1.42,No,station,17,High,14
Wednesday,Rain,292.17,1.19,No,mall,12,Medium,10
Sunday,Clouds,304.68,0.14,No,market,10,Low,10
Saturday,Clear,304.42,0.0,No,market,12,Medium,11
Thursday,Clear,298.89,0.0,No,office,10,Medium,8
Wednesday,Clouds,294.42,0.09,Yes,market,20,Medium,17
Thursday,Clear,298.7,0.0,No,market,11,Low,10
Saturday,Clear,312.24,0.0,No,mall,20,Medium,18
Tuesday,Clouds,293.07,0.07,No,station,7,Medium,4
Saturday,Clear,295.05,0.0,No,office,10,Low,10
Sunday,Haze,295.86,0.0,No,mall,20,Medium,18
Friday,Clear,303.48,0.0,No,market,18,Medium,16
Thursday,Clear,306.31,0.0,No,office,10,Medium,8
Thursday,Clear,295.58,0.0,No,office,8,Medium,6
Sunday,Fog,281.24,0.0,No,mall,11,Low,10
Friday,Clouds,296.99,0.18,No,mall,20,Medium,19
Monday,Fog,288.79,0.0,No,mall,19,Medium,17
Monday,Clouds,304.96,0.2,No,office,10,Medium,8
Monday,Haze,289.34,0.0,No,office,8,Medium,6
Monday,Rain,300.39,1.95,No,market,17,Medium,14
Friday,Clouds,296.54,0.14,No,office,10,Medium,7
Monday,Clear,309.07,0.0,No,office,10,Medium,8
Tuesday,Rain,297.04,0.79,No,office,8,Medium,5
Friday,Clear,305.77,0.0,No,office,8,Medium,6
Saturday,Clouds,305.61,0.04,No,mall,11,Low,11
Wednesday,Clear,294.19,0.0,No,office,9,Medium,7
Wednesday,Clouds,303.03,0.12,No,market,17,Medium,15
Thursday,Rain,297.62,0.77,Yes,office,9,Medium,6
Friday,Haze,297.1,0.0,No,market,19,Medium,17
Saturday,Fog,281.01,0.0,Yes,station,6,Low,5
Thursday,Fog,284.36,0.0,No,office,9,Medium,6
Tuesday,Clear,298.85,0.0,Yes,mall,13,Medium,12
Wednesday,Clear,303.99,0.0,No,office,10,Medium,8
Friday,Clear,307.19,0.0,No,station,18,Medium,16
Thursday,Rain,298.29,1.86,No,market,12,Medium,10
Friday,Haze,288.68,0.0,No,market,18,Medium,16
Monday,Clouds,298.83,0.16,No,residential,9,Low,8
Monday,Clear,295.81,0.0,No,station,19,Medium,16
Friday,Fog,279.1,0.0,No,mall,11,Low,9
Saturday,Clouds,292.67,0.09,No,market,18,Medium,16
Thursday,Clear,297.92,0.0,No,mall,19,Medium,18
Tuesday,Drizzle,289.39,1.06,No,residential,17,Medium,15
Tuesday,Rain,287.06,1.49,No,residential,18,Medium,16
Friday,Clear,300.46,0.0,No,office,9,Medium,7
Friday,Clouds,300.31,0.13,No,station,6,Low,5
Sunday,Clouds,299.1,0.05,No,station,19,Low,18
Tuesday,Clear,307.91,0.0,No,market,19,Medium,17
Tuesday,Clear,311.92,0.0,No,market,17,Medium,15
Friday,Clear,296.8,0.0,No,market,18,Medium,16
Saturday,Rain,296.28,0.7,No,market,10,Medium,8
Sunday,Clear,312.97,0.0,No,residential,20,Low,20
Monday,Rain,299.82,1.92,No,residential,8,Medium,6
Wednesday,Clouds,300.75,0.18,No,residential,7,Low,6
Tuesday,Clear,293.5,0.0,No,residential,9,Low,8
Monday,Clear,302.58,0.0,No,market,18,Medium,16
Tuesday,Rain,299.34,2.07,No,mall,18,Medium,16
Monday,Rain,299.03,1.33,No,market,19,Medium,16
Friday,Clouds,301.12,0.11,No,mall,17,Medium,16
Sunday,Rain,301.58,0.69,No,mall,19,Medium,16
Sunday,Haze,299.52,0.0,No,station,19,Medium,18
Tuesday,Clouds,292.1,0.12,No,mall,17,Medium,16
Friday,Clouds,292.68,0.01,No,mall,21,Medium,19
Saturday,Clear,309.92,0.0,No,mall,18,Medium,15
Tuesday,Clouds,293.71,0.12,No,office,9,Medium,7
Monday,Clouds,305.9,0.08,No,office,9,Medium,7
Sunday,Clouds,306.24,0.12,No,office,11,Low,11
Tuesday,Clouds,290.09,0.13,No,mall,20,Medium,19
Monday,Clear,306.02,0.0,No,residential,20,Low,20
Friday,Haze,297.96,0.0,No,station,6,Low,5
Wednesday,Clear,301.58,0.0,No,market,19,Medium,17
Monday,Clouds,305.03,0.05,No,market,10,Low,9
Friday,Clouds,295.65,0.11,No,station,19,Medium,17
Friday,Clear,305.88,0.0,No,office,9,Medium,7
Wednesday,Clouds,298.99,0.12,No,office,8,Medium,6
Wednesday,Clear,301.13,0.0,No,office,10,Medium,8
Saturday,Rain,300.1,0.51,No,office,11,Low,10
Tuesday,Clouds,299.75,0.03,No,office,8,Medium,6
Saturday,Clouds,294.21,0.16,No,office,12,Low,12
Monday,Clouds,300.9,0.02,No,office,8,Medium,5
Friday,Clear,312.54,0.0,No,market,17,Medium,15
Wednesday,Drizzle,292.06,0.72,No,market,19,Medium,16
Tuesday,Rain,299.08,1.05,No,market,17,Medium,14
Tuesday,Rain,288.53,0.87,Yes,market,20,High,17
Friday,Clouds,296.89,0.18,No,office,8,Medium,6
Wednesday,Clear,295.42,0.0,No,market,20,Medium,18
Thursday,Clear,295.72,0.0,No,office,8,Medium,6
Thursday,Clouds,302.47,0.06,No,market,10,Low,10
Wednesday,Clouds,298.39,0.13,No,mall,17,Medium,16
Friday,Haze,286.3,0.0,No,mall,21,Medium,20
Saturday,Clouds,292.81,0.03,No,mall,18,Medium,16
Wednesday,Clear,305.23,0.0,No,station,17,Medium,15
Thursday,Haze,291.09,0.0,No,station,6,Low,5
Thursday,Clear,308.72,0.0,No,mall,18,Medium,17
Monday,Thunderstorm,300.65,1.67,Yes,office,10,High,7
Wednesday,Haze,290.02,0.0,No,mall,18,Medium,16
Sunday,Rain,297.97,0.77,No,mall,20,Medium,17
Sunday,Clear,305.25,0.0,No,market,12,Medium,11
Thursday,Clouds,300.09,0.16,No,mall,21,Medium,20
Monday,Fog,279.59,0.0,No,office,8,Medium,5
Tuesday,Clear,310.3,0.0,No,office,8,Medium,6
Wednesday,Clear,295.21,0.0,No,market,17,Medium,14
Monday,Clear,302.86,0.0,No,office,9,Medium,6
Friday,Clear,302.95,0.0,No,mall,21,Medium,20
Tuesday,Clouds,305.81,0.06,No,market,19,Medium,17
Saturday,Clear,298.41,0.0,No,mall,19,Medium,17
Wednesday,Clouds,292.16,0.06,Yes,office,8,Medium,6
Thursday,Clouds,294.47,0.02,No,mall,11,Low,11
Friday,Clouds,301.51,0.12,No,mall,11,Low,10
Wednesday,Clear,312.13,0.0,No,mall,11,Low,11
Saturday,Clouds,295.65,0.07,No,office,11,Low,11
Sunday,Clear,293.92,0.0,No,residential,18,Low,18
Wednesday,Haze,290.67,0.0,No,market,10,Medium,9
Sunday,Rain,289.03,1.02,Yes,office,10,Medium,7
Wednesday,Haze,286.99,0.0,No,office,9,Medium,7
Monday,Clouds,296.47,0.04,Yes,residential,19,Low,19
Monday,Fog,286.27,0.0,No,office,9,Medium,6
Wednesday,Rain,295.79,0.86,No,mall,17,Medium,14
Saturday,Clear,295.49,0.0,No,station,7,Low,7
Wednesday,Drizzle,298.75,0.77,No,mall,21,Medium,19
Thursday,Rain,288.28,1.52,No,office,8,High,5
Monday,Fog,286.77,0.0,No,office,8,Medium,5
Tuesday,Rain,301.44,2.06,Yes,mall,17,High,14
Sunday,Drizzle,295.02,1.02,Yes,market,20,High,17
Thursday,Haze,291.66,0.0,No,station,6,Low,4
Thursday,Rain,300.95,1.24,Yes,mall,17,High,14
Tuesday,Clouds,303.4,0.12,Yes,residential,9,Low,9
Monday,Clear,300.53,0.0,No,office,10,Medium,8
Wednesday,Clear,299.33,0.0,No,office,9,Medium,6
Tuesday,Clear,311.28,0.0,No,mall,11,Low,11
Thursday,Rain,285.6,0.81,No,residential,9,Medium,7
Monday,Clear,306.13,0.0,No,station,18,Medium,15
Monday,Clouds,295.5,0.07,No,office,8,Medium,6
Monday,Rain,300.73,2.09,No,residential,20,Medium,18
Wednesday,Clear,301.24,0.0,No,mall,18,Medium,17
Saturday,Clear,303.03,0.0,Yes,residential,8,Low,8
Friday,Haze,288.25,0.0,No,mall,18,Medium,16
Tuesday,Haze,300.1,0.0,No,station,18,Medium,16
Monday,Clear,302.77,0.0,No,mall,17,Medium,16
Monday,Clear,300.16,0.0,No,market,17,Medium,15
Saturday,Clear,299.15,0.0,No,mall,18,Medium,16
Thursday,Rain,287.86,0.8,No,office,8,Medium,5
Saturday,Rain,291.61,1.18,No,mall,20,High,17
Friday,Clouds,295.03,0.02,No,mall,21,Medium,20
Thursday,Drizzle,288.63,0.99,No,office,9,Medium,6
Monday,Clear,307.83,0.0,No,market,12,Low,11
Thursday,Clear,302.6,0.0,No,residential,8,Low,7
Thursday,Haze,293.06,0.0,No,office,10,Medium,8
Thursday,Haze,296.01,0.0,No,mall,17,Medium,16
Monday,Clear,302.31,0.0,No,mall,19,Medium,18
Tuesday,Clouds,293.77,0.18,No,office,10,Medium,8
Saturday,Clouds,292.65,0.01,No,station,18,Low,18
Tuesday,Rain,298.7,1.0,No,station,17,High,14
Thursday,Clear,294.97,0.0,Yes,market,18,Medium,16
Monday,Drizzle,295.38,0.29,No,office,8,Medium,5
Sunday,Clear,308.96,0.0,No,residential,9,Low,8
Wednesday,Clear,297.74,0.0,No,mall,13,Low,13
Tuesday,Clear,307.4,0.0,No,residential,9,Low,9
Wednesday,Clouds,299.28,0.02,No,office,8,Medium,6
Sunday,Clear,294.08,0.0,No,residential,9,Low,9
Thursday,Clear,297.46,0.0,No,office,9,Medium,7
Friday,Rain,287.08,2.1,No,residential,18,Medium,16
Friday,Clouds,301.86,0.05,No,office,8,Medium,5
Wednesday,Fog,280.03,0.0,No,residential,18,Medium,16
Wednesday,Rain,287.47,1.45,No,residential,8,Medium,6
Friday,Clouds,291.58,0.19,No,mall,12,Low,12
Saturday,Clear,312.26,0.0,No,office,12,Low,12
Wednesday,Clouds,303.7,0.02,No,station,18,Medium,16
Saturday,Clear,299.67,0.0,No,office,12,Low,12
Thursday,Fog,290.26,0.0,No,market,18,Medium,15
Friday,Fog,284.57,0.0,No,office,9,Medium,6
Saturday,Clear,304.52,0.0,Yes,residential,19,Low,19
Monday,Drizzle,295.95,0.72,No,station,6,Low,4
Wednesday,Clouds,301.58,0.08,No,station,19,Medium,16
Saturday,Haze,293.42,0.0,No,mall,11,Low,10
Saturday,Clear,301.51,0.0,No,residential,18,Low,18
Sunday,Clear,303.32,0.0,No,station,8,Low,8
Saturday,Drizzle,290.33,0.9,No,office,11,Low,10
Wednesday,Clear,295.11,0.0,No,market,18,Medium,16
Monday,Thunderstorm,296.1,1.4,No,residential,20,Medium,18
Thursday,Haze,291.46,0.0,No,mall,18,Medium,17
Wednesday,Clouds,294.94,0.03,No,office,9,Medium,7
Friday,Haze,293.96,0.0,No,office,8,Medium,5
Thursday,Drizzle,298.2,0.84,No,mall,12,Low,11
Wednesday,Clouds,294.97,0.01,No,office,9,Medium,7
Saturday,Clear,308.21,0.0,No,station,7,Low,7
Monday,Fog,284.49,0.0,No,residential,17,Medium,15
Monday,Fog,284.91,0.0,No,mall,13,Low,12
Monday,Fog,288.95,0.0,No,market,18,Medium,15
Tuesday,Clouds,304.56,0.04,No,market,19,Medium,17
Wednesday,Clouds,297.87,0.19,No,office,8,Medium,6
Wednesday,Drizzle,289.61,0.52,No,residential,10,Medium,8
Wednesday,Rain,301.12,1.81,No,market,19,Medium,16
Friday,Clouds,298.78,0.17,No,residential,9,Low,9
Tuesday,Clouds,299.93,0.03,No,residential,19,Low,19
Sunday,Rain,299.8,0.86,No,station,17,Medium,15
Monday,Clear,296.33,0.0,No,market,17,Medium,15
Sunday,Clear,304.23,0.0,No,residential,20,Low,19
Monday,Rain,290.1,0.79,No,office,8,Medium,5
Monday,Haze,288.47,0.0,No,station,7,Medium,5
Saturday,Haze,289.22,0.0,Yes,station,17,Medium,16
Sunday,Clear,293.48,0.0,No,mall,18,Medium,16
Monday,Clear,303.9,0.0,No,market,20,Medium,18
Tuesday,Clear,303.82,0.0,No,station,6,Low,5
Saturday,Thunderstorm,292.87,2.58,No,station,19,Medium,17
Sunday,Clouds,306.99,0.02,No,residential,19,Low,19
Thursday,Clouds,297.47,0.11,No,residential,17,Low,17
Tuesday,Clear,299.69,0.0,No,residential,17,Low,17
Sunday,Thunderstorm,299.55,2.56,No,office,12,Medium,9
Wednesday,Rain,290.07,0.59,No,market,18,Medium,15
Friday,Clouds,291.42,0.09,Yes,station,8,Medium,6
Monday,Rain,286.79,1.67,Yes,residential,8,Medium,5
Tuesday,Drizzle,292.0,0.85,No,office,10,Medium,7
Friday,Clear,296.61,0.0,Yes,office,10,Medium,8
Wednesday,Clear,293.7,0.0,No,office,9,Medium,7
Tuesday,Fog,292.9,0.0,Yes,office,9,Medium,6
Friday,Clouds,292.52,0.11,No,market,19,Medium,17
Friday,Rain,297.91,2.04,No,mall,18,Medium,15
Friday,Clouds,290.63,0.18,No,office,10,Medium,7
Monday,Drizzle,296.97,0.68,No,office,9,Medium,6
Friday,Clear,295.96,0.0,No,residential,10,Low,10
Monday,Clear,306.12,0.0,No,office,9,Medium,7
Sunday,Haze,298.21,0.0,Yes,residential,17,Medium,16
Tuesday,Clouds,292.94,0.02,No,market,20,Medium,18
Monday,Haze,289.76,0.0,No,mall,20,Medium,19
Monday,Rain,297.92,1.22,No,office,9,High,6
Friday,Rain,297.0,1.11,No,office,10,High,7
Tuesday,Clouds,296.94,0.08,No,residential,18,Low,18
Saturday,Clear,311.41,0.0,No,office,10,Low,10
Wednesday,Haze,294.8,0.0,No,station,8,Medium,6
Thursday,Clouds,297.12,0.08,No,office,9,Medium,6
Wednesday,Drizzle,296.72,0.42,No,mall,18,Medium,16
Wednesday,Rain,288.61,1.01,No,residential,17,Medium,15
Wednesday,Clouds,301.93,0.17,No,market,19,Medium,17
Friday,Clouds,290.22,0.06,No,office,9,Medium,7
Sunday,Clear,303.04,0.0,No,office,10,Low,10
Wednesday,Clouds,290.97,0.12,No,office,9,Medium,7
Thursday,Clouds,290.56,0.06,No,mall,21,Medium,20
Friday,Clear,300.16,0.0,No,office,10,Medium,8
Monday,Thunderstorm,291.63,2.92,No,station,7,High,4
Sunday,Haze,299.24,0.0,No,office,12,Low,12
Friday,Clear,299.43,0.0,No,office,10,Medium,8
Monday,Clear,299.74,0.0,No,market,20,Medium,18
Thursday,Clear,306.89,0.0,No,office,9,Medium,6
Wednesday,Clouds,290.78,0.11,No,station,7,Medium,4
Friday,Clear,297.98,0.0,No,office,10,Medium,8
Thursday,Clear,309.53,0.0,No,mall,18,Medium,17
Wednesday,Haze,290.41,0.0,No,office,8,Medium,6
Saturday,Rain,291.94,1.35,No,office,11,Medium,9
Monday,Clear,300.5,0.0,No,office,8,Medium,6
Wednesday,Clear,304.68,0.0,No,market,12,Low,11
Tuesday,Clear,297.06,0.0,No,office,8,Medium,6
Sunday,Clear,298.1,0.0,No,station,7,Low,6
Friday,Clear,297.03,0.0,No,office,10,Medium,7
Sunday,Haze,300.27,0.0,No,office,10,Medium,8
Monday,Clouds,291.92,0.03,No,market,12,Low,12
Thursday,Clouds,300.52,0.09,No,office,9,Medium,6
Tuesday,Rain,288.21,0.9,No,office,8,Medium,5
Sunday,Clear,301.86,0.0,Yes,station,8,Medium,7
Friday,Clouds,299.1,0.07,No,mall,19,Medium,18
